"lemma","part_of_speech","dle_lemma","dle_url","is_model_verb","model_verbs"
"el","artículo","el","https://dle.rae.es/el#ESraxkH","",""
"de","preposición","de","https://dle.rae.es/de#BtFYznp","",""
"en","preposición","en","https://dle.rae.es/en#EuPaWdO","",""
"y","conjunción","y","https://dle.rae.es/y#c8HrfrV","",""
"a","preposición","a","https://dle.rae.es/a#003Ov93","",""
"un","artículo","un","https://dle.rae.es/uno#b6iKApr","",""
"que","relativo","que","https://dle.rae.es/que#UkbUarn","",""
"ser","verbo","ser","https://dle.rae.es/ser#Xe5Brrm","1",""
"se","pronombre personal","se","https://dle.rae.es/se#XNTSeAe","",""
"que","conjunción","que","https://dle.rae.es/que#UkbUarn","",""
"con","preposición","con","https://dle.rae.es/con#A5cH5M4","",""
"por","preposición","por","https://dle.rae.es/por#TgJ7yhD","",""
"suyo","posesivo","suyo","https://dle.rae.es/suyo#YqlzSAz","",""
"para","preposición","para","https://dle.rae.es/para#Rp1CuT2","",""
"no","adverbio","no","https://dle.rae.es/no#QXiSBq2","",""
"este","demonstrativo","este","https://dle.rae.es/este#GoDU5PI","",""
"como","conjunción","como","https://dle.rae.es/como#9xWxEd9","",""
"tener","verbo","tener","https://dle.rae.es/tener#ZT8sFSB","1",""
"estar","verbo","estar","https://dle.rae.es/estar#GnJiqdL","1",""
"más","adverbio","más","https://dle.rae.es/m%C3%A1s#OWErHxJ","",""
"poder","verbo","poder","https://dle.rae.es/poder#TU1KCfY","1",""
"hacer","verbo","hacer","https://dle.rae.es/hacer#Jwhmcap","1",""
"lo","pronombre personal","lo","https://dle.rae.es/lo#NWnohQu","",""
"todo","cuantificador","todo","https://dle.rae.es/todo#ZxVCoJq","",""
"año","sustantivo","año","https://dle.rae.es/a%C3%B1o#31Ws94D","",""
"o","conjunción","o","https://dle.rae.es/o#c8HrfrV","",""
"ese","demonstrativo","ese","https://dle.rae.es/ese#GOeWVLy","",""
"otro","cuantificador","otro","https://dle.rae.es/otro#RLQQxGn","",""
"pero","conjunción","pero","https://dle.rae.es/pero#Sh0TNnC","",""
"le","pronombre personal","le","https://dle.rae.es/le#N288QJ7","",""
"haber","verbo","haber","https://dle.rae.es/haber#Jv4Frsm","1",""
"entre","preposición","entre","https://dle.rae.es/entre#FkNx2AZ","",""
"también","adverbio","también","https://dle.rae.es/tambi%C3%A9n#Z2fyAuY","",""
"él","pronombre personal","él","https://dle.rae.es/%C3%A9l#ESsilCu","",""
"sobre","preposición","sobre","https://dle.rae.es/sobre#Y5lVqnD","",""
"decir","verbo","decir","https://dle.rae.es/decir#BxLriBU","1",""
"primero","numeral","primero","https://dle.rae.es/primero#UAztjAx","",""
"desde","preposición","desde","https://dle.rae.es/desde#Cmy8XSZ","",""
"uno","numeral","uno","https://dle.rae.es/uno#b6hEWeB","",""
"si","conjunción","si","https://dle.rae.es/si#XmM8PPL","",""
"dos","numeral","dos","https://dle.rae.es/dos#EA0Jc84","",""
"cuando","adverbio","cuando","https://dle.rae.es/cuando#BRprn7t","",""
"dar","verbo","dar","https://dle.rae.es/dar#BrtRK35","1",""
"nuevo","adjetivo","nuevo","https://dle.rae.es/nuevo#QhsYsNr","",""
"ir","verbo","ir","https://dle.rae.es/ir#M5ucdgy","1",""
"país","sustantivo","país","https://dle.rae.es/pa%C3%ADs#RT371RT","",""
"me","pronombre personal","me","https://dle.rae.es/me#OhaNBJs","",""
"muy","adverbio","muy","https://dle.rae.es/muy#QAgVTQ3","",""
"alguno","cuantificador","alguno","https://dle.rae.es/alguno#1oOa9Jk","",""
"parte","sustantivo","parte","https://dle.rae.es/parte#RzfwkpZ","",""
"porque","conjunción","porque","https://dle.rae.es/porque#ThtjSks","",""
"deber","verbo","deber","https://dle.rae.es/deber#Bu2rLyz","0",""
"mismo","cuantificador","mismo","https://dle.rae.es/mismo#POzAgFS","",""
"grande","adjetivo","grande","https://dle.rae.es/grande#JSEI1iN","",""
"sin","preposición","sin","https://dle.rae.es/sin#XwHtfb4","",""
"día","sustantivo","día","https://dle.rae.es/d%C3%ADa#DcsVyE1","",""
"nos","pronombre personal","nos","https://dle.rae.es/nos#QdQLrAb","",""
"mucho","cuantificador","mucho","https://dle.rae.es/mucho#PytaXRE","",""
"ya","adverbio","ya","https://dle.rae.es/ya#c8KthXc","",""
"ver","verbo","ver","https://dle.rae.es/ver#baOo6Gz","1",""
"hasta","preposición","hasta","https://dle.rae.es/hasta#K2iXUid","",""
"donde","adverbio","donde","https://dle.rae.es/donde#E8FfJ0i","",""
"vez","sustantivo","vez","https://dle.rae.es/vez#biPx6YF","",""
"persona","sustantivo","persona","https://dle.rae.es/persona#SjUIL8Z","",""
"quien","relativo","quien","https://dle.rae.es/quien#UpfJQop","",""
"nuestro","posesivo","nuestro","https://dle.rae.es/nuestro#Qhpp2r0","",""
"llegar","verbo","llegar","https://dle.rae.es/llegar#NV155vl","0",""
"tiempo","sustantivo","tiempo","https://dle.rae.es/tiempo#Zir6Ipf","",""
"último","adjetivo","último","https://dle.rae.es/%C3%BAltimo#b2MGGOS","",""
"pasar","verbo","pasar","https://dle.rae.es/pasar#S33P1kX","0",""
"gobierno","sustantivo","gobierno","https://dle.rae.es/gobierno#JHWWluC","",""
"durante","preposición","durante","https://dle.rae.es/durante#EHqoAYN","",""
"cada","cuantificador","cada","https://dle.rae.es/cada#6a9NObu","",""
"vida","sustantivo","vida","https://dle.rae.es/vida#blw7uSa","",""
"tres","numeral","tres","https://dle.rae.es/tres#aaxfyML","",""
"millón","sustantivo","millón","https://dle.rae.es/mill%C3%B3n#PG9g0pj","",""
"nacional","adjetivo","nacional","https://dle.rae.es/nacional#QBmYj6h","",""
"mayor","adjetivo","mayor","https://dle.rae.es/mayor#OfcJXRh","",""
"mundo","sustantivo","mundo","https://dle.rae.es/mundo#Q5etWXp","",""
"querer","verbo","querer","https://dle.rae.es/querer#UnvXEIb","1",""
"trabajo","sustantivo","trabajo","https://dle.rae.es/trabajo#aBuhX28","",""
"presidente","sustantivo","presidente","https://dle.rae.es/presidente#U6Yu3bh","",""
"seguir","verbo","seguir","https://dle.rae.es/seguir#XT8l8aE","0","pedir"
"encontrar","verbo","encontrar","https://dle.rae.es/encontrar#F91pW7R","0","contar"
"según","preposición","según","https://dle.rae.es/seg%C3%BAn#XTC2Xzt","",""
"llevar","verbo","llevar","https://dle.rae.es/llevar#NVdZd3s","0",""
"mío","posesivo","mío","https://dle.rae.es/m%C3%ADo#PLHnXR2","",""
"forma","sustantivo","forma","https://dle.rae.es/forma#IEvo12v","",""
"después","adverbio","después","https://dle.rae.es/despu%C3%A9s#DQBHjWr","",""
"grupo","sustantivo","grupo","https://dle.rae.es/grupo#JaoUQPQ","",""
"equipo","sustantivo","equipo","https://dle.rae.es/equipo#G09HIAP","",""
"bueno","adjetivo","bueno","https://dle.rae.es/bueno#6EawoZ6","",""
"qué","interrogativo","qué","https://dle.rae.es/qu%C3%A9#UkdF1CE","",""
"realizar","verbo","realizar","https://dle.rae.es/realizar#VHUV2Pi","0",""
"saber","verbo","saber","https://dle.rae.es/saber#WsvRvUO","1",""
"momento","sustantivo","momento","https://dle.rae.es/momento#Pbn1zcv","",""
"aunque","conjunción","aunque","https://dle.rae.es/aunque#4OhVnbA","",""
"hoy","adverbio","hoy","https://dle.rae.es/hoy#KiRLAuG","",""
"ahora","adverbio","ahora","https://dle.rae.es/ahora#1IKnuuy","",""
"partido","sustantivo","partido","https://dle.rae.es/partido#S0p77Fb","",""
"dejar","verbo","dejar","https://dle.rae.es/dejar#C5aUM2o","0",""
"ante","preposición","ante","https://dle.rae.es/ante#2lpQu7Z","",""
"mejor","adjetivo","mejor","https://dle.rae.es/mejor#OnhZjCP","",""
"caso","sustantivo","caso","https://dle.rae.es/caso#7pG16he","",""
"estado","sustantivo","estado","https://dle.rae.es/estado#GjqhajH","",""
"lugar","sustantivo","lugar","https://dle.rae.es/lugar#NgMEY5T","",""
"presentar","verbo","presentar","https://dle.rae.es/presentar#U67k94e","0",""
"social","adjetivo","social","https://dle.rae.es/social#YBny63i","",""
"así","adverbio","así","https://dle.rae.es/as%C3%AD#3zT41MT","",""
"punto","sustantivo","punto","https://dle.rae.es/punto#UgMIq14","",""
"mujer","sustantivo","mujer","https://dle.rae.es/mujer#Q1vMnRp","",""
"problema","sustantivo","problema","https://dle.rae.es/problema#UELp1NP","",""
"público","adjetivo","público","https://dle.rae.es/p%C3%BAblico#UYbbTs8","",""
"hora","sustantivo","hora","https://dle.rae.es/hora#KdzJ1hu","",""
"tratar","verbo","tratar","https://dle.rae.es/tratar#aX264Ov","0",""
"importante","adjetivo","importante","https://dle.rae.es/importante#L5YDmwE","",""
"contar","verbo","contar","https://dle.rae.es/contar#AU4bUpJ","1",""
"sistema","sustantivo","sistema","https://dle.rae.es/sistema#Y2AFX5s","",""
"contra","preposición","contra","https://dle.rae.es/contra#AWCzXfA","",""
"segundo","numeral","segundo","https://dle.rae.es/segundo#XTUS1jC","",""
"obra","sustantivo","obra","https://dle.rae.es/obra#QnrhaT6","",""
"antes","adverbio","antes","https://dle.rae.es/antes#2oDyn3W","",""
"mes","sustantivo","mes","https://dle.rae.es/mes#P1koJRU","",""
"permitir","verbo","permitir","https://dle.rae.es/permitir#SfueKr8","0",""
"además","adverbio","además","https://dle.rae.es/adem%C3%A1s#0ilf0VH","",""
"conocer","verbo","conocer","https://dle.rae.es/conocer#AMmujSR","0","agradecer"
"quedar","verbo","quedar","https://dle.rae.es/quedar#UloraJw","0",""
"poner","verbo","poner","https://dle.rae.es/poner#TdpEAZG","1",""
"empresa","sustantivo","empresa","https://dle.rae.es/empresa#EsuT8Fg","",""
"historia","sustantivo","historia","https://dle.rae.es/historia#KWv1mdi","",""
"ni","conjunción","ni","https://dle.rae.es/ni#QTWFGC3","",""
"sino","conjunción","sino","https://dle.rae.es/sino#XywriSz","",""
"medio","sustantivo","medio","https://dle.rae.es/medio#OlQ6yC8","",""
"explicar","verbo","explicar","https://dle.rae.es/explicar#HJbpHBZ","0",""
"proyecto","sustantivo","proyecto","https://dle.rae.es/proyecto#UV6hPaS","",""
"estudio","sustantivo","estudio","https://dle.rae.es/estudio#H1wXiTi","",""
"centro","sustantivo","centro","https://dle.rae.es/centro#8Gb7uJH","",""
"ciudad","sustantivo","ciudad","https://dle.rae.es/ciudad#9NXUyRH","",""
"político","adjetivo","político","https://dle.rae.es/pol%C3%ADtico#Ta2HMYR","",""
"cual","relativo","cual","https://dle.rae.es/cual#BRJtgeC","",""
"siempre","adverbio","siempre","https://dle.rae.es/siempre#XpgXJJL","",""
"niño","sustantivo","niño","https://dle.rae.es/ni%C3%B1o#QW5mMvv","",""
"cambio","sustantivo","cambio","https://dle.rae.es/cambio#6vurcOd","",""
"varios","cuantificador","varios","https://dle.rae.es/vario#bO1R2gT","",""
"semana","sustantivo","semana","https://dle.rae.es/semana#XV9JZTZ","",""
"propio","adjetivo","propio","https://dle.rae.es/propio#UOGLw3j","",""
"servicio","sustantivo","servicio","https://dle.rae.es/servicio#XhXvJqs","",""
"tras","preposición","tras","https://dle.rae.es/tras#aOnVELH","",""
"tipo","sustantivo","tipo","https://dle.rae.es/tipo#ZpMjpMC","",""
"cómo","adverbio","cómo","https://dle.rae.es/c%C3%B3mo#9xX6XpW","",""
"considerar","verbo","considerar","https://dle.rae.es/considerar#APmTJ4I","0",""
"bien","adverbio","bien","https://dle.rae.es/bien#5TkGdE0","",""
"manera","sustantivo","manera","https://dle.rae.es/manera#OB5pmz0","",""
"nivel","sustantivo","nivel","https://dle.rae.es/nivel#QXQuTmp","",""
"proceso","sustantivo","proceso","https://dle.rae.es/proceso#UFbxsxz","",""
"tomar","verbo","tomar","https://dle.rae.es/tomar#ZzcN8W0","0",""
"hablar","verbo","hablar","https://dle.rae.es/hablar#JvzNhyI","0",""
"general","adjetivo","general","https://dle.rae.es/general#J3mD89u","",""
"creer","verbo","creer","https://dle.rae.es/creer#BDrUtPH","0","leer"
"alto","adjetivo","alto","https://dle.rae.es/alto#27ieUu8","",""
"trabajar","verbo","trabajar","https://dle.rae.es/trabajar#aBpHmn0","0",""
"más","cuantificador","más","https://dle.rae.es/m%C3%A1s#OWErHxJ","",""
"mantener","verbo","mantener","https://dle.rae.es/mantener#OH45BSY","0","tener"
"director","sustantivo","director","https://dle.rae.es/director#Dr2pXbN","",""
"yo","pronombre personal","yo","https://dle.rae.es/yo#cCEHAgu","",""
"cuatro","numeral","cuatro","https://dle.rae.es/cuatro#BV2fIc4","",""
"asegurar","verbo","asegurar","https://dle.rae.es/asegurar#3wrkyXf","0",""
"hombre","sustantivo","hombre","https://dle.rae.es/hombre#KaXUUZz","",""
"vivir","verbo","vivir","https://dle.rae.es/vivir#byZS22V","0",""
"resultado","sustantivo","resultado","https://dle.rae.es/resultado#WFEiuh7","",""
"existir","verbo","existir","https://dle.rae.es/existir#HG4021Y","0",""
"recibir","verbo","recibir","https://dle.rae.es/recibir#VQtl8Xn","0",""
"cosa","sustantivo","cosa","https://dle.rae.es/cosa#B3yTydM","",""
"salud","sustantivo","salud","https://dle.rae.es/salud#X7MRZku","",""
"parecer","verbo","parecer","https://dle.rae.es/parecer#RuYJV1j","0","agradecer"
"señalar","verbo","señalar","https://dle.rae.es/se%C3%B1alar#XbqWuzX","0",""
"menos","adverbio","menos","https://dle.rae.es/menos#OuzZNmN","",""
"internacional","adjetivo","internacional","https://dle.rae.es/internacional#LvcJGq6","",""
"programa","sustantivo","programa","https://dle.rae.es/programa#UJPgYGO","",""
"ayer","adverbio","ayer","https://dle.rae.es/ayer#4c9npT2","",""
"llamar","verbo","llamar","https://dle.rae.es/llamar#NTReP1j","0",""
"próximo","adjetivo","próximo","https://dle.rae.es/pr%C3%B3ximo#UUvI491","",""
"situación","sustantivo","situación","https://dle.rae.es/situaci%C3%B3n#Y2tFDC0","",""
"casa","sustantivo","casa","https://dle.rae.es/casa#7lsKMtR","",""
"esperar","verbo","esperar","https://dle.rae.es/esperar#GYqGDs8","0",""
"salir","verbo","salir","https://dle.rae.es/salir#X42OtRP","1",""
"buscar","verbo","buscar","https://dle.rae.es/buscar#6LB1acb","0",""
"económico","adjetivo","económico","https://dle.rae.es/econ%C3%B3mico#ELZnO7D","",""
"investigación","sustantivo","investigación","https://dle.rae.es/investigaci%C3%B3n#M3YxV5t","",""
"tema","sustantivo","tema","https://dle.rae.es/tema#ZOke7eQ","",""
"lograr","verbo","lograr","https://dle.rae.es/lograr#NZjcj2x","0",""
"actividad","sustantivo","actividad","https://dle.rae.es/actividad#0chgoNb","",""
"zona","sustantivo","zona","https://dle.rae.es/zona#cShBTuB","",""
"ejemplo","sustantivo","ejemplo","https://dle.rae.es/ejemplo#ESQnNsE","",""
"luego","adverbio","luego","https://dle.rae.es/luego#Ng77N8B","",""
"desarrollo","sustantivo","desarrollo","https://dle.rae.es/desarrollo#CTzcOCM","",""
"ganar","verbo","ganar","https://dle.rae.es/ganar#Iq1PHKv","0",""
"información","sustantivo","información","https://dle.rae.es/informaci%C3%B3n#LXrOqrN","",""
"te","pronombre personal","te","https://dle.rae.es/te#ZHbtI24","",""
"volver","verbo","volver","https://dle.rae.es/volver#c33Avl1","0","mover"
"mostrar","verbo","mostrar","https://dle.rae.es/mostrar#PvGuUuK","0","contar"
"pensar","verbo","pensar","https://dle.rae.es/pensar#STY14i0","0","acertar"
"casi","adverbio","casi","https://dle.rae.es/casi#7oZxIaa","",""
"político","sustantivo","político","https://dle.rae.es/pol%C3%ADtico#Ta2HMYR","",""
"cuenta","sustantivo","cuenta","https://dle.rae.es/cuenta#BaAYElz","",""
"poco","cuantificador","poco","https://dle.rae.es/poco#TTT0e1l","",""
"derecho","sustantivo","derecho","https://dle.rae.es/derecho#CGv2o6x","",""
"gente","sustantivo","gente","https://dle.rae.es/gente#J63pTV1","",""
"principal","adjetivo","principal","https://dle.rae.es/principal#UBnRzW7","",""
"ley","sustantivo","ley","https://dle.rae.es/ley#NDJCjq8","",""
"aquel","demonstrativo","aquel","https://dle.rae.es/aquel#3M6wlMC","",""
"familia","sustantivo","familia","https://dle.rae.es/familia#HZnZiow","",""
"hecho","sustantivo","hecho","https://dle.rae.es/hecho#K4rxA9a","",""
"hijo","sustantivo","hijo","https://dle.rae.es/hijo#KOGiy39","",""
"tanto","adverbio","tanto","https://dle.rae.es/tanto#Z60aNMi","",""
"juego","sustantivo","juego","https://dle.rae.es/juego#MaS6XPk","",""
"producir","verbo","producir","https://dle.rae.es/producir#UH6ZGRL","0","conducir"
"humano","adjetivo","humano","https://dle.rae.es/humano#KncKsrP","",""
"sector","sustantivo","sector","https://dle.rae.es/sector#XPWJMeO","",""
"relación","sustantivo","relación","https://dle.rae.es/relaci%C3%B3n#VoYtQP9","",""
"libro","sustantivo","libro","https://dle.rae.es/libro#NG3ktc6","",""
"número","sustantivo","número","https://dle.rae.es/n%C3%BAmero#QiamBaG","",""
"fin","sustantivo","fin","https://dle.rae.es/fin#HxFMc9Z","",""
"venir","verbo","venir","https://dle.rae.es/venir#bXkUiz2","1",""
"posible","adjetivo","posible","https://dle.rae.es/posible#TnPFvOp","",""
"agua","sustantivo","agua","https://dle.rae.es/agua#1BKpQj3","",""
"final","sustantivo","final","https://dle.rae.es/final#HxHWWiv","",""
"solo","adverbio","solo","https://dle.rae.es/solo#YJBeprw","",""
"incluir","verbo","incluir","https://dle.rae.es/incluir#LFNhnwF","0","construir"
"entonces","adverbio","entonces","https://dle.rae.es/entonces#FivP8ug","",""
"comenzar","verbo","comenzar","https://dle.rae.es/comenzar#9vK3kMz","0","acertar"
"hacia","preposición","hacia","https://dle.rae.es/hacia#JxHUqK9","",""
"diferente","adjetivo","diferente","https://dle.rae.es/diferente#DjdC68Y","",""
"único","adjetivo","único","https://dle.rae.es/%C3%BAnico#b4z1aRM","",""
"aún","adverbio","aún","https://dle.rae.es/aun#4ObzbDY","",""
"mercado","sustantivo","mercado","https://dle.rae.es/mercado#OyRtG0r","",""
"mucho","adverbio","mucho","https://dle.rae.es/mucho#PytaXRE","",""
"jugar","verbo","jugar","https://dle.rae.es/jugar#MaeD6rF","1",""
"utilizar","verbo","utilizar","https://dle.rae.es/utilizar#bCiUayh","0",""
"ninguno","cuantificador","ninguno","https://dle.rae.es/ninguno#QVnWLXL","",""
"músico","sustantivo","músico","https://dle.rae.es/m%C3%BAsico#Q9MHl5m","",""
"ofrecer","verbo","ofrecer","https://dle.rae.es/ofrecer#QwAzBOh","0","agradecer"
"cinco","numeral","cinco","https://dle.rae.es/cinco#9Fa9fmv","",""
"convertir","verbo","convertir","https://dle.rae.es/convertir#Agvhx9z","0","sentir"
"medida","sustantivo","medida","https://dle.rae.es/medida#OlAN0dp","",""
"universidad","sustantivo","universidad","https://dle.rae.es/universidad#b6TOjV2","",""
"producto","sustantivo","producto","https://dle.rae.es/producto#UH9P99t","",""
"dentro","adverbio","dentro","https://dle.rae.es/dentro#CDuZpeI","",""
"espacio","sustantivo","espacio","https://dle.rae.es/espacio#GSlrtMv","",""
"sociedad","sustantivo","sociedad","https://dle.rae.es/sociedad#YCB6UHV","",""
"afirmar","verbo","afirmar","https://dle.rae.es/afirmar#0yae0UG","0",""
"perder","verbo","perder","https://dle.rae.es/perder#SYE8NhT","0","entender"
"crear","verbo","crear","https://dle.rae.es/crear#BD1roaf","0",""
"seguridad","sustantivo","seguridad","https://dle.rae.es/seguridad#XTrIaQd","",""
"recordar","verbo","recordar","https://dle.rae.es/recordar#VV3nlWy","0","contar"
"sí","adverbio","sí","https://dle.rae.es/s%C3%AD#XmQKxT2","",""
"largo","adjetivo","largo","https://dle.rae.es/largo#MwNMwao","",""
"uno","cuantificador","uno","https://dle.rae.es/uno#b6hEWeB","",""
"cualquiera","cuantificador","cualquiera","https://dle.rae.es/cualquiera#BRgGL9X","",""
"pequeño","adjetivo","pequeño","https://dle.rae.es/peque%C3%B1o#SWZumFm","",""
"dato","sustantivo","dato","https://dle.rae.es/dato#Bskzsq5","",""
"acción","sustantivo","acción","https://dle.rae.es/acci%C3%B3n#0KZwLbE","",""
"mano","sustantivo","mano","https://dle.rae.es/mano#OF9CzGo","",""
"sentir","verbo","sentir","https://dle.rae.es/sentir#XbV5cZG","1",""
"indicar","verbo","indicar","https://dle.rae.es/indicar#LNzMuUb","0",""
"pues","conjunción","pues","https://dle.rae.es/pues#UawHjxX","",""
"cuyo","relativo","cuyo","https://dle.rae.es/cuyo#Bnkxw0N","",""
"enfermedad","sustantivo","enfermedad","https://dle.rae.es/enfermedad#FHA3D3L","",""
"ambos","cuantificador","ambos","https://dle.rae.es/ambas#2ICIVc3","",""
"idea","sustantivo","idea","https://dle.rae.es/idea#KtN78ZO","",""
"condición","sustantivo","condición","https://dle.rae.es/condici%C3%B3n#ABisSB6","",""
"minuto","sustantivo","minuto","https://dle.rae.es/minuto#PL6TXXC","",""
"desarrollar","verbo","desarrollar","https://dle.rae.es/desarrollar#CTvYRBI","0",""
"incluso","adverbio","incluso","https://dle.rae.es/incluso#LFeJW6l","",""
"pedir","verbo","pedir","https://dle.rae.es/pedir#SJF1xVQ","1",""
"padre","sustantivo","padre","https://dle.rae.es/padre#RQfIvcj","",""
"necesario","adjetivo","necesario","https://dle.rae.es/necesario#QKLjAgy","",""
"nombre","sustantivo","nombre","https://dle.rae.es/nombre#QZupnf6","",""
"nunca","adverbio","nunca","https://dle.rae.es/nunca#QjAupww","",""
"objetivo","sustantivo","objetivo","https://dle.rae.es/objetivo#QmvS5XH","",""
"pasado","adjetivo","pasado","https://dle.rae.es/pasado#S2R3TKa","",""
"ministro","sustantivo","ministro","https://dle.rae.es/ministro#PK3Dvlo","",""
"valor","sustantivo","valor","https://dle.rae.es/valor#bJeLxWG","",""
"empezar","verbo","empezar","https://dle.rae.es/empezar#EprAXEv","0","acertar"
"decisión","sustantivo","decisión","https://dle.rae.es/decisi%C3%B3n#BxP6lay","",""
"educación","sustantivo","educación","https://dle.rae.es/educaci%C3%B3n#EO5CDdh","",""
"jugador","sustantivo","jugador","https://dle.rae.es/jugador#Madwrvz","",""
"riesgo","sustantivo","riesgo","https://dle.rae.es/riesgo#WT8tAMI","",""
"mayoría","sustantivo","mayoría","https://dle.rae.es/mayor%C3%ADa#OgHvXOA","",""
"escribir","verbo","escribir","https://dle.rae.es/escribir#GKCiBz2","0",""
"lado","sustantivo","lado","https://dle.rae.es/lado#Mmd4Xt5","",""
"película","sustantivo","película","https://dle.rae.es/pel%C3%ADcula#SOAkW1v","",""
"organización","sustantivo","organización","https://dle.rae.es/organizaci%C3%B3n#RBkqiJI","",""
"comunidad","sustantivo","comunidad","https://dle.rae.es/comunidad#A5NKSVv","",""
"arte","sustantivo","arte","https://dle.rae.es/arte#3q9w3lk","",""
"uso","sustantivo","uso","https://dle.rae.es/uso#bBV63BI","",""
"mientras","conjunción","mientras","https://dle.rae.es/mientras#PDk0ESX","",""
"realidad","sustantivo","realidad","https://dle.rae.es/realidad#VH7cofQ","",""
"sentido","sustantivo","sentido","https://dle.rae.es/sentido#XbL0DxO","",""
"población","sustantivo","población","https://dle.rae.es/poblaci%C3%B3n#TSMclLh","",""
"posibilidad","sustantivo","posibilidad","https://dle.rae.es/posibilidad#TnE0t3n","",""
"fuerza","sustantivo","fuerza","https://dle.rae.es/fuerza#IYwPBb3","",""
"poder","sustantivo","poder","https://dle.rae.es/poder#TU2nLT0","",""
"precio","sustantivo","precio","https://dle.rae.es/precio#TvdmYgx","",""
"recurso","sustantivo","recurso","https://dle.rae.es/recurso#VXlxWFW","",""
"destacar","verbo","destacar","https://dle.rae.es/destacar#DRw9M3C","0",""
"red","sustantivo","red","https://dle.rae.es/red#VXs6SD8","",""
"mundial","adjetivo","mundial","https://dle.rae.es/mundial#Q5KLp3n","",""
"dólar","sustantivo","dólar","https://dle.rae.es/d%C3%B3lar#E5EQppW","",""
"paso","sustantivo","paso","https://dle.rae.es/paso#S4wajTd","",""
"actual","adjetivo","actual","https://dle.rae.es/actual#0cuhZiL","",""
"abrir","verbo","abrir","https://dle.rae.es/abrir#0BIq0lQ","0",""
"distinto","adjetivo","distinto","https://dle.rae.es/distinto#Dyqjitr","",""
"efecto","sustantivo","efecto","https://dle.rae.es/efecto#EOoHYxJ","",""
"tercero","numeral","tercero","https://dle.rae.es/tercero#ZX6JZWO","",""
"cumplir","verbo","cumplir","https://dle.rae.es/cumplir#BfzDPj7","0",""
"paciente","sustantivo","paciente","https://dle.rae.es/paciente#RPix2Mn","",""
"autor","sustantivo","autor","https://dle.rae.es/autor#4UGeohY","",""
"producción","sustantivo","producción","https://dle.rae.es/producci%C3%B3n#UGzaxVf","",""
"área","sustantivo","área","https://dle.rae.es/%C3%A1rea#3UNKjcA","",""
"imagen","sustantivo","imagen","https://dle.rae.es/imagen#KzwDY4y","",""
"serie","sustantivo","serie","https://dle.rae.es/serie#XfDUOlU","",""
"muerte","sustantivo","muerte","https://dle.rae.es/muerte#Q0MaZUb","",""
"cultura","sustantivo","cultura","https://dle.rae.es/cultura#BetrEjX","",""
"plan","sustantivo","plan","https://dle.rae.es/plan#TIvEXgq","",""
"formar","verbo","formar","https://dle.rae.es/formar#IFIVvz0","0",""
"participar","verbo","participar","https://dle.rae.es/participar#S09ab8h","0",""
"joven","sustantivo","joven","https://dle.rae.es/joven#MXuvwX1","",""
"bajo","preposición","bajo","https://dle.rae.es/bajo#4oyrC6G","",""
"ciento","sustantivo","ciento","https://dle.rae.es/ciento#9BSfNqg","",""
"reconocer","verbo","reconocer","https://dle.rae.es/reconocer#VUKtSkp","0","agradecer"
"experiencia","sustantivo","experiencia","https://dle.rae.es/experiencia#HIeIZIn","",""
"calidad","sustantivo","calidad","https://dle.rae.es/calidad#6nVpk8P","",""
"interés","sustantivo","interés","https://dle.rae.es/inter%C3%A9s#LtgQXGl","",""
"evitar","verbo","evitar","https://dle.rae.es/evitar#H9nBW8F","0",""
"generar","verbo","generar","https://dle.rae.es/generar#J40Yv4a","0",""
"aquí","adverbio","aquí","https://dle.rae.es/aqu%C3%AD#3Mf7L5L","",""
"terminar","verbo","terminar","https://dle.rae.es/terminar#ZYwREwl","0",""
"necesitar","verbo","necesitar","https://dle.rae.es/necesitar#QKOYS1s","0",""
"cambiar","verbo","cambiar","https://dle.rae.es/cambiar#6vf6IVu","0","anunciar"
"acuerdo","sustantivo","acuerdo","https://dle.rae.es/acuerdo#0emgorl","",""
"palabra","sustantivo","palabra","https://dle.rae.es/palabra#RUl938s","",""
"noche","sustantivo","noche","https://dle.rae.es/noche#QYCkgqb","",""
"carrera","sustantivo","carrera","https://dle.rae.es/carrera#7gRETug","",""
"establecer","verbo","establecer","https://dle.rae.es/establecer#GilsITP","0","agradecer"
"autoridad","sustantivo","autoridad","https://dle.rae.es/autoridad#4UNmzWP","",""
"alcanzar","verbo","alcanzar","https://dle.rae.es/alcanzar#1cNAr5i","0",""
"artista","sustantivo","artista","https://dle.rae.es/artista#3ryMAo1","",""
"obtener","verbo","obtener","https://dle.rae.es/obtener#QpzpmTs","0","tener"
"cuerpo","sustantivo","cuerpo","https://dle.rae.es/cuerpo#BamJ7kx","",""
"decidir","verbo","decidir","https://dle.rae.es/decidir#BwLsxjt","0",""
"necesidad","sustantivo","necesidad","https://dle.rae.es/necesidad#QKN8J5J","",""
"especial","adjetivo","especial","https://dle.rae.es/especial#GWUElsN","",""
"ocurrir","verbo","ocurrir","https://dle.rae.es/ocurrir#Qu8oSco","0",""
"informar","verbo","informar","https://dle.rae.es/informar#LY5PzSO","0",""
"tecnología","sustantivo","tecnología","https://dle.rae.es/tecnolog%C3%ADa#ZJ2KRZZ","",""
"usar","verbo","usar","https://dle.rae.es/usar#bB9BIxa","0",""
"resultar","verbo","resultar","https://dle.rae.es/resultar#WFOpceQ","0",""
"seis","numeral","seis","https://dle.rae.es/seis#XTzTRyT","",""
"nosotros","pronombre personal","nosotros","https://dle.rae.es/nosotras#QdevQGP","",""
"control","sustantivo","control","https://dle.rae.es/control#AeYZ09V","",""
"actor","sustantivo","actor","https://dle.rae.es/actor#0coHE08","",""
"técnico","sustantivo","técnico","https://dle.rae.es/t%C3%A9cnico#ZIkyMDs","",""
"local","adjetivo","local","https://dle.rae.es/local#NXeWGhG","",""
"dirigir","verbo","dirigir","https://dle.rae.es/dirigir#DrN2G6M","0",""
"claro","adjetivo","claro","https://dle.rae.es/claro#9PhBhLd","",""
"afectar","verbo","afectar","https://dle.rae.es/afectar#0wAWT95","0",""
"ayudar","verbo","ayudar","https://dle.rae.es/ayudar#4cSgffR","0",""
"capacidad","sustantivo","capacidad","https://dle.rae.es/capacidad#7HZdnLt","",""
"siglo","sustantivo","siglo","https://dle.rae.es/siglo#Xr0ACdZ","",""
"modelo","sustantivo","modelo","https://dle.rae.es/modelo#PTk5Wk1","",""
"pueblo","sustantivo","pueblo","https://dle.rae.es/pueblo#UZpGOPN","",""
"anterior","adjetivo","anterior","https://dle.rae.es/anterior#2o4dB7m","",""
"región","sustantivo","región","https://dle.rae.es/regi%C3%B3n#VioIAfG","",""
"policía","sustantivo","policía","https://dle.rae.es/polic%C3%ADa#TWOnNm4","",""
"línea","sustantivo","línea","https://dle.rae.es/l%C3%ADnea#NMmmxZf","",""
"aparecer","verbo","aparecer","https://dle.rae.es/aparecer#35JaAMk","0","agradecer"
"premio","sustantivo","premio","https://dle.rae.es/premio#U1UcgqD","",""
"tierra","sustantivo","tierra","https://dle.rae.es/tierra#Zj5UJym","",""
"fondo","sustantivo","fondo","https://dle.rae.es/fondo#IBiSV3w","",""
"entender","verbo","entender","https://dle.rae.es/entender#Fgmrlt6","1",""
"entrar","verbo","entrar","https://dle.rae.es/entrar#FkLKqOW","0",""
"institución","sustantivo","institución","https://dle.rae.es/instituci%C3%B3n#LnOUwtU","",""
"atención","sustantivo","atención","https://dle.rae.es/atenci%C3%B3n#4CZgsSP","",""
"falta","sustantivo","falta","https://dle.rae.es/falta#HZKtGsK","",""
"propuesta","sustantivo","propuesta","https://dle.rae.es/propuesta#UOsGs7G","",""
"representar","verbo","representar","https://dle.rae.es/representar#W4bJCOY","0",""
"principio","sustantivo","principio","https://dle.rae.es/principio#UC5uxwk","",""
"compañía","sustantivo","compañía","https://dle.rae.es/compa%C3%B1%C3%ADa#9yn1qjd","",""
"capital","sustantivo","capital","https://dle.rae.es/capital#7K8odkF","",""
"edad","sustantivo","edad","https://dle.rae.es/edad#EN8xffh","",""
"base","sustantivo","base","https://dle.rae.es/base#5ASmP2Z","",""
"difícil","adjetivo","difícil","https://dle.rae.es/dif%C3%ADcil#DjoVnu9","",""
"español","adjetivo","español","https://dle.rae.es/espa%C3%B1ol#GUSX1EQ","",""
"cultural","adjetivo","cultural","https://dle.rae.es/cultural#BexWNU6","",""
"campo","sustantivo","campo","https://dle.rae.es/campo#711mEYU","",""
"economía","sustantivo","economía","https://dle.rae.es/econom%C3%ADa#ELVW605","",""
"encuentro","sustantivo","encuentro","https://dle.rae.es/encuentro#FAvLKfB","",""
"calle","sustantivo","calle","https://dle.rae.es/calle#6pegX8v","",""
"continuar","verbo","continuar","https://dle.rae.es/continuar#AVlj6Y4","0","actuar"
"prueba","sustantivo","prueba","https://dle.rae.es/prueba#UVZCH0c","",""
"apoyo","sustantivo","apoyo","https://dle.rae.es/apoyo#3HwlXFW","",""
"anunciar","verbo","anunciar","https://dle.rae.es/anunciar#30C6Foc","1",""
"función","sustantivo","función","https://dle.rae.es/funci%C3%B3n#IbQKTYT","",""
"fuente","sustantivo","fuente","https://dle.rae.es/fuente#IYZhVtl","",""
"amigo","sustantivo","amigo","https://dle.rae.es/amigo#2LsqDPa","",""
"razón","sustantivo","razón","https://dle.rae.es/raz%C3%B3n#VFaWIYq","",""
"elección","sustantivo","elección","https://dle.rae.es/elecci%C3%B3n#ETNnC6h","",""
"cine","sustantivo","cine","https://dle.rae.es/cine#9FsbsGu","",""
"ministerio","sustantivo","ministerio","https://dle.rae.es/ministerio#PJmhppq","",""
"comisión","sustantivo","comisión","https://dle.rae.es/comisi%C3%B3n#9wr1Sns","",""
"título","sustantivo","título","https://dle.rae.es/t%C3%ADtulo#Zu7EOGZ","",""
"conseguir","verbo","conseguir","https://dle.rae.es/conseguir#AOUKspW","0","pedir"
"diferencia","sustantivo","diferencia","https://dle.rae.es/diferencia#DjUR5ks","",""
"agregar","verbo","agregar","https://dle.rae.es/agregar#19KwvM2","0",""
"iniciar","verbo","iniciar","https://dle.rae.es/iniciar#LcKjRTa","0","anunciar"
"público","sustantivo","público","https://dle.rae.es/p%C3%BAblico#UYbbTs8","",""
"publicar","verbo","publicar","https://dle.rae.es/publicar#UYVs4Cj","0",""
"tanto","cuantificador","tanto","https://dle.rae.es/tanto#Z60aNMi","",""
"personaje","sustantivo","personaje","https://dle.rae.es/personaje#SjYCHmh","",""
"crisis","sustantivo","crisis","https://dle.rae.es/crisis#BHwUydm","",""
"presencia","sustantivo","presencia","https://dle.rae.es/presencia#U5mG8IL","",""
"pagar","verbo","pagar","https://dle.rae.es/pagar#RRsftEh","0",""
"fuerte","adjetivo","fuerte","https://dle.rae.es/fuerte#IYrH2Sk","",""
"tuyo","posesivo","tuyo","https://dle.rae.es/tuyo#azv2gJG","",""
"oportunidad","sustantivo","oportunidad","https://dle.rae.es/oportunidad#R6yLLNa","",""
"movimiento","sustantivo","movimiento","https://dle.rae.es/movimiento#Pxf8ZI5","",""
"cerca","adverbio","cerca","https://dle.rae.es/cerca#8J1pn48","",""
"miembro","sustantivo","miembro","https://dle.rae.es/miembro#PDfN5jE","",""
"cargo","sustantivo","cargo","https://dle.rae.es/cargo#7XM2bVS","",""
"teatro","sustantivo","teatro","https://dle.rae.es/teatro#ZHuBJMR","",""
"tratamiento","sustantivo","tratamiento","https://dle.rae.es/tratamiento#aWzrvDX","",""
"mejorar","verbo","mejorar","https://dle.rae.es/mejorar#Onrxgkw","0",""
"natural","adjetivo","natural","https://dle.rae.es/natural#QHiso1I","",""
"servir","verbo","servir","https://dle.rae.es/servir#XhmNpPs","0","pedir"
"especie","sustantivo","especie","https://dle.rae.es/especie#GWfgJDk","",""
"camino","sustantivo","camino","https://dle.rae.es/camino#6xxQ4ub","",""
"bajo","adjetivo","bajo","https://dle.rae.es/bajo#4oyrC6G","",""
"nacer","verbo","nacer","https://dle.rae.es/nacer#QBdrkiM","0","agradecer"
"cantidad","sustantivo","cantidad","https://dle.rae.es/cantidad#7CUEdL2","",""
"menor","adjetivo","menor","https://dle.rae.es/menor#Ouc027t","",""
"campaña","sustantivo","campaña","https://dle.rae.es/campa%C3%B1a#6zouyQe","",""
"respuesta","sustantivo","respuesta","https://dle.rae.es/respuesta#WD6Vhya","",""
"cierto","cuantificador","cierto","https://dle.rae.es/cierto#9Bb7pPO","",""
"comunicación","sustantivo","comunicación","https://dle.rae.es/comunicaci%C3%B3n#A58xn3c","",""
"todavía","adverbio","todavía","https://dle.rae.es/todav%C3%ADa#ZxRAGt4","",""
"líder","sustantivo","líder","https://dle.rae.es/l%C3%ADder#NGziyCV","",""
"popular","adjetivo","popular","https://dle.rae.es/popular#Tfbc80Q","",""
"privado","adjetivo","privado","https://dle.rae.es/privado#UD9ciF2","",""
"libre","adjetivo","libre","https://dle.rae.es/libre#NFUJxYv","",""
"tal","demonstrativo","tal","https://dle.rae.es/tal#Yy91lUI","",""
"aumentar","verbo","aumentar","https://dle.rae.es/aumentar#4OYaoOU","0",""
"peso","sustantivo","peso","https://dle.rae.es/peso#Sndl9iL","",""
"causa","sustantivo","causa","https://dle.rae.es/causa#80Ipenf","",""
"ciencia","sustantivo","ciencia","https://dle.rae.es/ciencia#9AwuYaT","",""
"temporada","sustantivo","temporada","https://dle.rae.es/temporada#ZRBoWXg","",""
"futuro","sustantivo","futuro","https://dle.rae.es/futuro#IfX2GjP","",""
"madre","sustantivo","madre","https://dle.rae.es/madre#NpxaH7S","",""
"fecha","sustantivo","fecha","https://dle.rae.es/fecha#HhpCnjk","",""
"unidad","sustantivo","unidad","https://dle.rae.es/unidad#b51Jdfm","",""
"club","sustantivo","club","https://dle.rae.es/club#9VIFXRQ","",""
"solo","adjetivo","solo","https://dle.rae.es/solo#YJBIl0A","",""
"escuela","sustantivo","escuela","https://dle.rae.es/escuela#GMFMuVv","",""
"metro","sustantivo","metro","https://dle.rae.es/metro#P8Tr0Ih","",""
"jefe","sustantivo","jefe","https://dle.rae.es/jefe#MPAoQ4z","",""
"malo","adjetivo","malo","https://dle.rae.es/malo#O3b9Md7","",""
"papel","sustantivo","papel","https://dle.rae.es/papel#RmThomy","",""
"sufrir","verbo","sufrir","https://dle.rae.es/sufrir#YfNZupH","0",""
"sumar","verbo","sumar","https://dle.rae.es/sumar#YgxPtnJ","0",""
"guerra","sustantivo","guerra","https://dle.rae.es/guerra#JoNxOnS","",""
"real","adjetivo","real","https://dle.rae.es/real#VGqyuLj","",""
"dinero","sustantivo","dinero","https://dle.rae.es/dinero#Doas5g0","",""
"década","sustantivo","década","https://dle.rae.es/d%C3%A9cada#BuaINgV","",""
"resto","sustantivo","resto","https://dle.rae.es/resto#WEU1RmT","",""
"ahí","adverbio","ahí","https://dle.rae.es/ah%C3%AD#1Gxuq5I","",""
"energía","sustantivo","energía","https://dle.rae.es/energ%C3%ADa#FGD8otZ","",""
"poco","adverbio","poco","https://dle.rae.es/poco#TTT0e1l","",""
"diverso","adjetivo","diverso","https://dle.rae.es/diverso#E0jdHB3","",""
"cámara","sustantivo","cámara","https://dle.rae.es/c%C3%A1mara#6twACet","",""
"intentar","verbo","intentar","https://dle.rae.es/intentar#Ls74pFc","0",""
"superar","verbo","superar","https://dle.rae.es/superar#YitLcZl","0",""
"consejo","sustantivo","consejo","https://dle.rae.es/consejo#AOrPd7J","",""
"éxito","sustantivo","éxito","https://dle.rae.es/%C3%A9xito#HGAP1jB","",""
"reducir","verbo","reducir","https://dle.rae.es/reducir#Va98hEO","0","conducir"
"morir","verbo","morir","https://dle.rae.es/morir#PppPsdZ","0","dormir"
"dirección","sustantivo","dirección","https://dle.rae.es/direcci%C3%B3n#DqohmoE","",""
"defensa","sustantivo","defensa","https://dle.rae.es/defensa#C249PSF","",""
"responder","verbo","responder","https://dle.rae.es/responder#WCjZamy","0",""
"central","adjetivo","central","https://dle.rae.es/central#8Fjpwmt","",""
"gustar","verbo","gustar","https://dle.rae.es/gustar#JueNX6F","0",""
"luz","sustantivo","luz","https://dle.rae.es/luz#NkAteAU","",""
"expresar","verbo","expresar","https://dle.rae.es/expresar#HL0WDTE","0",""
"caer","verbo","caer","https://dle.rae.es/caer#6bQOL4n","1",""
"candidato","sustantivo","candidato","https://dle.rae.es/candidato#76MqHjN","",""
"siguiente","adjetivo","siguiente","https://dle.rae.es/siguiente#XrsoZdo","",""
"prensa","sustantivo","prensa","https://dle.rae.es/prensa#U2brOEw","",""
"enfrentar","verbo","enfrentar","https://dle.rae.es/enfrentar#FJ4BrX4","0",""
"sacar","verbo","sacar","https://dle.rae.es/sacar#WvzWb6P","0",""
"acto","sustantivo","acto","https://dle.rae.es/acto#0cnCBhK","",""
"común","adjetivo","común","https://dle.rae.es/com%C3%BAn#A4th04J","",""
"demostrar","verbo","demostrar","https://dle.rae.es/demostrar#CAqWkEB","0","contar"
"ocasión","sustantivo","ocasión","https://dle.rae.es/ocasi%C3%B3n#QqZOPdq","",""
"inversión","sustantivo","inversión","https://dle.rae.es/inversi%C3%B3n#M3MAsPw","",""
"crecimiento","sustantivo","crecimiento","https://dle.rae.es/crecimiento#BDTuti3","",""
"histórico","adjetivo","histórico","https://dle.rae.es/hist%C3%B3rico#KX9HI9t","",""
"personal","adjetivo","personal","https://dle.rae.es/personal#Sjasuhi","",""
"allí","adverbio","allí","https://dle.rae.es/all%C3%AD#1vQDaH0","",""
"conocimiento","sustantivo","conocimiento","https://dle.rae.es/conocimiento#AMrJ4zs","",""
"informe","sustantivo","informe","https://dle.rae.es/informe#LYB2BS5","",""
"gol","sustantivo","gol","https://dle.rae.es/gol#JIGLloV","",""
"enero","sustantivo","enero","https://dle.rae.es/enero#FGKVDMF","",""
"mediante","preposición","mediante","https://dle.rae.es/mediante#OkJXvGN","",""
"clase","sustantivo","clase","https://dle.rae.es/clase#9Plq1H6","",""
"hospital","sustantivo","hospital","https://dle.rae.es/hospital#KhWoA3A","",""
"duda","sustantivo","duda","https://dle.rae.es/duda#EER7LDR","",""
"instituto","sustantivo","instituto","https://dle.rae.es/instituto#Lnnv6Ry","",""
"elemento","sustantivo","elemento","https://dle.rae.es/elemento#EWqThMH","",""
"orden","sustantivo","orden","https://dle.rae.es/orden#R9ScnIe","",""
"reunión","sustantivo","reunión","https://dle.rae.es/reuni%C3%B3n#WMCqAoh","",""
"participación","sustantivo","participación","https://dle.rae.es/participaci%C3%B3n#S05KMbw","",""
"artículo","sustantivo","artículo","https://dle.rae.es/art%C3%ADculo#3rJMpsE","",""
"aspecto","sustantivo","aspecto","https://dle.rae.es/aspecto#43SgXlx","",""
"estudiar","verbo","estudiar","https://dle.rae.es/estudiar#H1vOuPp","0","anunciar"
"asociación","sustantivo","asociación","https://dle.rae.es/asociaci%C3%B3n#424gSON","",""
"posición","sustantivo","posición","https://dle.rae.es/posici%C3%B3n#TnRDF3S","",""
"construir","verbo","construir","https://dle.rae.es/construir#AS838VZ","1",""
"venta","sustantivo","venta","https://dle.rae.es/venta#bXt7EYJ","",""
"oficial","adjetivo","oficial","https://dle.rae.es/oficial#QvWA4QX","",""
"leer","verbo","leer","https://dle.rae.es/leer#N3m3mKb","1",""
"industria","sustantivo","industria","https://dle.rae.es/industria#LRwJIbQ","",""
"proponer","verbo","proponer","https://dle.rae.es/proponer#UOMnHDI","0","poner"
"físico","adjetivo","físico","https://dle.rae.es/f%C3%ADsico#Hzx5KSB","",""
"referir","verbo","referir","https://dle.rae.es/referir#VcMQSFd","0","sentir"
"construcción","sustantivo","construcción","https://dle.rae.es/construcci%C3%B3n#AS1j177","",""
"operación","sustantivo","operación","https://dle.rae.es/operaci%C3%B3n#R5wfzUM","",""
"compartir","verbo","compartir","https://dle.rae.es/compartir#9zd2OWK","0",""
"trabajador","sustantivo","trabajador","https://dle.rae.es/trabajador#aBkr9sx","",""
"congreso","sustantivo","congreso","https://dle.rae.es/congreso#AJgsh5x","",""
"añadir","verbo","añadir","https://dle.rae.es/a%C3%B1adir#30pOaVr","0",""
"sostener","verbo","sostener","https://dle.rae.es/sostener#YSAMWZb","0","tener"
"época","sustantivo","época","https://dle.rae.es/%C3%A9poca#FynLMTb","",""
"consumo","sustantivo","consumo","https://dle.rae.es/consumo#AT3QP6H","",""
"aplicar","verbo","aplicar","https://dle.rae.es/aplicar#3CjZzQU","0",""
"estudiante","sustantivo","estudiante","https://dle.rae.es/estudiante#H1mR3XL","",""
"escenario","sustantivo","escenario","https://dle.rae.es/escenario#GDdXnbE","",""
"libertad","sustantivo","libertad","https://dle.rae.es/libertad#NEeAr5C","",""
"diciembre","sustantivo","diciembre","https://dle.rae.es/diciembre#DgbRMVC","",""
"presente","adjetivo","presente","https://dle.rae.es/presente#U685C9x","",""
"conjunto","sustantivo","conjunto","https://dle.rae.es/conjunto#AL1T6js","",""
"siete","numeral","siete","https://dle.rae.es/siete#XqCS0Wk","",""
"texto","sustantivo","texto","https://dle.rae.es/texto#ZhUj9UQ","",""
"marzo","sustantivo","marzo","https://dle.rae.es/marzo#OW9DpWy","",""
"vender","verbo","vender","https://dle.rae.es/vender#bWSrEeQ","0",""
"banco","sustantivo","banco","https://dle.rae.es/banco#4wkKYpU","",""
"hermano","sustantivo","hermano","https://dle.rae.es/hermano#KDGmcy5","",""
"definir","verbo","definir","https://dle.rae.es/definir#C2rVUUs","0",""
"dicho","adjetivo","dicho","https://dle.rae.es/dicho#DgXmXNM","",""
"acceso","sustantivo","acceso","https://dle.rae.es/acceso#0KCHUpZ","",""
"práctica","sustantivo","práctica","https://dle.rae.es/pr%C3%A1ctico#TtEMsxJ","",""
"celebrar","verbo","celebrar","https://dle.rae.es/celebrar#88quctH","0",""
"dedicar","verbo","dedicar","https://dle.rae.es/dedicar#C0QNRgI","0",""
"superior","adjetivo","superior","https://dle.rae.es/superior#YkC5o5N","",""
"escritor","sustantivo","escritor","https://dle.rae.es/escritor#GKSc4pQ","",""
"justicia","sustantivo","justicia","https://dle.rae.es/justicia#MelAa7r","",""
"domingo","sustantivo","domingo","https://dle.rae.es/domingo#E6rLYdv","",""
"material","sustantivo","material","https://dle.rae.es/material#ObWToYw","",""
"figura","sustantivo","figura","https://dle.rae.es/figura#HsesZOK","",""
"cerrar","verbo","cerrar","https://dle.rae.es/cerrar#8NViK5I","0","acertar"
"fuera","adverbio","fuera","https://dle.rae.es/fuera#IYaHR3Q","",""
"internet","sustantivo","internet","https://dle.rae.es/internet#LvskgUG","",""
"médico","sustantivo","médico","https://dle.rae.es/m%C3%A9dico#Ol43qKz","",""
"mejor","adverbio","mejor","https://dle.rae.es/mejor#OnhZjCP","",""
"mí","pronombre personal","mí","https://dle.rae.es/m%C3%AD#P9vGzr7","",""
"voz","sustantivo","voz","https://dle.rae.es/voz#c4LfLPC","",""
"elegir","verbo","elegir","https://dle.rae.es/elegir#EWh6Yvv","0","pedir"
"marcar","verbo","marcar","https://dle.rae.es/marcar#OMn573a","0",""
"declarar","verbo","declarar","https://dle.rae.es/declarar#BxiWP4r","0",""
"consecuencia","sustantivo","consecuencia","https://dle.rae.es/consecuencia#AO8fvNk","",""
"factor","sustantivo","factor","https://dle.rae.es/factor#HTiXnHN","",""
"comentar","verbo","comentar","https://dle.rae.es/comentar#9v9XCV7","0",""
"acabar","verbo","acabar","https://dle.rae.es/acabar#0FQ0uWG","0",""
"administración","sustantivo","administración","https://dle.rae.es/administraci%C3%B3n#0mCOzj6","",""
"selección","sustantivo","selección","https://dle.rae.es/selecci%C3%B3n#XUE4F1v","",""
"opción","sustantivo","opción","https://dle.rae.es/opci%C3%B3n#R5ncFn4","",""
"estadounidense","adjetivo","estadounidense","https://dle.rae.es/estadounidense#Gjw3x9j","",""
"profesor","sustantivo","profesor","https://dle.rae.es/profesor#UICA2EZ","",""
"ocupar","verbo","ocupar","https://dle.rae.es/ocupar#Qu5i3z8","0",""
"aplicación","sustantivo","aplicación","https://dle.rae.es/aplicaci%C3%B3n#3CdjxNg","",""
"color","sustantivo","color","https://dle.rae.es/color#9qYXXhD","",""
"provocar","verbo","provocar","https://dle.rae.es/provocar#UUqWrZ7","0",""
"muestra","sustantivo","muestra","https://dle.rae.es/muestra#Q0cz7HH","",""
"versión","sustantivo","versión","https://dle.rae.es/versi%C3%B3n#bfl1j1x","",""
"edición","sustantivo","edición","https://dle.rae.es/edici%C3%B3n#ENRqUhZ","",""
"observar","verbo","observar","https://dle.rae.es/observar#Qp2DCR4","0",""
"esfuerzo","sustantivo","esfuerzo","https://dle.rae.es/esfuerzo#GPx2ruM","",""
"analizar","verbo","analizar","https://dle.rae.es/analizar#2Vr6PBU","0",""
"televisión","sustantivo","televisión","https://dle.rae.es/televisi%C3%B3n#ZO06n8J","",""
"crecer","verbo","crecer","https://dle.rae.es/crecer#BDAz8ce","0","agradecer"
"mayo","sustantivo","mayo","https://dle.rae.es/mayo#OfYZodI","",""
"víctima","sustantivo","víctima","https://dle.rae.es/v%C3%ADctima#blR0t2m","",""
"allá","adverbio","allá","https://dle.rae.es/all%C3%A1#1unsXdO","",""
"jornada","sustantivo","jornada","https://dle.rae.es/jornada#MXAFdY7","",""
"cifra","sustantivo","cifra","https://dle.rae.es/cifra#9BkLqAw","",""
"reunir","verbo","reunir","https://dle.rae.es/reunir#WMDTmt2","1",""
"novela","sustantivo","novela","https://dle.rae.es/novela#Qf8fCdq","",""
"análisis","sustantivo","análisis","https://dle.rae.es/an%C3%A1lisis#2Vga9Gy","",""
"origen","sustantivo","origen","https://dle.rae.es/origen#RD4RJlJ","",""
"secretario","sustantivo","secretario","https://dle.rae.es/secretario#XP8stc6","",""
"formación","sustantivo","formación","https://dle.rae.es/formaci%C3%B3n#IF1I1Br","",""
"organismo","sustantivo","organismo","https://dle.rae.es/organismo#RBfDug8","",""
"viaje","sustantivo","viaje","https://dle.rae.es/viaje#bikxMiG","",""
"tampoco","adverbio","tampoco","https://dle.rae.es/tampoco#Z3d5Wg1","",""
"amor","sustantivo","amor","https://dle.rae.es/amor#2PGmlay","",""
"requerir","verbo","requerir","https://dle.rae.es/requerir#W6ed58O","0","sentir"
"confirmar","verbo","confirmar","https://dle.rae.es/confirmar#AFpXPCH","0",""
"nación","sustantivo","nación","https://dle.rae.es/naci%C3%B3n#QBmDD68","",""
"apoyar","verbo","apoyar","https://dle.rae.es/apoyar#3HswNlq","0",""
"ingreso","sustantivo","ingreso","https://dle.rae.es/ingreso#Lb03XBB","",""
"funcionar","verbo","funcionar","https://dle.rae.es/funcionar#IbV5KQE","0",""
"verdad","sustantivo","verdad","https://dle.rae.es/verdad#bbdGpd4","",""
"negocio","sustantivo","negocio","https://dle.rae.es/negocio#QMTdVNE","",""
"electoral","adjetivo","electoral","https://dle.rae.es/electoral#ETUEJoF","",""
"vista","sustantivo","vista","https://dle.rae.es/vista#bvx0J4S","",""
"preguntar","verbo","preguntar","https://dle.rae.es/preguntar#Tzhorqm","0",""
"financiero","adjetivo","financiero","https://dle.rae.es/financiero#Hxhb6kn","",""
"técnico","adjetivo","técnico","https://dle.rae.es/t%C3%A9cnico#ZIkyMDs","",""
"generación","sustantivo","generación","https://dle.rae.es/generaci%C3%B3n#J3hJP2w","",""
"plantear","verbo","plantear","https://dle.rae.es/plantear#TKVwBkv","0",""
"término","sustantivo","término","https://dle.rae.es/t%C3%A9rmino#ZZ0hKcs","",""
"violencia","sustantivo","violencia","https://dle.rae.es/violencia#brdBvt6","",""
"etapa","sustantivo","etapa","https://dle.rae.es/etapa#H3KQM0R","",""
"suceder","verbo","suceder","https://dle.rae.es/suceder#Yc3xdSr","0",""
"alimento","sustantivo","alimento","https://dle.rae.es/alimento#1rm36tt","",""
"ocho","numeral","ocho","https://dle.rae.es/ocho#QrnUsu1","",""
"modo","sustantivo","modo","https://dle.rae.es/modo#PUzkYPH","",""
"medio","numeral","medio","https://dle.rae.es/medio#OlQ6yC8","",""
"aumento","sustantivo","aumento","https://dle.rae.es/aumento#4ObtjON","",""
"similar","adjetivo","similar","https://dle.rae.es/similar#Xv2x1nf","",""
"entrada","sustantivo","entrada","https://dle.rae.es/entrada#FjWrLqo","",""
"reforma","sustantivo","reforma","https://dle.rae.es/reforma#VdvBdgW","",""
"estrategia","sustantivo","estrategia","https://dle.rae.es/estrategia#GxPofZ8","",""
"gestión","sustantivo","gestión","https://dle.rae.es/gesti%C3%B3n#JAOmd4s","",""
"científico","adjetivo","científico","https://dle.rae.es/cient%C3%ADfico#9BJUTwM","",""
"materia","sustantivo","materia","https://dle.rae.es/materia#ObWMmRJ","",""
"escuchar","verbo","escuchar","https://dle.rae.es/escuchar#GLkff9P","0",""
"creación","sustantivo","creación","https://dle.rae.es/creaci%C3%B3n#BCxYDWR","",""
"entidad","sustantivo","entidad","https://dle.rae.es/entidad#Fi7uEzC","",""
"planta","sustantivo","planta","https://dle.rae.es/planta#TKGNG6k","",""
"acompañar","verbo","acompañar","https://dle.rae.es/acompa%C3%B1ar#0XSNNQU","0",""
"página","sustantivo","página","https://dle.rae.es/p%C3%A1gina#RRvUbbP","",""
"hasta","adverbio","hasta","https://dle.rae.es/hasta#K2iXUid","",""
"solución","sustantivo","solución","https://dle.rae.es/soluci%C3%B3n#YJYpM0U","",""
"crítico","sustantivo","crítico","https://dle.rae.es/cr%C3%ADtico#BKJHGzW","",""
"lanzar","verbo","lanzar","https://dle.rae.es/lanzar#Mubv2wV","0",""
"fútbol","sustantivo","fútbol","https://dle.rae.es/f%C3%BAtbol#IeptqGe","",""
"ciudadano","sustantivo","ciudadano","https://dle.rae.es/ciudadano#9NcFAo6","",""
"importancia","sustantivo","importancia","https://dle.rae.es/importancia#L5XUXMS","",""
"europeo","adjetivo","europeo","https://dle.rae.es/europeo#H7DymBX","",""
"plazo","sustantivo","plazo","https://dle.rae.es/plazo#TNyFYtA","",""
"enviar","verbo","enviar","https://dle.rae.es/enviar#FsWKK9o","1",""
"médico","adjetivo","médico","https://dle.rae.es/m%C3%A9dico#Ol43qKz","",""
"iniciativa","sustantivo","iniciativa","https://dle.rae.es/iniciativo#LcMBTa2","",""
"actuar","verbo","actuar","https://dle.rae.es/actuar#0dEeWau","1",""
"doctor","sustantivo","doctor","https://dle.rae.es/doctor#E3TMkYQ","",""
"objeto","sustantivo","objeto","https://dle.rae.es/objeto#QmweHtN","",""
"representante","sustantivo","representante","https://dle.rae.es/representante#W4atEPo","",""
"aceptar","verbo","aceptar","https://dle.rae.es/aceptar#0NYmQ7a","0",""
"competencia","sustantivo","competencia","https://dle.rae.es/competencia#A0fanvT","",""
"tocar","verbo","tocar","https://dle.rae.es/tocar#Zw9dWu5","0",""
"sí","pronombre personal","sí","https://dle.rae.es/s%C3%AD#XmOP8Ia","",""
"significar","verbo","significar","https://dle.rae.es/significar#XrTiN4B","0",""
"entregar","verbo","entregar","https://dle.rae.es/entregar#FltFypa","0",""
"manifestar","verbo","manifestar","https://dle.rae.es/manifestar#ODoJqWE","0","acertar"
"cabeza","sustantivo","cabeza","https://dle.rae.es/cabeza#6QPLtb6","",""
"octubre","sustantivo","octubre","https://dle.rae.es/octubre#QtK5Myy","",""
"apenas","adverbio","apenas","https://dle.rae.es/apenas#38BNs6H","",""
"sábado","sustantivo","sábado","https://dle.rae.es/s%C3%A1bado#Wrzz0pc","",""
"victoria","sustantivo","victoria","https://dle.rae.es/victoria#bldlWGI","",""
"viernes","sustantivo","viernes","https://dle.rae.es/viernes#bndn8jR","",""
"suponer","verbo","suponer","https://dle.rae.es/suponer#Ym3TRsE","0","poner"
"sitio","sustantivo","sitio","https://dle.rae.es/sitio#Y2qwiA7","",""
"declaración","sustantivo","declaración","https://dle.rae.es/declaraci%C3%B3n#BxamUxw","",""
"comercial","adjetivo","comercial","https://dle.rae.es/comercial#9vSJPtD","",""
"joven","adjetivo","joven","https://dle.rae.es/joven#MXuvwX1","",""
"cabo","sustantivo","cabo","https://dle.rae.es/cabo#6S13ycd","",""
"preparar","verbo","preparar","https://dle.rae.es/preparar#U3lzta4","0",""
"poco","sustantivo","poco","https://dle.rae.es/poco#TTT0e1l","",""
"evento","sustantivo","evento","https://dle.rae.es/evento#H9JpZQS","",""
"abril","sustantivo","abril","https://dle.rae.es/abril#0BCGgT5","",""
"clave","sustantivo","clave","https://dle.rae.es/clave#9R1BRRh","",""
"banda","sustantivo","banda","https://dle.rae.es/banda#4wmsqHs","",""
"kilómetro","sustantivo","kilómetro","https://dle.rae.es/kil%C3%B3metro#MhG3UJg","",""
"canción","sustantivo","canción","https://dle.rae.es/canci%C3%B3n#74sROyk","",""
"noviembre","sustantivo","noviembre","https://dle.rae.es/noviembre#Qfu1dO9","",""
"registrar","verbo","registrar","https://dle.rae.es/registrar#Vj3szyA","0",""
"aprobar","verbo","aprobar","https://dle.rae.es/aprobar#3Js4vTy","0","contar"
"junio","sustantivo","junio","https://dle.rae.es/junio#McqTK0B","",""
"mañana","sustantivo","mañana","https://dle.rae.es/ma%C3%B1ana#OJHi0DU","",""
"funcionario","sustantivo","funcionario","https://dle.rae.es/funcionario#IbXs5CG","",""
"apuntar","verbo","apuntar","https://dle.rae.es/apuntar#3LFQRl7","0",""
"especialmente","adverbio","especialmente","https://dle.rae.es/especialmente#GWfSV6c","",""
"plaza","sustantivo","plaza","https://dle.rae.es/plaza#TNxkfxk","",""
"responsabilidad","sustantivo","responsabilidad","https://dle.rae.es/responsabilidad#WCqQQIf","",""
"julio","sustantivo","julio","https://dle.rae.es/julio#Mbxcpvg","",""
"directo","adjetivo","directo","https://dle.rae.es/directo#Dr1OIBH","",""
"concluir","verbo","concluir","https://dle.rae.es/concluir#A9PQAQL","0","construir"
"cuál","interrogativo","cuál","https://dle.rae.es/cu%C3%A1l#BRKfWto","",""
"fundamental","adjetivo","fundamental","https://dle.rae.es/fundamental#IblVPBC","",""
"total","sustantivo","total","https://dle.rae.es/total#aA3yF5I","",""
"educativo","adjetivo","educativo","https://dle.rae.es/educativo#EOHp6WJ","",""
"imponer","verbo","imponer","https://dle.rae.es/imponer#L5LrGP0","0","poner"
"febrero","sustantivo","febrero","https://dle.rae.es/febrero#Hhf3Zfb","",""
"quién","interrogativo","quién","https://dle.rae.es/qui%C3%A9n#Uphrd7C","",""
"estilo","sustantivo","estilo","https://dle.rae.es/estilo#GsFwSJ6","",""
"mensaje","sustantivo","mensaje","https://dle.rae.es/mensaje#OvO0obY","",""
"documento","sustantivo","documento","https://dle.rae.es/documento#E4EdgX1","",""
"torneo","sustantivo","torneo","https://dle.rae.es/torneo#a68efRW","",""
"compañero","sustantivo","compañero","https://dle.rae.es/compa%C3%B1ero#9ymBep5","",""
"civil","adjetivo","civil","https://dle.rae.es/civil#9Nma0hU","",""
"diputado","sustantivo","diputado","https://dle.rae.es/diputado#Dqb9jK8","",""
"contenido","sustantivo","contenido","https://dle.rae.es/contenido#AUhqW5L","",""
"pretender","verbo","pretender","https://dle.rae.es/pretender#U86gASi","0",""
"organizar","verbo","organizar","https://dle.rae.es/organizar#RBn9hqd","0",""
"comprar","verbo","comprar","https://dle.rae.es/comprar#A2uSS6N","0",""
"vía","sustantivo","vía","https://dle.rae.es/v%C3%ADa#biXBkO2","",""
"finalmente","adverbio","finalmente","https://dle.rae.es/finalmente#HxOkmot","",""
"diario","sustantivo","diario","https://dle.rae.es/diario#DfZ8RL8","",""
"compromiso","sustantivo","compromiso","https://dle.rae.es/compromiso#A41ilou","",""
"aprovechar","verbo","aprovechar","https://dle.rae.es/aprovechar#3KFooIW","0",""
"género","sustantivo","género","https://dle.rae.es/g%C3%A9nero#J49ADOi","",""
"periodista","sustantivo","periodista","https://dle.rae.es/periodista#SdXmMfo","",""
"integrar","verbo","integrar","https://dle.rae.es/integrar#LqKFoJI","0",""
"depender","verbo","depender","https://dle.rae.es/depender#CEn49xS","0",""
"recuperar","verbo","recuperar","https://dle.rae.es/recuperar#VXJKMGZ","0",""
"festival","sustantivo","festival","https://dle.rae.es/festival#Houfp6X","",""
"impacto","sustantivo","impacto","https://dle.rae.es/impacto#L1TjrM9","",""
"puerta","sustantivo","puerta","https://dle.rae.es/puerta#Uafmj9V","",""
"estructura","sustantivo","estructura","https://dle.rae.es/estructura#H0r0IKM","",""
"demanda","sustantivo","demanda","https://dle.rae.es/demanda#C8W49JX","",""
"beneficio","sustantivo","beneficio","https://dle.rae.es/beneficio#5LctDVj","",""
"marca","sustantivo","marca","https://dle.rae.es/marca#OMLt42i","",""
"interno","adjetivo","interno","https://dle.rae.es/interno#Lvy4JRa","",""
"liga","sustantivo","liga","https://dle.rae.es/liga#NI7LJQX","",""
"tradicional","adjetivo","tradicional","https://dle.rae.es/tradicional#aDdCZUo","",""
"puesto","sustantivo","puesto","https://dle.rae.es/puesto#Ub1yygM","",""
"sur","sustantivo","sur","https://dle.rae.es/sur#Ymq13Ia","",""
"advertir","verbo","advertir","https://dle.rae.es/advertir#0sriKah","0","sentir"
"lunes","sustantivo","lunes","https://dle.rae.es/lunes#NiS1NBR","",""
"sala","sustantivo","sala","https://dle.rae.es/sala#X0gpajU","",""
"descubrir","verbo","descubrir","https://dle.rae.es/descubrir#CmK2McH","0",""
"disco","sustantivo","disco","https://dle.rae.es/disco#DsNNHd9","",""
"grado","sustantivo","grado","https://dle.rae.es/grado#JOxCcBX","",""
"departamento","sustantivo","departamento","https://dle.rae.es/departamento#CEajDW3","",""
"lucha","sustantivo","lucha","https://dle.rae.es/lucha#NeLkYBp","",""
"aprender","verbo","aprender","https://dle.rae.es/aprender#3IWZ4nr","0",""
"final","adjetivo","final","https://dle.rae.es/final#HxHWWiv","",""
"diez","numeral","diez","https://dle.rae.es/diez#DinuHtF","",""
"contrario","adjetivo","contrario","https://dle.rae.es/contrario#AcIdC9b","",""
"juez","sustantivo","juez","https://dle.rae.es/juez#MaZWBEH","",""
"ataque","sustantivo","ataque","https://dle.rae.es/ataque#4AR9Sjs","",""
"ser","sustantivo","ser","https://dle.rae.es/ser#Xe5NPsQ","",""
"constituir","verbo","constituir","https://dle.rae.es/constituir#AReuygh","0","construir"
"actualmente","adverbio","actualmente","https://dle.rae.es/actualmente#0d9gRac","",""
"defender","verbo","defender","https://dle.rae.es/defender#C1sjxz1","0","entender"
"determinar","verbo","determinar","https://dle.rae.es/determinar#DaOWspV","0",""
"identificar","verbo","identificar","https://dle.rae.es/identificar#KtpfgjV","0",""
"norte","sustantivo","norte","https://dle.rae.es/norte#QdCtUML","",""
"revista","sustantivo","revista","https://dle.rae.es/revista#WOsvFFF","",""
"asumir","verbo","asumir","https://dle.rae.es/asumir#47S4L2q","0",""
"museo","sustantivo","museo","https://dle.rae.es/museo#Q8nYftd","",""
"profesional","adjetivo","profesional","https://dle.rae.es/profesional#UHxRBOS","",""
"amplio","adjetivo","amplio","https://dle.rae.es/amplio#2S4C7sJ","",""
"exposición","sustantivo","exposición","https://dle.rae.es/exposici%C3%B3n#HKleAWS","",""
"exigir","verbo","exigir","https://dle.rae.es/exigir#HFSa5Cc","0",""
"voto","sustantivo","voto","https://dle.rae.es/voto#c4HSlQR","",""
"campeón","sustantivo","campeón","https://dle.rae.es/campe%C3%B3n#70HDbFA","",""
"opinión","sustantivo","opinión","https://dle.rae.es/opini%C3%B3n#R6gqDaZ","",""
"inicio","sustantivo","inicio","https://dle.rae.es/inicio#LcP03qT","",""
"asunto","sustantivo","asunto","https://dle.rae.es/asunto#47o1RC8","",""
"positivo","adjetivo","positivo","https://dle.rae.es/positivo#TnrvVGZ","",""
"grave","adjetivo","grave","https://dle.rae.es/grave#JVSZmEi","",""
"completo","adjetivo","completo","https://dle.rae.es/completo#A1WR90r","",""
"rápido","adjetivo","rápido","https://dle.rae.es/r%C3%A1pido#V9EXpqS","",""
"categoría","sustantivo","categoría","https://dle.rae.es/categor%C3%ADa#7wJdjdR","",""
"viajar","verbo","viajar","https://dle.rae.es/viajar#bijuVG6","0",""
"implicar","verbo","implicar","https://dle.rae.es/implicar#L4iu9Mh","0",""
"conflicto","sustantivo","conflicto","https://dle.rae.es/conflicto#AGHyxGk","",""
"máximo","adjetivo","máximo","https://dle.rae.es/m%C3%A1ximo#OeqDmUW","",""
"ayuda","sustantivo","ayuda","https://dle.rae.es/ayuda#4cL8wGW","",""
"reciente","adjetivo","reciente","https://dle.rae.es/reciente#VRHUBRY","",""
"concepto","sustantivo","concepto","https://dle.rae.es/concepto#A7Kk6Zz","",""
"unir","verbo","unir","https://dle.rae.es/unir#b67JJSq","0",""
"faltar","verbo","faltar","https://dle.rae.es/faltar#HZL8sZX","0",""
"septiembre","sustantivo","septiembre","https://dle.rae.es/septiembre#XdBRd9c","",""
"usted","pronombre personal","usted","https://dle.rae.es/usted#bBhdfZ5","",""
"resolver","verbo","resolver","https://dle.rae.es/resolver#WBV06OC","0","mover"
"animal","sustantivo","animal","https://dle.rae.es/animal#2gzhuuF","",""
"teléfono","sustantivo","teléfono","https://dle.rae.es/tel%C3%A9fono#ZM2ivLY","",""
"tarde","sustantivo","tarde","https://dle.rae.es/tarde#ZBoQIAN","",""
"seguro","adjetivo","seguro","https://dle.rae.es/seguro#XTrgHXd","",""
"pareja","sustantivo","pareja","https://dle.rae.es/parejo#Rv4XY3o","",""
"laboral","adjetivo","laboral","https://dle.rae.es/laboral#MjCLr7W","",""
"proteger","verbo","proteger","https://dle.rae.es/proteger#URezfow","0",""
"les","pronombre personal","les","https://dle.rae.es/le#N288QJ7","",""
"interior","sustantivo","interior","https://dle.rae.es/interior#LudcZyZ","",""
"territorio","sustantivo","territorio","https://dle.rae.es/territorio#ZcqJYVW","",""
"vehículo","sustantivo","vehículo","https://dle.rae.es/veh%C3%ADculo#bRQbJnd","",""
"antiguo","adjetivo","antiguo","https://dle.rae.es/antiguo#2suEn1W","",""
"fácil","adjetivo","fácil","https://dle.rae.es/f%C3%A1cil#HT1O4TW","",""
"militar","adjetivo","militar","https://dle.rae.es/militar#PFlagiY","",""
"motivo","sustantivo","motivo","https://dle.rae.es/motivo#PwDYZFz","",""
"pregunta","sustantivo","pregunta","https://dle.rae.es/pregunta#TzZfwOK","",""
"deportivo","adjetivo","deportivo","https://dle.rae.es/deportivo#CFPW3Sm","",""
"tarea","sustantivo","tarea","https://dle.rae.es/tarea#ZC79NI2","",""
"capaz","adjetivo","capaz","https://dle.rae.es/capaz#7I7lEwd","",""
"ubicar","verbo","ubicar","https://dle.rae.es/ubicar#b0SKBIz","0",""
"visita","sustantivo","visita","https://dle.rae.es/visita#bvIYvao","",""
"deporte","sustantivo","deporte","https://dle.rae.es/deporte#CFEFwiY","",""
"cáncer","sustantivo","cáncer","https://dle.rae.es/c%C3%A1ncer#742bRjf","",""
"vuelta","sustantivo","vuelta","https://dle.rae.es/vuelta#c4efaPO","",""
"memoria","sustantivo","memoria","https://dle.rae.es/memoria#OrlyaVd","",""
"negro","adjetivo","negro","https://dle.rae.es/negro#QN0nGts","",""
"municipal","adjetivo","municipal","https://dle.rae.es/municipal#Q5nh1Gg","",""
"abierto","adjetivo","abierto","https://dle.rae.es/abierto#05NHYpw","",""
"empleo","sustantivo","empleo","https://dle.rae.es/empleo#ErbkEUe","",""
"subir","verbo","subir","https://dle.rae.es/subir#YXIr3QB","0",""
"cuarto","numeral","cuarto","https://dle.rae.es/cuarto#BTctS7T","",""
"vivienda","sustantivo","vivienda","https://dle.rae.es/vivienda#byF4Mc7","",""
"demás","cuantificador","demás","https://dle.rae.es/dem%C3%A1s#C8oIUw4","",""
"ejercicio","sustantivo","ejercicio","https://dle.rae.es/ejercicio#ESTMxfN","",""
"disfrutar","verbo","disfrutar","https://dle.rae.es/disfrutar#DusQUW3","0",""
"controlar","verbo","controlar","https://dle.rae.es/controlar#AedMVqC","0",""
"pérdida","sustantivo","pérdida","https://dle.rae.es/p%C3%A9rdida#SYJfFP1","",""
"característico","sustantivo","característico","https://dle.rae.es/caracter%C3%ADstico#7OiMmZE","",""
"pieza","sustantivo","pieza","https://dle.rae.es/pieza#SxiYiPt","",""
"digital","adjetivo","digital","https://dle.rae.es/digital#Dl56Lag","",""
"atender","verbo","atender","https://dle.rae.es/atender#4Ce1uOL","0","entender"
"diseño","sustantivo","diseño","https://dle.rae.es/dise%C3%B1o#DuKP0H9","",""
"mitad","sustantivo","mitad","https://dle.rae.es/mitad#PPxDPal","",""
"ambiente","sustantivo","ambiente","https://dle.rae.es/ambiente#2HmTzTK","",""
"presentación","sustantivo","presentación","https://dle.rae.es/presentaci%C3%B3n#U5zeBc9","",""
"sueño","sustantivo","sueño","https://dle.rae.es/sue%C3%B1o#YeJqim2","",""
"causar","verbo","causar","https://dle.rae.es/causar#80SsCGG","1",""
"agencia","sustantivo","agencia","https://dle.rae.es/agencia#14eCida","",""
"error","sustantivo","error","https://dle.rae.es/error#G47B9qL","",""
"literatura","sustantivo","literatura","https://dle.rae.es/literatura#NR70JFl","",""
"naturaleza","sustantivo","naturaleza","https://dle.rae.es/naturaleza#QHlB7B3","",""
"entrevista","sustantivo","entrevista","https://dle.rae.es/entrevista#FpAs97u","",""
"tasa","sustantivo","tasa","https://dle.rae.es/tasa#ZEuhLjC","",""
"mirar","verbo","mirar","https://dle.rae.es/mirar#PMSRG3d","0",""
"contrato","sustantivo","contrato","https://dle.rae.es/contrato#AdXPxYJ","",""
"total","adjetivo","total","https://dle.rae.es/total#aA3yF5I","",""
"ojo","sustantivo","ojo","https://dle.rae.es/ojo#QyF9sGX","",""
"estrella","sustantivo","estrella","https://dle.rae.es/estrella#GyCrPcQ","",""
"gasto","sustantivo","gasto","https://dle.rae.es/gasto#IzQXOs8","",""
"presión","sustantivo","presión","https://dle.rae.es/presi%C3%B3n#U6hxHwV","",""
"garantizar","verbo","garantizar","https://dle.rae.es/garantizar#IsHOHPp","0",""
"escena","sustantivo","escena","https://dle.rae.es/escena#GDdQbyd","",""
"comercio","sustantivo","comercio","https://dle.rae.es/comercio#9vYPFME","",""
"alrededor","adverbio","alrededor","https://dle.rae.es/alrededor#25hn3Sb","",""
"suficiente","adjetivo","suficiente","https://dle.rae.es/suficiente#YehIeT0","",""
"triunfo","sustantivo","triunfo","https://dle.rae.es/triunfo#ajWxV6z","",""
"protección","sustantivo","protección","https://dle.rae.es/protecci%C3%B3n#URUdTVs","",""
"jueves","sustantivo","jueves","https://dle.rae.es/jueves#MaYPLbn","",""
"aire","sustantivo","aire","https://dle.rae.es/aire#1L3KU50","",""
"marco","sustantivo","marco","https://dle.rae.es/marco#ONgLjin","",""
"frente","sustantivo","frente","https://dle.rae.es/frente#ISe2liY","",""
"asimismo","adverbio","asimismo","https://dle.rae.es/asimismo#40SEaBV","",""
"corte","sustantivo","corte","https://dle.rae.es/corte#B21cQlz","",""
"tribunal","sustantivo","tribunal","https://dle.rae.es/tribunal#acEPA60","",""
"detener","verbo","detener","https://dle.rae.es/detener#DZpMxS1","0","tener"
"carta","sustantivo","carta","https://dle.rae.es/carta#7jSjnZM","",""
"agosto","sustantivo","agosto","https://dle.rae.es/agosto#1737wmN","",""
"menos","cuantificador","menos","https://dle.rae.es/menos#OuzZNmN","",""
"blanco","adjetivo","blanco","https://dle.rae.es/blanco#5eNsBBo","",""
"soler","verbo","soler","https://dle.rae.es/soler#YHDBdKh","0","mover"
"obligar","verbo","obligar","https://dle.rae.es/obligar#QnTEdlP","0",""
"aportar","verbo","aportar","https://dle.rae.es/aportar#3G6rCpz","0",""
"surgir","verbo","surgir","https://dle.rae.es/surgir#Ynezh7n","0",""
"cliente","sustantivo","cliente","https://dle.rae.es/cliente#9SnxU0N","",""
"mencionar","verbo","mencionar","https://dle.rae.es/mencionar#OsQoNLT","0",""
"pie","sustantivo","pie","https://dle.rae.es/pie#SwyZKJX","",""
"municipio","sustantivo","municipio","https://dle.rae.es/municipio#Q5uxtDT","",""
"noticia","sustantivo","noticia","https://dle.rae.es/noticia#QeNdaXs","",""
"bajar","verbo","bajar","https://dle.rae.es/bajar#4oVHmf8","0",""
"visitar","verbo","visitar","https://dle.rae.es/visitar#bvVGArs","0",""
"detalle","sustantivo","detalle","https://dle.rae.es/detalle#DZQewBm","",""
"productor","sustantivo","productor","https://dle.rae.es/productor#UHAeKDd","",""
"visión","sustantivo","visión","https://dle.rae.es/visi%C3%B3n#bvCzkZ9","",""
"contacto","sustantivo","contacto","https://dle.rae.es/contacto#ATWjN01","",""
"familiar","adjetivo","familiar","https://dle.rae.es/familiar#HZqrvwe","",""
"español","sustantivo","español","https://dle.rae.es/espa%C3%B1ol#GUSX1EQ","",""
"discurso","sustantivo","discurso","https://dle.rae.es/discurso#DtpVc7a","",""
"verdadero","adjetivo","verdadero","https://dle.rae.es/verdadero#bbeXnuD","",""
"corresponder","verbo","corresponder","https://dle.rae.es/corresponder#AyxqUHu","0",""
"musical","adjetivo","musical","https://dle.rae.es/musical#Q9E5jP9","",""
"costo","sustantivo","costo","https://dle.rae.es/costo#B7MbcqN","",""
"favor","sustantivo","favor","https://dle.rae.es/favor#HgrAoQO","",""
"correr","verbo","correr","https://dle.rae.es/correr#Ayuz2t0","0",""
"sexual","adjetivo","sexual","https://dle.rae.es/sexual#XloWP8W","",""
"revelar","verbo","revelar","https://dle.rae.es/revelar#WMv8YhT","0",""
"básico","adjetivo","básico","https://dle.rae.es/b%C3%A1sico#5AZjEzX","",""
"cercano","adjetivo","cercano","https://dle.rae.es/cercano#8JJUj2m","",""
"fiesta","sustantivo","fiesta","https://dle.rae.es/fiesta#HsJMQkH","",""
"tendencia","sustantivo","tendencia","https://dle.rae.es/tendencia#ZSZtERx","",""
"pago","sustantivo","pago","https://dle.rae.es/pago#RS8DaQl","",""
"presupuesto","sustantivo","presupuesto","https://dle.rae.es/presupuesto#U7qM4mB","",""
"colocar","verbo","colocar","https://dle.rae.es/colocar#9p46KCK","0",""
"mesa","sustantivo","mesa","https://dle.rae.es/mesa#P1le2lc","",""
"planeta","sustantivo","planeta","https://dle.rae.es/planeta#TJiMVcb","",""
"miércoles","sustantivo","miércoles","https://dle.rae.es/mi%C3%A9rcoles#PDmhTfy","",""
"firmar","verbo","firmar","https://dle.rae.es/firmar#HyzbZW1","0",""
"señor","sustantivo","señor","https://dle.rae.es/se%C3%B1or#XcBNzxH","",""
"adecuado","adjetivo","adecuado","https://dle.rae.es/adecuado#0i9eAFV","",""
"ventaja","sustantivo","ventaja","https://dle.rae.es/ventaja#bXv8W3T","",""
"francés","adjetivo","francés","https://dle.rae.es/franc%C3%A9s#IO0xZ7t","",""
"maestro","sustantivo","maestro","https://dle.rae.es/maestro#Ns5vHZY","",""
"marcha","sustantivo","marcha","https://dle.rae.es/marcha#ON4wO00","",""
"agente","sustantivo","agente","https://dle.rae.es/agente#14q5hDO","",""
"euro","sustantivo","euro","https://dle.rae.es/euro#H6HMVNH","",""
"cubrir","verbo","cubrir","https://dle.rae.es/cubrir#BX3wWcW","0",""
"regional","adjetivo","regional","https://dle.rae.es/regional#VipVJlt","",""
"sede","sustantivo","sede","https://dle.rae.es/sede#XR76WfC","",""
"martes","sustantivo","martes","https://dle.rae.es/martes#OV2omoL","",""
"contener","verbo","contener","https://dle.rae.es/contener#AUeunmn","0","tener"
"global","adjetivo","global","https://dle.rae.es/global#JFB9JXK","",""
"adquirir","verbo","adquirir","https://dle.rae.es/adquirir#0pezGAd","1",""
"especialista","sustantivo","especialista","https://dle.rae.es/especialista#GWXrHCl","",""
"mil","sustantivo","mil","https://dle.rae.es/mil#PENxPxR","",""
"empresario","sustantivo","empresario","https://dle.rae.es/empresario#Et5NlRo","",""
"intervención","sustantivo","intervención","https://dle.rae.es/intervenci%C3%B3n#LxNjz42","",""
"alumno","sustantivo","alumno","https://dle.rae.es/alumno#29kah9l","",""
"destino","sustantivo","destino","https://dle.rae.es/destino#DU58TNx","",""
"propiedad","sustantivo","propiedad","https://dle.rae.es/propiedad#UNs0WGg","",""
"dolor","sustantivo","dolor","https://dle.rae.es/dolor#E5oQXDN","",""
"comer","verbo","comer","https://dle.rae.es/comer#9vPNMxG","0",""
"basar","verbo","basar","https://dle.rae.es/basar#5AAPyCQ","0",""
"arma","sustantivo","arma","https://dle.rae.es/arma#3a3iLLv","",""
"herramienta","sustantivo","herramienta","https://dle.rae.es/herramienta#KErLk81","",""
"solicitar","verbo","solicitar","https://dle.rae.es/solicitar#YI2EH8k","0",""
"delito","sustantivo","delito","https://dle.rae.es/delito#C82f9Fb","",""
"previo","adjetivo","previo","https://dle.rae.es/previo#U9kIDMb","",""
"labor","sustantivo","labor","https://dle.rae.es/labor#MjB1aHH","",""
"instalación","sustantivo","instalación","https://dle.rae.es/instalaci%C3%B3n#LmYM333","",""
"traer","verbo","traer","https://dle.rae.es/traer#aE26oeU","1",""
"debate","sustantivo","debate","https://dle.rae.es/debate#Btnc95B","",""
"artístico","adjetivo","artístico","https://dle.rae.es/art%C3%ADstico#3s2OFRp","",""
"oferta","sustantivo","oferta","https://dle.rae.es/oferta#QvJWZSZ","",""
"fundación","sustantivo","fundación","https://dle.rae.es/fundaci%C3%B3n#IbgShUM","",""
"edificio","sustantivo","edificio","https://dle.rae.es/edificio#ENa0lL9","",""
"promover","verbo","promover","https://dle.rae.es/promover#ULyG6Yb","0","mover"
"interpretar","verbo","interpretar","https://dle.rae.es/interpretar#LwUON38","0",""
"firma","sustantivo","firma","https://dle.rae.es/firma#Hyte6ty","",""
"juicio","sustantivo","juicio","https://dle.rae.es/juicio#MbWK64n","",""
"carácter","sustantivo","carácter","https://dle.rae.es/car%C3%A1cter#7OboGAc","",""
"adelante","adverbio","adelante","https://dle.rae.es/adelante#0iSzNSC","",""
"actuación","sustantivo","actuación","https://dle.rae.es/actuaci%C3%B3n#0ctmqZc","",""
"acercar","verbo","acercar","https://dle.rae.es/acercar#0NyUpkd","0",""
"mar","sustantivo","mar","https://dle.rae.es/mar#OLDn0QL","",""
"duro","adjetivo","duro","https://dle.rae.es/duro#EIKtetO","",""
"contra","sustantivo","contra","https://dle.rae.es/contra#AWCzXfA","",""
"corazón","sustantivo","corazón","https://dle.rae.es/coraz%C3%B3n#Aoe1CUw","",""
"curso","sustantivo","curso","https://dle.rae.es/curso#BkpVETm","",""
"intención","sustantivo","intención","https://dle.rae.es/intenci%C3%B3n#LrgwJRt","",""
"fenómeno","sustantivo","fenómeno","https://dle.rae.es/fen%C3%B3meno#HlH0iLR","",""
"exponer","verbo","exponer","https://dle.rae.es/exponer#HKW2zDN","0","poner"
"método","sustantivo","método","https://dle.rae.es/m%C3%A9todo#P7dyaFK","",""
"judicial","adjetivo","judicial","https://dle.rae.es/judicial#Ma9BcTB","",""
"hotel","sustantivo","hotel","https://dle.rae.es/hotel#KiGb4wp","",""
"daño","sustantivo","daño","https://dle.rae.es/da%C3%B1o#BrhkDYt","",""
"oficina","sustantivo","oficina","https://dle.rae.es/oficina#QvmFBA8","",""
"cuadro","sustantivo","cuadro","https://dle.rae.es/cuadro#BQQYOon","",""
"asistir","verbo","asistir","https://dle.rae.es/asistir#417vOR6","0",""
"negar","verbo","negar","https://dle.rae.es/negar#QM4UL1P","0","acertar"
"avanzar","verbo","avanzar","https://dle.rae.es/avanzar#4Wkx0yy","0",""
"espectáculo","sustantivo","espectáculo","https://dle.rae.es/espect%C3%A1culo#GX8m8QF","",""
"terreno","sustantivo","terreno","https://dle.rae.es/terreno#Zc0Pd9J","",""
"argentino","adjetivo","argentino","https://dle.rae.es/argentino#3XARJD9","",""
"tecnológico","adjetivo","tecnológico","https://dle.rae.es/tecnol%C3%B3gico#ZJ48HuC","",""
"atrás","adverbio","atrás","https://dle.rae.es/atr%C3%A1s#4JuQd6u","",""
"regresar","verbo","regresar","https://dle.rae.es/regresar#Vjq6yKF","0",""
"permanecer","verbo","permanecer","https://dle.rae.es/permanecer#SfHVEdK","0","agradecer"
"invitar","verbo","invitar","https://dle.rae.es/invitar#M4Ywbmr","0",""
"fase","sustantivo","fase","https://dle.rae.es/fase#Hf26Nvs","",""
"según","adverbio","según","https://dle.rae.es/seg%C3%BAn#XTC2Xzt","",""
"impulsar","verbo","impulsar","https://dle.rae.es/impulsar#L9LGfxT","0",""
"diálogo","sustantivo","diálogo","https://dle.rae.es/di%C3%A1logo#DetWqMJ","",""
"corto","adjetivo","corto","https://dle.rae.es/corto#B356ILe","",""
"foto","sustantivo","foto","https://dle.rae.es/foto#IJ8iTC0","",""
"registro","sustantivo","registro","https://dle.rae.es/registro#Vj40asb","",""
"concierto","sustantivo","concierto","https://dle.rae.es/concierto#A8oeP64","",""
"moderno","adjetivo","moderno","https://dle.rae.es/moderno#PUOBMHQ","",""
"conferencia","sustantivo","conferencia","https://dle.rae.es/conferencia#AEKrwuF","",""
"olvidar","verbo","olvidar","https://dle.rae.es/olvidar#R28xgWg","0",""
"misión","sustantivo","misión","https://dle.rae.es/misi%C3%B3n#POYSszU","",""
"barrio","sustantivo","barrio","https://dle.rae.es/barrio#58tzLGO","",""
"desear","verbo","desear","https://dle.rae.es/desear#Cni7XXE","0",""
"confianza","sustantivo","confianza","https://dle.rae.es/confianza#AF8rq9a","",""
"pantalla","sustantivo","pantalla","https://dle.rae.es/pantalla#RibGXgi","",""
"mañana","adverbio","mañana","https://dle.rae.es/ma%C3%B1ana#OJHi0DU","",""
"parque","sustantivo","parque","https://dle.rae.es/parque#RyGZA0Z","",""
"isla","sustantivo","isla","https://dle.rae.es/isla#MAj2Kps","",""
"impedir","verbo","impedir","https://dle.rae.es/impedir#L2bDcT6","0","pedir"
"igual","adjetivo","igual","https://dle.rae.es/igual#KwNhWlf","",""
"estadio","sustantivo","estadio","https://dle.rae.es/estadio#GjgXtqZ","",""
"vivo","adjetivo","vivo","https://dle.rae.es/vivo#byqVY7h","",""
"expresión","sustantivo","expresión","https://dle.rae.es/expresi%C3%B3n#HL12F3g","",""
"latino","adjetivo","latino","https://dle.rae.es/latino#Mz1HIZd","",""
"viejo","adjetivo","viejo","https://dle.rae.es/viejo#bnRGe0W","",""
"avance","sustantivo","avance","https://dle.rae.es/avance#4WNTjAg","",""
"protagonista","sustantivo","protagonista","https://dle.rae.es/protagonista#URHMay7","",""
"norma","sustantivo","norma","https://dle.rae.es/norma#QcFNGvF","",""
"virus","sustantivo","virus","https://dle.rae.es/virus#buVODur","",""
"búsqueda","sustantivo","búsqueda","https://dle.rae.es/b%C3%BAsqueda#6LfAkZb","",""
"cierto","adjetivo","cierto","https://dle.rae.es/cierto#9Bb7pPO","",""
"contribuir","verbo","contribuir","https://dle.rae.es/contribuir#AeOXXfq","0","construir"
"legal","adjetivo","legal","https://dle.rae.es/legal#N3zYscE","",""
"enorme","adjetivo","enorme","https://dle.rae.es/enorme#FXzURom","",""
"nueve","numeral","nueve","https://dle.rae.es/nueve#QhsMFfz","",""
"bien","sustantivo","bien","https://dle.rae.es/bien#5TkGdE0","",""
"ritmo","sustantivo","ritmo","https://dle.rae.es/ritmo#WWXSc4r","",""
"ámbito","sustantivo","ámbito","https://dle.rae.es/%C3%A1mbito#2HuDEKd","",""
"responsable","sustantivo","responsable","https://dle.rae.es/responsable#WCrxqOp","",""
"contexto","sustantivo","contexto","https://dle.rae.es/contexto#AVBbFZW","",""
"colegio","sustantivo","colegio","https://dle.rae.es/colegio#9lHy7Ag","",""
"repetir","verbo","repetir","https://dle.rae.es/repetir#W1wDHnX","0","pedir"
"profundo","adjetivo","profundo","https://dle.rae.es/profundo#UIvby3V","",""
"dificultad","sustantivo","dificultad","https://dle.rae.es/dificultad#DjqHoal","",""
"disponer","verbo","disponer","https://dle.rae.es/disponer#DxZ9aNj","0","poner"
"transporte","sustantivo","transporte","https://dle.rae.es/transporte#aMhvxXP","",""
"eléctrico","adjetivo","eléctrico","https://dle.rae.es/el%C3%A9ctrico#ETil5RV","",""
"abandonar","verbo","abandonar","https://dle.rae.es/abandonar#01yxXv6","0",""
"lector","sustantivo","lector","https://dle.rae.es/lector#N3RPAwo","",""
"eliminar","verbo","eliminar","https://dle.rae.es/eliminar#EXap2fp","0",""
"alcalde","sustantivo","alcalde","https://dle.rae.es/alcalde#1bOD9ux","",""
"distancia","sustantivo","distancia","https://dle.rae.es/distancia#Dy4u4UW","",""
"iglesia","sustantivo","iglesia","https://dle.rae.es/iglesia#KvQlZU1","",""
"deudo","sustantivo","deudo","https://dle.rae.es/deudo#DavROl3","",""
"específico","adjetivo","específico","https://dle.rae.es/espec%C3%ADfico#GWux0Jt","",""
"medio","adjetivo","medio","https://dle.rae.es/medio#OlQ6yC8","",""
"democracia","sustantivo","democracia","https://dle.rae.es/democracia#C9NX1Wr","",""
"mover","verbo","mover","https://dle.rae.es/mover#PxKjVlC","1",""
"identidad","sustantivo","identidad","https://dle.rae.es/identidad#KtmKMfe","",""
"electrónico","adjetivo","electrónico","https://dle.rae.es/electr%C3%B3nico#EVPbkNF","",""
"cadena","sustantivo","cadena","https://dle.rae.es/cadena#6aZgEyV","",""
"levantar","verbo","levantar","https://dle.rae.es/levantar#NCGZ75o","0",""
"vecino","sustantivo","vecino","https://dle.rae.es/vecino#bQ7H09A","",""
"recomendar","verbo","recomendar","https://dle.rae.es/recomendar#VTiKYMx","0","acertar"
"prever","verbo","prever","https://dle.rae.es/prever#U9agqZR","0","ver"
"paz","sustantivo","paz","https://dle.rae.es/paz#SEelFDw","",""
"turismo","sustantivo","turismo","https://dle.rae.es/turismo#axaWB7V","",""
"hogar","sustantivo","hogar","https://dle.rae.es/hogar#KYIGBW2","",""
"realmente","adverbio","realmente","https://dle.rae.es/realmente#VHY5Mdu","",""
"relacionar","verbo","relacionar","https://dle.rae.es/relacionar#VoaGsmL","0",""
"provincia","sustantivo","provincia","https://dle.rae.es/provincia#UUEjh02","",""
"preferir","verbo","preferir","https://dle.rae.es/preferir#TyxosOQ","0","sentir"
"mínimo","adjetivo","mínimo","https://dle.rae.es/m%C3%ADnimo#PJgUkzI","",""
"inmediato","adjetivo","inmediato","https://dle.rae.es/inmediato#LeBH7Sl","",""
"régimen","sustantivo","régimen","https://dle.rae.es/r%C3%A9gimen#ViiZ39k","",""
"esposo","sustantivo","esposo","https://dle.rae.es/esposo#GfZ6baC","",""
"sangre","sustantivo","sangre","https://dle.rae.es/sangre#XCjG7b8","",""
"negociación","sustantivo","negociación","https://dle.rae.es/negociaci%C3%B3n#QMI8pcc","",""
"mecanismo","sustantivo","mecanismo","https://dle.rae.es/mecanismo#OiEGmq4","",""
"río","sustantivo","río","https://dle.rae.es/r%C3%ADo#WUyYSwW","",""
"referencia","sustantivo","referencia","https://dle.rae.es/referencia#Vc9rHUF","",""
"conocido","adjetivo","conocido","https://dle.rae.es/conocido#AMqEnks","",""
"pasado","sustantivo","pasado","https://dle.rae.es/pasado#S2R3TKa","",""
"límite","sustantivo","límite","https://dle.rae.es/l%C3%ADmite#NKZgeLY","",""
"temperatura","sustantivo","temperatura","https://dle.rae.es/temperatura#ZQ9rRqa","",""
"primero","adverbio","primero","https://dle.rae.es/primero#UAztjAx","",""
"normal","adjetivo","normal","https://dle.rae.es/normal#QcGec7P","",""
"dónde","adverbio","dónde","https://dle.rae.es/d%C3%B3nde#E8IkjRi","",""
"lectura","sustantivo","lectura","https://dle.rae.es/lectura#N3aBbsZ","",""
"célula","sustantivo","célula","https://dle.rae.es/c%C3%A9lula#8B5hd4v","",""
"romper","verbo","romper","https://dle.rae.es/romper#WfKlsVn","0",""
"suerte","sustantivo","suerte","https://dle.rae.es/suerte#YeOou1l","",""
"golpe","sustantivo","golpe","https://dle.rae.es/golpe#JJdBKZh","",""
"incremento","sustantivo","incremento","https://dle.rae.es/incremento#LKCvKJJ","",""
"personal","sustantivo","personal","https://dle.rae.es/personal#Sjasuhi","",""
"trasladar","verbo","trasladar","https://dle.rae.es/trasladar#aRlZFZd","0",""
"web","sustantivo","web","https://dle.rae.es/web#c6FIuv9","",""
"plataforma","sustantivo","plataforma","https://dle.rae.es/plataforma#TM8xJHL","",""
"sol","sustantivo","sol","https://dle.rae.es/sol#YFFnS1v","",""
"incorporar","verbo","incorporar","https://dle.rae.es/incorporar#LJZZNZJ","0",""
"instrumento","sustantivo","instrumento","https://dle.rae.es/instrumento#LoJdDcs","",""
"bastante","adverbio","bastante","https://dle.rae.es/bastante#5B5LSJV","",""
"existencia","sustantivo","existencia","https://dle.rae.es/existencia#HFqUbfY","",""
"costar","verbo","costar","https://dle.rae.es/costar#B6gxicW","0","contar"
"ejecutivo","sustantivo","ejecutivo","https://dle.rae.es/ejecutivo#ES3gbuJ","",""
"investigar","verbo","investigar","https://dle.rae.es/investigar#M3a7YOZ","0",""
"coincidir","verbo","coincidir","https://dle.rae.es/coincidir#9hq0f9s","0",""
"insistir","verbo","insistir","https://dle.rae.es/insistir#LlHNGby","0",""
"comprender","verbo","comprender","https://dle.rae.es/comprender#A34eRFg","0",""
"ambiental","adjetivo","ambiental","https://dle.rae.es/ambiental#2Hdzh6C","",""
"medicamento","sustantivo","medicamento","https://dle.rae.es/medicamento#OkljC3R","",""
"habitante","sustantivo","habitante","https://dle.rae.es/habitante#JvZKMX3","",""
"anual","adjetivo","anual","https://dle.rae.es/anual#2zQX9iF","",""
"copa","sustantivo","copa","https://dle.rae.es/copa#Aj9gg3N","",""
"entrenador","sustantivo","entrenador","https://dle.rae.es/entrenador#Fn4gOFV","",""
"velocidad","sustantivo","velocidad","https://dle.rae.es/velocidad#bUyWG7T","",""
"oposición","sustantivo","oposición","https://dle.rae.es/oposici%C3%B3n#R6zXXwD","",""
"actitud","sustantivo","actitud","https://dle.rae.es/actitud#0cWXkpX","",""
"altura","sustantivo","altura","https://dle.rae.es/altura#28GDFOf","",""
"piel","sustantivo","piel","https://dle.rae.es/piel#Sx8TogY","",""
"comunicado","sustantivo","comunicado","https://dle.rae.es/comunicado#A5AYmxx","",""
"medicina","sustantivo","medicina","https://dle.rae.es/medicina#OkukRhl","",""
"lesión","sustantivo","lesión","https://dle.rae.es/lesi%C3%B3n#NA5QOrA","",""
"mal","adverbio","mal","https://dle.rae.es/mal#NyEeGCh","",""
"comité","sustantivo","comité","https://dle.rae.es/comit%C3%A9#9xHJv0P","",""
"rey","sustantivo","rey","https://dle.rae.es/rey#WQnGVpX","",""
"constitución","sustantivo","constitución","https://dle.rae.es/constituci%C3%B3n#ARRnIn2","",""
"estimar","verbo","estimar","https://dle.rae.es/estimar#GsZ6PSI","0",""
"aclarar","verbo","aclarar","https://dle.rae.es/aclarar#0UfzuY8","0",""
"interesante","adjetivo","interesante","https://dle.rae.es/interesante#Ltqkbgz","",""
"fiscal","adjetivo","fiscal","https://dle.rae.es/fiscal#HzHItzp","",""
"clásico","adjetivo","clásico","https://dle.rae.es/cl%C3%A1sico#9Pp71kN","",""
"comida","sustantivo","comida","https://dle.rae.es/comida#9w3sObI","",""
"conducir","verbo","conducir","https://dle.rae.es/conducir#AChIusj","1",""
"universitario","adjetivo","universitario","https://dle.rae.es/universitario#b6YRVyK","",""
"suelo","sustantivo","suelo","https://dle.rae.es/suelo#YeCJShd","",""
"denunciar","verbo","denunciar","https://dle.rae.es/denunciar#CEJpj4J","0","anunciar"
"interesar","verbo","interesar","https://dle.rae.es/interesar#LtrPccN","0",""
"urbano","adjetivo","urbano","https://dle.rae.es/urbano#b8XhxR8","",""
"disponible","adjetivo","disponible","https://dle.rae.es/disponible#DxfA3tW","",""
"canal","sustantivo","canal","https://dle.rae.es/canal#7279pyl","",""
"pertenecer","verbo","pertenecer","https://dle.rae.es/pertenecer#SkQu9TG","0","agradecer"
"resolución","sustantivo","resolución","https://dle.rae.es/resoluci%C3%B3n#WB9Lgi3","",""
"lenguaje","sustantivo","lenguaje","https://dle.rae.es/lenguaje#N7BnIFO","",""
"independiente","adjetivo","independiente","https://dle.rae.es/independiente#LN04rLs","",""
"citar","verbo","citar","https://dle.rae.es/citar#9MMVfes","0",""
"reconocimiento","sustantivo","reconocimiento","https://dle.rae.es/reconocimiento#VUOFgpc","",""
"impuesto","sustantivo","impuesto","https://dle.rae.es/impuesto#L8y8MOo","",""
"mexicano","adjetivo","mexicano","https://dle.rae.es/mexicano#P8xBcGR","",""
"tradición","sustantivo","tradición","https://dle.rae.es/tradici%C3%B3n#aDbG8m4","",""
"tarde","adverbio","tarde","https://dle.rae.es/tarde#ZBoQIAN","",""
"reflejar","verbo","reflejar","https://dle.rae.es/reflejar#VdI4sop","0",""
"valer","verbo","valer","https://dle.rae.es/valer#bIEq7WY","1",""
"complejo","adjetivo","complejo","https://dle.rae.es/complejo#A1JK3tM","",""
"frontera","sustantivo","frontera","https://dle.rae.es/frontero#IWF4mid","",""
"accidente","sustantivo","accidente","https://dle.rae.es/accidente#0KUeoUu","",""
"detectar","verbo","detectar","https://dle.rae.es/detectar#DZg9yp1","0",""
"abogado","sustantivo","abogado","https://dle.rae.es/abogado#07TG2dg","",""
"precisar","verbo","precisar","https://dle.rae.es/precisar#TwCxJxX","0",""
"peor","adjetivo","peor","https://dle.rae.es/peor#SVME3bd","",""
"importar","verbo","importar","https://dle.rae.es/importar#L5Z4xUK","0",""
"lejos","adverbio","lejos","https://dle.rae.es/lejos#N6E9rKf","",""
"pronto","adverbio","pronto","https://dle.rae.es/pronto#UMgovBn","",""
"vencer","verbo","vencer","https://dle.rae.es/vencer#bW2GDZD","0",""
"peligro","sustantivo","peligro","https://dle.rae.es/peligro#SOF763p","",""
"crédito","sustantivo","crédito","https://dle.rae.es/cr%C3%A9dito#BDeQ78f","",""
"original","adjetivo","original","https://dle.rae.es/original#RDDwv3d","",""
"fotografía","sustantivo","fotografía","https://dle.rae.es/fotograf%C3%ADa#IK5nbBo","",""
"activo","adjetivo","activo","https://dle.rae.es/activo#0clfXYb","",""
"llegada","sustantivo","llegada","https://dle.rae.es/llegada#NUrslA4","",""
"compra","sustantivo","compra","https://dle.rae.es/compra#A2gcivD","",""
"dispositivo","sustantivo","dispositivo","https://dle.rae.es/dispositivo#Dxo9GVr","",""
"medir","verbo","medir","https://dle.rae.es/medir#Om9ZDVF","0","pedir"
"encima","adverbio","encima","https://dle.rae.es/encima#F6SsXHC","",""
"poseer","verbo","poseer","https://dle.rae.es/poseer#TmjwQbV","0","leer"
"procedimiento","sustantivo","procedimiento","https://dle.rae.es/procedimiento#UErw6id","",""
"elaborar","verbo","elaborar","https://dle.rae.es/elaborar#ESxLhPM","0",""
"acudir","verbo","acudir","https://dle.rae.es/acudir#0ejnzMJ","0",""
"acusar","verbo","acusar","https://dle.rae.es/acusar#0gAq1Lh","0",""
"describir","verbo","describir","https://dle.rae.es/describir#ClAOq6o","0",""
"lleno","adjetivo","lleno","https://dle.rae.es/lleno#NVOli5X","",""
"precisamente","adverbio","precisamente","https://dle.rae.es/precisamente#TwBHKMV","",""
"periodo","sustantivo","periodo","https://dle.rae.es/per%C3%ADodo#SdfO44A","",""
"sanitario","adjetivo","sanitario","https://dle.rae.es/sanitario#XDvDVGY","",""
"caído","sustantivo","caído","https://dle.rae.es/ca%C3%ADdo#6dYQa6m","",""
"famoso","adjetivo","famoso","https://dle.rae.es/famoso#Ha1W2C6","",""
"sesión","sustantivo","sesión","https://dle.rae.es/sesi%C3%B3n#XixhqLz","",""
"rojo","adjetivo","rojo","https://dle.rae.es/rojo#WcdRRD4","",""
"británico","adjetivo","británico","https://dle.rae.es/brit%C3%A1nico#67Xy3rd","",""
"chico","sustantivo","chico","https://dle.rae.es/chico#8jlYcrL","",""
"oro","sustantivo","oro","https://dle.rae.es/oro#REv08Vr","",""
"ejército","sustantivo","ejército","https://dle.rae.es/ej%C3%A9rcito#ESajFXe","",""
"rechazar","verbo","rechazar","https://dle.rae.es/rechazar#VQ9HPVI","0",""
"entorno","sustantivo","entorno","https://dle.rae.es/entorno#FjFtqZ3","",""
"miedo","sustantivo","miedo","https://dle.rae.es/miedo#PDGS53g","",""
"diario","adjetivo","diario","https://dle.rae.es/diario#DfZ8RL8","",""
"período","sustantivo","período","https://dle.rae.es/per%C3%ADodo#SdfO44A","",""
"laboratorio","sustantivo","laboratorio","https://dle.rae.es/laboratorio#MjESnb2","",""
"otorgar","verbo","otorgar","https://dle.rae.es/otorgar#RKz1rM9","0",""
"manejar","verbo","manejar","https://dle.rae.es/manejar#OB053xL","0",""
"cuidado","sustantivo","cuidado","https://dle.rae.es/cuidado#BblVWJS","",""
"estatal","adjetivo","estatal","https://dle.rae.es/estatal#GnQWPN3","",""
"preocupar","verbo","preocupar","https://dle.rae.es/preocupar#U3YQ7Pj","0",""
"acceder","verbo","acceder","https://dle.rae.es/acceder#0K1XBn0","0",""
"convocar","verbo","convocar","https://dle.rae.es/convocar#AhYnmXF","0",""
"extender","verbo","extender","https://dle.rae.es/extender#HM52G9K","0","entender"
"nota","sustantivo","nota","https://dle.rae.es/nota#QdrVoo1","",""
"componer","verbo","componer","https://dle.rae.es/componer#A28RNZ3","0","poner"
"promedio","sustantivo","promedio","https://dle.rae.es/promedio#ULMRgQJ","",""
"emitir","verbo","emitir","https://dle.rae.es/emitir#EjTPLYz","0",""
"actualidad","sustantivo","actualidad","https://dle.rae.es/actualidad#0cz9jX7","",""
"mundial","sustantivo","mundial","https://dle.rae.es/mundial#Q5KLp3n","",""
"comportamiento","sustantivo","comportamiento","https://dle.rae.es/comportamiento#A2GLdxZ","",""
"inglés","sustantivo","inglés","https://dle.rae.es/ingl%C3%A9s#LaSRFbr","",""
"simple","adjetivo","simple","https://dle.rae.es/simple#XvdT4O7","",""
"democrático","adjetivo","democrático","https://dle.rae.es/democr%C3%A1tico#C9UF1Hx","",""
"pleno","adjetivo","pleno","https://dle.rae.es/pleno#TPFxNYh","",""
"infantil","adjetivo","infantil","https://dle.rae.es/infantil#LUjnLyu","",""
"federación","sustantivo","federación","https://dle.rae.es/federaci%C3%B3n#Hih2PAo","",""
"esperanza","sustantivo","esperanza","https://dle.rae.es/esperanza#GYjXr3Q","",""
"femenino","adjetivo","femenino","https://dle.rae.es/femenino#HjghBNR","",""
"criterio","sustantivo","criterio","https://dle.rae.es/criterio#BK4MHWL","",""
"cuestión","sustantivo","cuestión","https://dle.rae.es/cuesti%C3%B3n#Bb1zrQ1","",""
"deseo","sustantivo","deseo","https://dle.rae.es/deseo#CwuZEEf","",""
"consistir","verbo","consistir","https://dle.rae.es/consistir#AQJA4p3","0",""
"droga","sustantivo","droga","https://dle.rae.es/droga#ECdTcOk","",""
"evaluar","verbo","evaluar","https://dle.rae.es/evaluar#H8KIdC6","0","actuar"
"someter","verbo","someter","https://dle.rae.es/someter#YKkmBq2","0",""
"transmitir","verbo","transmitir","https://dle.rae.es/transmitir#aLjNpvi","0",""
"titular","sustantivo","titular","https://dle.rae.es/titular#ZtcjXVf","",""
"doble","adjetivo","doble","https://dle.rae.es/doble#E2KwfZ9","",""
"perspectivo","sustantivo","perspectivo","https://dle.rae.es/perspectivo#SkENGmm","",""
"poeta","sustantivo","poeta","https://dle.rae.es/poetisa#TUUD7eg","",""
"tamaño","sustantivo","tamaño","https://dle.rae.es/tama%C3%B1o#Z1y2Jb7","",""
"par","sustantivo","par","https://dle.rae.es/par#RorzeoZ","",""
"pena","sustantivo","pena","https://dle.rae.es/pena#SQbVLbD","",""
"fallecer","verbo","fallecer","https://dle.rae.es/fallecer#HXxwFsP","0","agradecer"
"retirar","verbo","retirar","https://dle.rae.es/retirar#WHrxJ2f","0",""
"entrega","sustantivo","entrega","https://dle.rae.es/entrega#FlnHCaB","",""
"cobrar","verbo","cobrar","https://dle.rae.es/cobrar#9XuV05s","0",""
"alternativa","sustantivo","alternativa","https://dle.rae.es/alternativo#26t9lcH","",""
"directamente","adverbio","directamente","https://dle.rae.es/directamente#DqvpLgJ","",""
"ejercer","verbo","ejercer","https://dle.rae.es/ejercer#ESQq7Gn","0",""
"amenaza","sustantivo","amenaza","https://dle.rae.es/amenaza#2JVscQR","",""
"negativo","adjetivo","negativo","https://dle.rae.es/negativo#QM8mhzM","",""
"división","sustantivo","división","https://dle.rae.es/divisi%C3%B3n#E1VUJqV","",""
"publicación","sustantivo","publicación","https://dle.rae.es/publicaci%C3%B3n#UYSCFcN","",""
"individuo","sustantivo","individuo","https://dle.rae.es/individuo#LQCSlDx","",""
"meter","verbo","meter","https://dle.rae.es/meter#P75TG1K","0",""
"significativo","adjetivo","significativo","https://dle.rae.es/significativo#XrX383G","",""
"cara","sustantivo","cara","https://dle.rae.es/cara#7NOG7x2","",""
"extranjero","adjetivo","extranjero","https://dle.rae.es/extranjero#HOgLUWT","",""
"radio","sustantivo","radio","https://dle.rae.es/radio#V1GlXnv","",""
"serio","adjetivo","serio","https://dle.rae.es/serio#XfNKpxv","",""
"fuego","sustantivo","fuego","https://dle.rae.es/fuego#IYNxrTR","",""
"respeto","sustantivo","respeto","https://dle.rae.es/respeto#WC6OLMQ","",""
"literario","adjetivo","literario","https://dle.rae.es/literario#NQzhI9R","",""
"instalar","verbo","instalar","https://dle.rae.es/instalar#LmaRZha","0",""
"efectivo","adjetivo","efectivo","https://dle.rae.es/efectivo#EOlq6RM","",""
"particular","adjetivo","particular","https://dle.rae.es/particular#S0Hnyxb","",""
"recuperación","sustantivo","recuperación","https://dle.rae.es/recuperaci%C3%B3n#VXGOqvk","",""
"reducción","sustantivo","reducción","https://dle.rae.es/reducci%C3%B3n#VZyeL6v","",""
"operar","verbo","operar","https://dle.rae.es/operar#R6C8OUw","0",""
"permanente","adjetivo","permanente","https://dle.rae.es/permanente#SfNax8j","",""
"facilitar","verbo","facilitar","https://dle.rae.es/facilitar#HT9f5JQ","0",""
"ruta","sustantivo","ruta","https://dle.rae.es/ruta#WrU6tco","",""
"industrial","adjetivo","industrial","https://dle.rae.es/industrial#LRx79Kj","",""
"preocupación","sustantivo","preocupación","https://dle.rae.es/preocupaci%C3%B3n#U3Uz4uF","",""
"conformar","verbo","conformar","https://dle.rae.es/conformar#AGUX3MR","0",""
"denuncia","sustantivo","denuncia","https://dle.rae.es/denuncia#CEDI4Ma","",""
"respetar","verbo","respetar","https://dle.rae.es/respetar#WC5n0SO","0",""
"ciclo","sustantivo","ciclo","https://dle.rae.es/ciclo#99n6fhR","",""
"crítico","adjetivo","crítico","https://dle.rae.es/cr%C3%ADtico#BKJHGzW","",""
"cantante","sustantivo","cantante","https://dle.rae.es/cantante#7BUCxoj","",""
"calificar","verbo","calificar","https://dle.rae.es/calificar#6o4nq5A","0",""
"campeonato","sustantivo","campeonato","https://dle.rae.es/campeonato#70NNz52","",""
"abordar","verbo","abordar","https://dle.rae.es/abordar#08ht72h","0",""
"teoría","sustantivo","teoría","https://dle.rae.es/teor%C3%ADa#ZVMWXKy","",""
"república","sustantivo","república","https://dle.rae.es/rep%C3%BAblica#W5eueIL","",""
"partir","verbo","partir","https://dle.rae.es/partir#S10B0rH","0",""
"a","sustantivo","a","https://dle.rae.es/a#002rZ9U","",""
"sorprender","verbo","sorprender","https://dle.rae.es/sorprender#YQWDIzI","0",""
"imposible","adjetivo","imposible","https://dle.rae.es/imposible#L5lzJIZ","",""
"estación","sustantivo","estación","https://dle.rae.es/estaci%C3%B3n#GjFmHfd","",""
"consumidor","sustantivo","consumidor","https://dle.rae.es/consumidor#ASyDmz0","",""
"pintura","sustantivo","pintura","https://dle.rae.es/pintura#T5SdH8I","",""
"representación","sustantivo","representación","https://dle.rae.es/representaci%C3%B3n#W4VMjJb","",""
"cantar","verbo","cantar","https://dle.rae.es/cantar#7BVjXzX","0",""
"detrás","adverbio","detrás","https://dle.rae.es/detr%C3%A1s#DahefUx","",""
"síntoma","sustantivo","síntoma","https://dle.rae.es/s%C3%ADntoma#Y00ZvBC","",""
"costa","sustantivo","costa","https://dle.rae.es/costa#B6A1o8v","",""
"consumir","verbo","consumir","https://dle.rae.es/consumir#AT2BY5W","0",""
"disposición","sustantivo","disposición","https://dle.rae.es/disposici%C3%B3n#DxgWzK0","",""
"brindar","verbo","brindar","https://dle.rae.es/brindar#66tXbJg","0",""
"ingresar","verbo","ingresar","https://dle.rae.es/ingresar#Laxymte","0",""
"carne","sustantivo","carne","https://dle.rae.es/carne#7bnjWlr","",""
"izquierda","sustantivo","izquierda","https://dle.rae.es/izquierdo#MFY7k4v","",""
"desaparecer","verbo","desaparecer","https://dle.rae.es/desaparecer#CRULyWE","0","agradecer"
"sencillo","adjetivo","sencillo","https://dle.rae.es/sencillo#XZHIBJB","",""
"familiar","sustantivo","familiar","https://dle.rae.es/familiar#HZqrvwe","",""
"incrementar","verbo","incrementar","https://dle.rae.es/incrementar#LK8mIRb","0",""
"matar","verbo","matar","https://dle.rae.es/matar#OaybD1v","0",""
"revolución","sustantivo","revolución","https://dle.rae.es/revoluci%C3%B3n#WQ0Bykx","",""
"superficie","sustantivo","superficie","https://dle.rae.es/superficie#Yjl6mp6","",""
"influencia","sustantivo","influencia","https://dle.rae.es/influencia#LXZPs0x","",""
"porcentaje","sustantivo","porcentaje","https://dle.rae.es/porcentaje#TgZN1sz","",""
"exterior","adjetivo","exterior","https://dle.rae.es/exterior#HMcj24F","",""
"lengua","sustantivo","lengua","https://dle.rae.es/lengua#N77BOIl","",""
"disminuir","verbo","disminuir","https://dle.rae.es/disminuir#Dw2m22r","0","construir"
"futuro","adjetivo","futuro","https://dle.rae.es/futuro#IfX2GjP","",""
"vicepresidente","sustantivo","vicepresidente","https://dle.rae.es/vicepresidente#bkXwt0B","",""
"transformar","verbo","transformar","https://dle.rae.es/transformar#aJbn4er","0",""
"determinado","adjetivo","determinado","https://dle.rae.es/determinado#DaD2eSD","",""
"derrota","sustantivo","derrota","https://dle.rae.es/derrota#CJStw2j","",""
"meta","sustantivo","meta","https://dle.rae.es/meta#P47c7nH","",""
"reserva","sustantivo","reserva","https://dle.rae.es/reserva#W9AlOxX","",""
"presidencia","sustantivo","presidencia","https://dle.rae.es/presidencia#U6RnJsP","",""
"definitivo","adjetivo","definitivo","https://dle.rae.es/definitivo#C31C5s1","",""
"múltiple","adjetivo","múltiple","https://dle.rae.es/m%C3%BAltiple#Q4VC1Ip","",""
"cierre","sustantivo","cierre","https://dle.rae.es/cierre#9BYzXr2","",""
"apertura","sustantivo","apertura","https://dle.rae.es/apertura#39MpS8t","",""
"constitucional","adjetivo","constitucional","https://dle.rae.es/constitucional#ARVyDUr","",""
"quinto","numeral","quinto","https://dle.rae.es/quinto#UvNPWWd","",""
"adoptar","verbo","adoptar","https://dle.rae.es/adoptar#0oKpOJX","0",""
"distribución","sustantivo","distribución","https://dle.rae.es/distribuci%C3%B3n#DzIxOvd","",""
"localidad","sustantivo","localidad","https://dle.rae.es/localidad#NXffXwJ","",""
"principalmente","adverbio","principalmente","https://dle.rae.es/principalmente#UBptQHK","",""
"destinar","verbo","destinar","https://dle.rae.es/destinar#DTzRYFc","0",""
"inicial","adjetivo","inicial","https://dle.rae.es/inicial#LcE9MHH","",""
"emplear","verbo","emplear","https://dle.rae.es/emplear#ErUYBqm","0",""
"alemán","adjetivo","alemán","https://dle.rae.es/alem%C3%A1n#1hn1XWS","",""
"encuesta","sustantivo","encuesta","https://dle.rae.es/encuesta#FB7OOOp","",""
"infraestructura","sustantivo","infraestructura","https://dle.rae.es/infraestructura#LYf3Ibz","",""
"admitir","verbo","admitir","https://dle.rae.es/admitir#0mlFzLx","0",""
"taller","sustantivo","taller","https://dle.rae.es/taller#Z0iszoy","",""
"colectivo","adjetivo","colectivo","https://dle.rae.es/colectivo#9kxtVF3","",""
"colección","sustantivo","colección","https://dle.rae.es/colecci%C3%B3n#9kNsBXU","",""
"imaginar","verbo","imaginar","https://dle.rae.es/imaginar#L0Ab8lV","0",""
"mirada","sustantivo","mirada","https://dle.rae.es/mirada#PM4mGrz","",""
"limitar","verbo","limitar","https://dle.rae.es/limitar#NKYEVao","0",""
"diagnóstico","sustantivo","diagnóstico","https://dle.rae.es/diagn%C3%B3stico#De9TnL8","",""
"conclusión","sustantivo","conclusión","https://dle.rae.es/conclusi%C3%B3n#A9Prhl6","",""
"cometer","verbo","cometer","https://dle.rae.es/cometer#9vgBzRS","0",""
"propósito","sustantivo","propósito","https://dle.rae.es/prop%C3%B3sito#UOdvZX1","",""
"ensayo","sustantivo","ensayo","https://dle.rae.es/ensayo#FcboTnW","",""
"recoger","verbo","recoger","https://dle.rae.es/recoger#VTECDBj","0",""
"voluntad","sustantivo","voluntad","https://dle.rae.es/voluntad#c2gSOgP","",""
"recorrer","verbo","recorrer","https://dle.rae.es/recorrer#VV8nBVl","0",""
"sonido","sustantivo","sonido","https://dle.rae.es/sonido#YMV5Hqd","",""
"intento","sustantivo","intento","https://dle.rae.es/intento#Ls7CCSj","",""
"raíz","sustantivo","raíz","https://dle.rae.es/ra%C3%ADz#V4gonGk","",""
"disputar","verbo","disputar","https://dle.rae.es/disputar#Dxw09tv","0",""
"conciencia","sustantivo","conciencia","https://dle.rae.es/conciencia#A8k1FxD","",""
"reacción","sustantivo","reacción","https://dle.rae.es/reacci%C3%B3n#VG6BE6u","",""
"luchar","verbo","luchar","https://dle.rae.es/luchar#NeQrvQG","0",""
"pensamiento","sustantivo","pensamiento","https://dle.rae.es/pensamiento#STXDsjX","",""
"carga","sustantivo","carga","https://dle.rae.es/carga#7Wnhao0","",""
"ausencia","sustantivo","ausencia","https://dle.rae.es/ausencia#4PwvY5i","",""
"evolución","sustantivo","evolución","https://dle.rae.es/evoluci%C3%B3n#H9vaSkr","",""
"presidencial","adjetivo","presidencial","https://dle.rae.es/presidencial#U6WThPo","",""
"religioso","adjetivo","religioso","https://dle.rae.es/religioso#VqNckNi","",""
"solamente","adverbio","solamente","https://dle.rae.es/solamente#YFTOo4r","",""
"ampliar","verbo","ampliar","https://dle.rae.es/ampliar#2RiurRM","0","enviar"
"individual","adjetivo","individual","https://dle.rae.es/individual#LPpa0TM","",""
"sugerir","verbo","sugerir","https://dle.rae.es/sugerir#YfYapT6","0","sentir"
"totalmente","adverbio","totalmente","https://dle.rae.es/totalmente#aAB7r6D","",""
"moda","sustantivo","moda","https://dle.rae.es/moda#PTFxq8T","",""
"dispuesto","adjetivo","dispuesto","https://dle.rae.es/dispuesto#Dxold9i","",""
"competir","verbo","competir","https://dle.rae.es/competir#A0rP4Nu","0","pedir"
"finalizar","verbo","finalizar","https://dle.rae.es/finalizar#HxMDBsI","0",""
"intenso","adjetivo","intenso","https://dle.rae.es/intenso#Ls6YvIT","",""
"recientemente","adverbio","recientemente","https://dle.rae.es/recientemente#VRLr8Xq","",""
"conversación","sustantivo","conversación","https://dle.rae.es/conversaci%C3%B3n#AgW2atc","",""
"comunicar","verbo","comunicar","https://dle.rae.es/comunicar#A5G2vNP","0",""
"demasiado","adverbio","demasiado","https://dle.rae.es/demasiado#C8sjljP","",""
"numeroso","adjetivo","numeroso","https://dle.rae.es/numeroso#QikQqti","",""
"durar","verbo","durar","https://dle.rae.es/durar#EHsV5Ge","0",""
"cuento","sustantivo","cuento","https://dle.rae.es/cuento#BaQV1UF","",""
"adelantar","verbo","adelantar","https://dle.rae.es/adelantar#0iSYfgg","0",""
"cita","sustantivo","cita","https://dle.rae.es/cita#9MCUXnT","",""
"vacuna","sustantivo","vacuna","https://dle.rae.es/vacuno#bF4mFoA","",""
"votar","verbo","votar","https://dle.rae.es/votar#c4FFqHA","0",""
"contemporáneo","adjetivo","contemporáneo","https://dle.rae.es/contempor%C3%A1neo#AUK9EK0","",""
"alianza","sustantivo","alianza","https://dle.rae.es/alianza#1pvIeBW","",""
"poesía","sustantivo","poesía","https://dle.rae.es/poes%C3%ADa#TURw1XA","",""
"unión","sustantivo","unión","https://dle.rae.es/uni%C3%B3n#b5tMies","",""
"consulta","sustantivo","consulta","https://dle.rae.es/consulta#ASYEVzT","",""
"recién","adverbio","recién","https://dle.rae.es/reci%C3%A9n#VRDMzjG","",""
"jurídico","adjetivo","jurídico","https://dle.rae.es/jur%C3%ADdico#MeETNtK","",""
"señal","sustantivo","señal","https://dle.rae.es/se%C3%B1al#XbhOPAB","",""
"rural","adjetivo","rural","https://dle.rae.es/rural#WqzJ2ZS","",""
"empleado","sustantivo","empleado","https://dle.rae.es/empleado#ErTDqbk","",""
"italiano","adjetivo","italiano","https://dle.rae.es/italiano#MDYQFjI","",""
"volumen","sustantivo","volumen","https://dle.rae.es/volumen#c2Xhjoi","",""
"directivo","sustantivo","directivo","https://dle.rae.es/directivo#Dr0oRwT","",""
"constante","adjetivo","constante","https://dle.rae.es/constante#AQymQN7","",""
"código","sustantivo","código","https://dle.rae.es/c%C3%B3digo#9daBvI8","",""
"salvar","verbo","salvar","https://dle.rae.es/salvar#X8aav2k","0",""
"restaurante","sustantivo","restaurante","https://dle.rae.es/restaurante#WECJvpa","",""
"evaluación","sustantivo","evaluación","https://dle.rae.es/evaluaci%C3%B3n#H8JsfPe","",""
"emergencia","sustantivo","emergencia","https://dle.rae.es/emergencia#EiX5X40","",""
"olímpico","adjetivo","olímpico","https://dle.rae.es/ol%C3%ADmpico#R0Z3hP9","",""
"americano","adjetivo","americano","https://dle.rae.es/americano#2KRSL3V","",""
"asamblea","sustantivo","asamblea","https://dle.rae.es/asamblea#3uj5N78","",""
"completar","verbo","completar","https://dle.rae.es/completar#A1S3usX","0",""
"escolar","adjetivo","escolar","https://dle.rae.es/escolar#GGkrQne","",""
"frecuencia","sustantivo","frecuencia","https://dle.rae.es/frecuencia#IQkf76l","",""
"lluvia","sustantivo","lluvia","https://dle.rae.es/lluvia#NWgRXUA","",""
"asistencia","sustantivo","asistencia","https://dle.rae.es/asistencia#415CxIs","",""
"segundo","sustantivo","segundo","https://dle.rae.es/segundo#XTUS1jC","",""
"caber","verbo","caber","https://dle.rae.es/caber#6PvMEeq","1",""
"enseñar","verbo","enseñar","https://dle.rae.es/ense%C3%B1ar#FdI00Or","0",""
"prevención","sustantivo","prevención","https://dle.rae.es/prevenci%C3%B3n#U9Cow1J","",""
"inteligencia","sustantivo","inteligencia","https://dle.rae.es/inteligencia#LqtyoaQ","",""
"armado","adjetivo","armado","https://dle.rae.es/armado#3aI7Hp5","",""
"feliz","adjetivo","feliz","https://dle.rae.es/feliz#HjCSWig","",""
"recorrido","sustantivo","recorrido","https://dle.rae.es/recorrido#VVCmeE4","",""
"comienzo","sustantivo","comienzo","https://dle.rae.es/comienzo#9w76txo","",""
"probar","verbo","probar","https://dle.rae.es/probar#UEEVr9n","0","contar"
"índice","sustantivo","índice","https://dle.rae.es/%C3%ADndice#LO3NKRG","",""
"reto","sustantivo","reto","https://dle.rae.es/reto#WHyT2Ax","",""
"subrayar","verbo","subrayar","https://dle.rae.es/subrayar#YYmdQFQ","0",""
"verano","sustantivo","verano","https://dle.rae.es/verano#batPM3r","",""
"diseñar","verbo","diseñar","https://dle.rae.es/dise%C3%B1ar#DuJXCWP","0",""
"rico","adjetivo","rico","https://dle.rae.es/rico#WSXT9Bo","",""
"escala","sustantivo","escala","https://dle.rae.es/escala#G67txjD","",""
"regla","sustantivo","regla","https://dle.rae.es/regla#Vj7kKoC","",""
"máquina","sustantivo","máquina","https://dle.rae.es/m%C3%A1quina#OKvTasd","",""
"penal","adjetivo","penal","https://dle.rae.es/penal#SQzqB2K","",""
"local","sustantivo","local","https://dle.rae.es/local#NXeWGhG","",""
"sexo","sustantivo","sexo","https://dle.rae.es/sexo#XlApmpe","",""
"fiscal","sustantivo","fiscal","https://dle.rae.es/fiscal#HzHItzp","",""
"anotar","verbo","anotar","https://dle.rae.es/anotar#2kEsQcw","0",""
"letra","sustantivo","letra","https://dle.rae.es/letra#NAwHNtA","",""
"junta","sustantivo","junta","https://dle.rae.es/junta#Md1HbkD","",""
"cuarto","sustantivo","cuarto","https://dle.rae.es/cuarto#BTctS7T","",""
"colaboración","sustantivo","colaboración","https://dle.rae.es/colaboraci%C3%B3n#9j1Cwxg","",""
"funcionamiento","sustantivo","funcionamiento","https://dle.rae.es/funcionamiento#IbTPgKE","",""
"órgano","sustantivo","órgano","https://dle.rae.es/%C3%B3rgano#RBqT8vg","",""
"infección","sustantivo","infección","https://dle.rae.es/infecci%C3%B3n#LVDa7L0","",""
"concentración","sustantivo","concentración","https://dle.rae.es/concentraci%C3%B3n#A6xUPAA","",""
"patrimonio","sustantivo","patrimonio","https://dle.rae.es/patrimonio#SBOxisN","",""
"quizás","adverbio","quizás","https://dle.rae.es/quiz%C3%A1s#UxkB7hL","",""
"crimen","sustantivo","crimen","https://dle.rae.es/crimen#BGTge4F","",""
"simplemente","adverbio","simplemente","https://dle.rae.es/simplemente#XveiVCw","",""
"feria","sustantivo","feria","https://dle.rae.es/feria#HlfHahn","",""
"perfecto","adjetivo","perfecto","https://dle.rae.es/perfecto#SadjAeT","",""
"universo","sustantivo","universo","https://dle.rae.es/universo#b6b6TKk","",""
"académico","adjetivo","académico","https://dle.rae.es/acad%C3%A9mico#0Fp3xyj","",""
"invertir","verbo","invertir","https://dle.rae.es/invertir#M3VWBGW","0","sentir"
"dueño","sustantivo","dueño","https://dle.rae.es/due%C3%B1o#EEsL9LT","",""
"gusto","sustantivo","gusto","https://dle.rae.es/gusto#Juk3i3t","",""
"protesta","sustantivo","protesta","https://dle.rae.es/protesta#US7M7Yk","",""
"promoción","sustantivo","promoción","https://dle.rae.es/promoci%C3%B3n#ULq51uJ","",""
"igual","adverbio","igual","https://dle.rae.es/igual#KwNhWlf","",""
"involucrar","verbo","involucrar","https://dle.rae.es/involucrar#M4rDIoW","0",""
"relato","sustantivo","relato","https://dle.rae.es/relato#VpeoIFF","",""
"sensación","sustantivo","sensación","https://dle.rae.es/sensaci%C3%B3n#XZycQhx","",""
"concurso","sustantivo","concurso","https://dle.rae.es/concurso#AAzmLjr","",""
"menor","sustantivo","menor","https://dle.rae.es/menor#Ouc027t","",""
"excelente","adjetivo","excelente","https://dle.rae.es/excelente#HBZRybi","",""
"prestar","verbo","prestar","https://dle.rae.es/prestar#U799kM9","0",""
"circunstancia","sustantivo","circunstancia","https://dle.rae.es/circunstancia#9Ka81Rt","",""
"favorecer","verbo","favorecer","https://dle.rae.es/favorecer#HgudzUt","0","agradecer"
"móvil","adjetivo","móvil","https://dle.rae.es/m%C3%B3vil#PxcFux4","",""
"avión","sustantivo","avión","https://dle.rae.es/avi%C3%B3n#4a5PEam","",""
"tabla","sustantivo","tabla","https://dle.rae.es/tabla#Ysg8s8S","",""
"audiencia","sustantivo","audiencia","https://dle.rae.es/audiencia#4MupgN3","",""
"junto","adjetivo","junto","https://dle.rae.es/junto#MdJ2PgT","",""
"hallar","verbo","hallar","https://dle.rae.es/hallar#JzMwBDv","0",""
"discusión","sustantivo","discusión","https://dle.rae.es/discusi%C3%B3n#DtqgCtv","",""
"verde","adjetivo","verde","https://dle.rae.es/verde#bbs8NTC","",""
"elevado","adjetivo","elevado","https://dle.rae.es/elevado#EX8xhyc","",""
"contemplar","verbo","contemplar","https://dle.rae.es/contemplar#AUC5lbB","0",""
"turístico","adjetivo","turístico","https://dle.rae.es/tur%C3%ADstico#axfDder","",""
"b","sustantivo","b","https://dle.rae.es/b#4iC4xGz","",""
"sorpresa","sustantivo","sorpresa","https://dle.rae.es/sorpresa#YQWOlWM","",""
"espacial","adjetivo","espacial","https://dle.rae.es/espacial#GSfCbYO","",""
"revisar","verbo","revisar","https://dle.rae.es/revisar#WOhBQZa","0",""
"concreto","adjetivo","concreto","https://dle.rae.es/concreto#AANYq2R","",""
"clasificación","sustantivo","clasificación","https://dle.rae.es/clasificaci%C3%B3n#9PqQrQv","",""
"norteamericano","adjetivo","norteamericano","https://dle.rae.es/norteamericano#QdHnPVd","",""
"fórmula","sustantivo","fórmula","https://dle.rae.es/f%C3%B3rmula#IFiac7W","",""
"modificar","verbo","modificar","https://dle.rae.es/modificar#PUctmue","0",""
"fijar","verbo","fijar","https://dle.rae.es/fijar#Ht3eBuJ","0",""
"árbol","sustantivo","árbol","https://dle.rae.es/%C3%A1rbol#3QPp95d","",""
"expectativa","sustantivo","expectativa","https://dle.rae.es/expectativa#HI1X80V","",""
"piloto","sustantivo","piloto","https://dle.rae.es/piloto#T0pFGII","",""
"pandemia","sustantivo","pandemia","https://dle.rae.es/pandemia#RerUNMa","",""
"aun","adverbio","aun","https://dle.rae.es/aun#4ObzbDY","",""
"externo","adjetivo","externo","https://dle.rae.es/externo#HN5TsKC","",""
"reclamar","verbo","reclamar","https://dle.rae.es/reclamar#VS3AoJM","0",""
"cerebro","sustantivo","cerebro","https://dle.rae.es/cerebro#8Kjc7uR","",""
"dimensión","sustantivo","dimensión","https://dle.rae.es/dimensi%C3%B3n#Dn3VM1z","",""
"playa","sustantivo","playa","https://dle.rae.es/playa#TNj4Tug","",""
"prácticamente","adverbio","prácticamente","https://dle.rae.es/pr%C3%A1cticamente#TtA3oZe","",""
"video","sustantivo","video","https://dle.rae.es/video#bm7DOSs","",""
"entrenamiento","sustantivo","entrenamiento","https://dle.rae.es/entrenamiento#Fn5HnQx","",""
"argumento","sustantivo","argumento","https://dle.rae.es/argumento#3YKtkpX","",""
"conectar","verbo","conectar","https://dle.rae.es/conectar#ADJQXH0","0",""
"viento","sustantivo","viento","https://dle.rae.es/viento#bnYP5E0","",""
"policial","adjetivo","policial","https://dle.rae.es/policial#TWSd8pW","",""
"caja","sustantivo","caja","https://dle.rae.es/caja#6dxYOPn","",""
"academia","sustantivo","academia","https://dle.rae.es/academia#0FhRgFA","",""
"pobre","adjetivo","pobre","https://dle.rae.es/pobre#TSXVHEa","",""
"federal","adjetivo","federal","https://dle.rae.es/federal#HikFoji","",""
"situar","verbo","situar","https://dle.rae.es/situar#Y2yz4Rp","0","actuar"
"manifestación","sustantivo","manifestación","https://dle.rae.es/manifestaci%C3%B3n#ODa74yP","",""
"guardar","verbo","guardar","https://dle.rae.es/guardar#JjJWqPL","0",""
"climático","adjetivo","climático","https://dle.rae.es/clim%C3%A1tico#9Sv7hu1","",""
"espíritu","sustantivo","espíritu","https://dle.rae.es/esp%C3%ADritu#GcX069Y","",""
"liderar","verbo","liderar","https://dle.rae.es/liderar#NH3gJJ5","0",""
"absoluto","adjetivo","absoluto","https://dle.rae.es/absoluto#0CY07hD","",""
"ordenar","verbo","ordenar","https://dle.rae.es/ordenar#R9qL4Xe","0",""
"corrupción","sustantivo","corrupción","https://dle.rae.es/corrupci%C3%B3n#B0dY4l3","",""
"quizá","adverbio","quizá","https://dle.rae.es/quiz%C3%A1#UxdCUVe","",""
"resistencia","sustantivo","resistencia","https://dle.rae.es/resistencia#WAPyoek","",""
"evidencia","sustantivo","evidencia","https://dle.rae.es/evidencia#H9WZ6YF","",""
"padecer","verbo","padecer","https://dle.rae.es/padecer#RQZX5Qb","0","agradecer"
"clínico","adjetivo","clínico","https://dle.rae.es/cl%C3%ADnico#9TNmHzU","",""
"manejo","sustantivo","manejo","https://dle.rae.es/manejo#OB2xQhT","",""
"aproximadamente","adverbio","aproximadamente","https://dle.rae.es/aproximadamente#3KMvVZD","",""
"ejecutivo","adjetivo","ejecutivo","https://dle.rae.es/ejecutivo#ES3gbuJ","",""
"talento","sustantivo","talento","https://dle.rae.es/talento#YzSnsTL","",""
"elevar","verbo","elevar","https://dle.rae.es/elevar#EXF3WnM","0",""
"estrenar","verbo","estrenar","https://dle.rae.es/estrenar#Gyi9095","0",""
"innovación","sustantivo","innovación","https://dle.rae.es/innovaci%C3%B3n#Lgx0cfV","",""
"comparar","verbo","comparar","https://dle.rae.es/comparar#9z3AWXL","0",""
"quitar","verbo","quitar","https://dle.rae.es/quitar#UxLX5ih","0",""
"sentimiento","sustantivo","sentimiento","https://dle.rae.es/sentimiento#XbTu91V","",""
"anuncio","sustantivo","anuncio","https://dle.rae.es/anuncio#30CbZk1","",""
"responsable","adjetivo","responsable","https://dle.rae.es/responsable#WCrxqOp","",""
"introducir","verbo","introducir","https://dle.rae.es/introducir#M09Brgt","0","conducir"
"criticar","verbo","criticar","https://dle.rae.es/criticar#BKFoPJO","0",""
"beneficiar","verbo","beneficiar","https://dle.rae.es/beneficiar#5Lc9JRf","0","anunciar"
"merecer","verbo","merecer","https://dle.rae.es/merecer#OzffqGN","0","agradecer"
"intervenir","verbo","intervenir","https://dle.rae.es/intervenir#LxRmruS","0","venir"
"complicado","adjetivo","complicado","https://dle.rae.es/complicado#A1i78mC","",""
"caracterizar","verbo","caracterizar","https://dle.rae.es/caracterizar#7OpEEFy","0",""
"socio","sustantivo","socio","https://dle.rae.es/socio#YCEk4Yy","",""
"posteriormente","adverbio","posteriormente","https://dle.rae.es/posteriormente#TpVPDiu","",""
"mandatario","sustantivo","mandatario","https://dle.rae.es/mandatario#O9l9jMW","",""
"delantero","sustantivo","delantero","https://dle.rae.es/delantero#C63FneK","",""
"esencial","adjetivo","esencial","https://dle.rae.es/esencial#GOge1xq","",""
"correspondiente","adjetivo","correspondiente","https://dle.rae.es/correspondiente#Az1JeBU","",""
"tienda","sustantivo","tienda","https://dle.rae.es/tienda#ZiuGZf2","",""
"vuelo","sustantivo","vuelo","https://dle.rae.es/vuelo#c4eIbua","",""
"masa","sustantivo","masa","https://dle.rae.es/masa#OWEvPFc","",""
"atacar","verbo","atacar","https://dle.rae.es/atacar#48mrGJP","0",""
"consultar","verbo","consultar","https://dle.rae.es/consultar#AShygIB","0",""
"latinoamericano","adjetivo","latinoamericano","https://dle.rae.es/latinoamericano#Mz2oteK","",""
"acordar","verbo","acordar","https://dle.rae.es/acordar#0ZKiQZ3","0","contar"
"separar","verbo","separar","https://dle.rae.es/separar#XckTyL2","0",""
"respecto","sustantivo","respecto","https://dle.rae.es/respecto#WC1YIHF","",""
"humanidad","sustantivo","humanidad","https://dle.rae.es/humanidad#KnPZIuF","",""
"lanzamiento","sustantivo","lanzamiento","https://dle.rae.es/lanzamiento#MuZFCG2","",""
"escaso","adjetivo","escaso","https://dle.rae.es/escaso#GDFKjDN","",""
"disciplina","sustantivo","disciplina","https://dle.rae.es/disciplina#DsFSpIT","",""
"frase","sustantivo","frase","https://dle.rae.es/frase#IPhICME","",""
"encargar","verbo","encargar","https://dle.rae.es/encargar#F0p6rb4","0",""
"posterior","adjetivo","posterior","https://dle.rae.es/posterior#TpRZvxK","",""
"chino","adjetivo","chino","https://dle.rae.es/chino#8pnMy5C","",""
"homenaje","sustantivo","homenaje","https://dle.rae.es/homenaje#KagkH7u","",""
"sentar","verbo","sentar","https://dle.rae.es/sentar#Xb0KxJy","0","acertar"
"frecuente","adjetivo","frecuente","https://dle.rae.es/frecuente#IQySkho","",""
"palacio","sustantivo","palacio","https://dle.rae.es/palacio#RV4CdtX","",""
"encabezar","verbo","encabezar","https://dle.rae.es/encabezar#EwKIHBU","0",""
"practicar","verbo","practicar","https://dle.rae.es/practicar#TtAtLcR","0",""
"conducta","sustantivo","conducta","https://dle.rae.es/conducta#AChkdr3","",""
"percibir","verbo","percibir","https://dle.rae.es/percibir#SXXZjnf","0",""
"capítulo","sustantivo","capítulo","https://dle.rae.es/cap%C3%ADtulo#7L0XroM","",""
"reflexión","sustantivo","reflexión","https://dle.rae.es/reflexi%C3%B3n#VdLsNBL","",""
"emisión","sustantivo","emisión","https://dle.rae.es/emisi%C3%B3n#EjQrABh","",""
"emoción","sustantivo","emoción","https://dle.rae.es/emoci%C3%B3n#EjXP0mU","",""
"rendimiento","sustantivo","rendimiento","https://dle.rae.es/rendimiento#VwxnN6O","",""
"peligroso","adjetivo","peligroso","https://dle.rae.es/peligroso#SON7oCO","",""
"pobreza","sustantivo","pobreza","https://dle.rae.es/pobreza#TStddr0","",""
"proporcionar","verbo","proporcionar","https://dle.rae.es/proporcionar#UObFf0T","0",""
"institucional","adjetivo","institucional","https://dle.rae.es/institucional#LnQNBsl","",""
"agenda","sustantivo","agenda","https://dle.rae.es/agenda#14mRqHq","",""
"respectivamente","adverbio","respectivamente","https://dle.rae.es/respectivamente#WByNUwd","",""
"conservar","verbo","conservar","https://dle.rae.es/conservar#APSYcwO","0",""
"senador","sustantivo","senador","https://dle.rae.es/senador#XZ3TSQY","",""
"falso","adjetivo","falso","https://dle.rae.es/falso#HZC1ih6","",""
"pasión","sustantivo","pasión","https://dle.rae.es/pasi%C3%B3n#S4Caraz","",""
"aparato","sustantivo","aparato","https://dle.rae.es/aparato#34pFTQ2","",""
"tanto","sustantivo","tanto","https://dle.rae.es/tanto#Z60aNMi","",""
"dormir","verbo","dormir","https://dle.rae.es/dormir#E9e9ZKl","1",""
"gas","sustantivo","gas","https://dle.rae.es/gas#IyS0m4t","",""
"adaptar","verbo","adaptar","https://dle.rae.es/adaptar#0hMBUwM","0",""
"margen","sustantivo","margen","https://dle.rae.es/margen#OOa0UjW","",""
"descartar","verbo","descartar","https://dle.rae.es/descartar#Cd67RCN","0",""
"bosque","sustantivo","bosque","https://dle.rae.es/bosque#5xAxQKq","",""
"confiar","verbo","confiar","https://dle.rae.es/confiar#AFANQX4","0","enviar"
"masivo","adjetivo","masivo","https://dle.rae.es/masivo#OXy98kC","",""
"celebración","sustantivo","celebración","https://dle.rae.es/celebraci%C3%B3n#88mxsjA","",""
"asociar","verbo","asociar","https://dle.rae.es/asociar#42B2wig","0","anunciar"
"conexión","sustantivo","conexión","https://dle.rae.es/conexi%C3%B3n#ADjjIyE","",""
"mental","adjetivo","mental","https://dle.rae.es/mental#OwOJnbd","",""
"cocina","sustantivo","cocina","https://dle.rae.es/cocina#9aoCL5w","",""
"perfil","sustantivo","perfil","https://dle.rae.es/perfil#SagtYdL","",""
"desafío","sustantivo","desafío","https://dle.rae.es/desaf%C3%ADo#CNE8fk7","",""
"interpretación","sustantivo","interpretación","https://dle.rae.es/interpretaci%C3%B3n#LwRLSt9","",""
"aparición","sustantivo","aparición","https://dle.rae.es/aparici%C3%B3n#35cu0tj","",""
"cuidar","verbo","cuidar","https://dle.rae.es/cuidar#Bbp9xqI","0",""
"mandar","verbo","mandar","https://dle.rae.es/mandar#O9XNjAe","0",""
"aprendizaje","sustantivo","aprendizaje","https://dle.rae.es/aprendizaje#3IacRHm","",""
"productivo","adjetivo","productivo","https://dle.rae.es/productivo#UH9MVsL","",""
"justo","adjetivo","justo","https://dle.rae.es/justo#MfO65xY","",""
"extraordinario","adjetivo","extraordinario","https://dle.rae.es/extraordinario#HP5RXLV","",""
"arriba","adverbio","arriba","https://dle.rae.es/arriba#3kHGgt1","",""
"comprometer","verbo","comprometer","https://dle.rae.es/comprometer#A3pte1z","0",""
"petróleo","sustantivo","petróleo","https://dle.rae.es/petr%C3%B3leo#SqSE0eH","",""
"salario","sustantivo","salario","https://dle.rae.es/salario#X1gL4YQ","",""
"trayectoria","sustantivo","trayectoria","https://dle.rae.es/trayectoria#aXwzDUJ","",""
"argentino","sustantivo","argentino","https://dle.rae.es/argentino#3XARJD9","",""
"preparación","sustantivo","preparación","https://dle.rae.es/preparaci%C3%B3n#U3ig61U","",""
"resaltar","verbo","resaltar","https://dle.rae.es/resaltar#W7EXXFd","0",""
"echar","verbo","echar","https://dle.rae.es/echar#EJtx4Yo","0",""
"café","sustantivo","café","https://dle.rae.es/caf%C3%A9#6bQcjCM","",""
"probablemente","adverbio","probablemente","https://dle.rae.es/probablemente#UDyjiLX","",""
"obligación","sustantivo","obligación","https://dle.rae.es/obligaci%C3%B3n#QnORdT8","",""
"correcto","adjetivo","correcto","https://dle.rae.es/correcto#AxMIIPx","",""
"personalidad","sustantivo","personalidad","https://dle.rae.es/personalidad#SjbIp9U","",""
"pista","sustantivo","pista","https://dle.rae.es/pista#TDQL0Vc","",""
"alimentación","sustantivo","alimentación","https://dle.rae.es/alimentaci%C3%B3n#1ra46Vc","",""
"variedad","sustantivo","variedad","https://dle.rae.es/variedad#bNukiJF","",""
"clima","sustantivo","clima","https://dle.rae.es/clima#9SplT6k","",""
"autónomo","adjetivo","autónomo","https://dle.rae.es/aut%C3%B3nomo#4U11edq","",""
"recuerdo","sustantivo","recuerdo","https://dle.rae.es/recuerdo#VX0u9vz","",""
"puerto","sustantivo","puerto","https://dle.rae.es/puerto#UahFsZE","",""
"grabar","verbo","grabar","https://dle.rae.es/grabar#JO29ach","0",""
"empresarial","adjetivo","empresarial","https://dle.rae.es/empresarial#EszEb4S","",""
"oscuro","adjetivo","oscuro","https://dle.rae.es/oscuro#RHmIfCC","",""
"piedra","sustantivo","piedra","https://dle.rae.es/piedra#Sx1NDzh","",""
"derecha","sustantivo","derecha","https://dle.rae.es/derecho#CGv2o6x","",""
"tarjeta","sustantivo","tarjeta","https://dle.rae.es/tarjeta#ZCpqK8N","",""
"facultad","sustantivo","facultad","https://dle.rae.es/facultad#HTxyZDZ","",""
"primario","adjetivo","primario","https://dle.rae.es/primario#UARnEk8","",""
"independencia","sustantivo","independencia","https://dle.rae.es/independencia#LMuGi4L","",""
"carretero","sustantivo","carretero","https://dle.rae.es/carretero#7h1iknH","",""
"suspender","verbo","suspender","https://dle.rae.es/suspender#Yp0F2Mc","0",""
"cultivo","sustantivo","cultivo","https://dle.rae.es/cultivo#Bep4tnp","",""
"episodio","sustantivo","episodio","https://dle.rae.es/episodio#Fxv5THs","",""
"gobernador","sustantivo","gobernador","https://dle.rae.es/gobernador#JHHUQzx","",""
"enseñanza","sustantivo","enseñanza","https://dle.rae.es/ense%C3%B1anza#FdHOWng","",""
"integración","sustantivo","integración","https://dle.rae.es/integraci%C3%B3n#Lq0xqZt","",""
"cárcel","sustantivo","cárcel","https://dle.rae.es/c%C3%A1rcel#7Tue0Tp","",""
"belleza","sustantivo","belleza","https://dle.rae.es/belleza#5Jw7ezp","",""
"destacado","adjetivo","destacado","https://dle.rae.es/destacado#DRsTzFa","",""
"particular","sustantivo","particular","https://dle.rae.es/particular#S0Hnyxb","",""
"evidente","adjetivo","evidente","https://dle.rae.es/evidente#H9beL1m","",""
"bolsa","sustantivo","bolsa","https://dle.rae.es/bolsa#5offwNC","",""
"convencer","verbo","convencer","https://dle.rae.es/convencer#Afgozoa","0",""
"tono","sustantivo","tono","https://dle.rae.es/tono#a15EQrS","",""
"acumular","verbo","acumular","https://dle.rae.es/acumular#0fX65QP","0",""
"dominar","verbo","dominar","https://dle.rae.es/dominar#E6m8yUL","0",""
"brazo","sustantivo","brazo","https://dle.rae.es/brazo#64TRGlB","",""
"danza","sustantivo","danza","https://dle.rae.es/danza#BrRd9WY","",""
"supremo","adjetivo","supremo","https://dle.rae.es/supremo#YmVRjQc","",""
"tensión","sustantivo","tensión","https://dle.rae.es/tensi%C3%B3n#ZTjl0nP","",""
"archivo","sustantivo","archivo","https://dle.rae.es/archivo#3SrKnVZ","",""
"administrativo","adjetivo","administrativo","https://dle.rae.es/administrativo#0mJJ8II","",""
"extremo","adjetivo","extremo","https://dle.rae.es/extremo#HQ7BTGT","",""
"sujeto","sustantivo","sujeto","https://dle.rae.es/sujeto#YgC4A98","",""
"caminar","verbo","caminar","https://dle.rae.es/caminar#6xqCnDZ","0",""
"nombrar","verbo","nombrar","https://dle.rae.es/nombrar#QZt8arq","0",""
"solar","adjetivo","solar","https://dle.rae.es/solar#YFwb5VI","",""
"sustancia","sustantivo","sustancia","https://dle.rae.es/sustancia#YpIehqm","",""
"discutir","verbo","discutir","https://dle.rae.es/discutir#DtuofiJ","0",""
"aéreo","adjetivo","aéreo","https://dle.rae.es/a%C3%A9reo#0t89lQ4","",""
"establecimiento","sustantivo","establecimiento","https://dle.rae.es/establecimiento#GioXRTI","",""
"ficción","sustantivo","ficción","https://dle.rae.es/ficci%C3%B3n#HqnhtmK","",""
"instancia","sustantivo","instancia","https://dle.rae.es/instancia#LmbD1T2","",""
"circuito","sustantivo","circuito","https://dle.rae.es/circuito#9JQn01o","",""
"apreciar","verbo","apreciar","https://dle.rae.es/apreciar#3IBOF6d","0","anunciar"
"fiscalía","sustantivo","fiscalía","https://dle.rae.es/fiscal%C3%ADa#HzPj4eW","",""
"concentrar","verbo","concentrar","https://dle.rae.es/concentrar#A74GIZC","0",""
"muerto","sustantivo","muerto","https://dle.rae.es/muerto#Q0NUNXM","",""
"aeropuerto","sustantivo","aeropuerto","https://dle.rae.es/aeropuerto#0ukZbvB","",""
"ambiente","adjetivo","ambiente","https://dle.rae.es/ambiente#2HmTzTK","",""
"ilegal","adjetivo","ilegal","https://dle.rae.es/ilegal#Kxfx2RO","",""
"batalla","sustantivo","batalla","https://dle.rae.es/batalla#5CfdCo2","",""
"p","sustantivo","p","https://dle.rae.es/p#RNnGGKQ","",""
"protagonizar","verbo","protagonizar","https://dle.rae.es/protagonizar#URR18hx","0",""
"correo","sustantivo","correo","https://dle.rae.es/correo#AyfHjz9","",""
"ejecutar","verbo","ejecutar","https://dle.rae.es/ejecutar#ERxzMn2","0",""
"piso","sustantivo","piso","https://dle.rae.es/piso#TD3BxDc","",""
"genético","adjetivo","genético","https://dle.rae.es/gen%C3%A9tico#J4a2bti","",""
"figurar","verbo","figurar","https://dle.rae.es/figurar#Hsknq2T","0",""
"legislativo","adjetivo","legislativo","https://dle.rae.es/legislativo#N4h9PKO","",""
"debajo","adverbio","debajo","https://dle.rae.es/debajo#BtfBQzd","",""
"cuánto","interrogativo","cuánto","https://dle.rae.es/cu%C3%A1nto#BSMOJmo","",""
"dieta","sustantivo","dieta","https://dle.rae.es/dieta#DiU68a5","",""
"parar","verbo","parar","https://dle.rae.es/parar#RsVKhBv","0",""
"experimentar","verbo","experimentar","https://dle.rae.es/experimentar#HIutMRm","0",""
"denominar","verbo","denominar","https://dle.rae.es/denominar#CBr6OwP","0",""
"formato","sustantivo","formato","https://dle.rae.es/formato#IFLBnYw","",""
"efectuar","verbo","efectuar","https://dle.rae.es/efectuar#EP1T95t","0","actuar"
"convenio","sustantivo","convenio","https://dle.rae.es/convenio#AgBNpjI","",""
"prometer","verbo","prometer","https://dle.rae.es/prometer#ULSmbRK","0",""
"silencio","sustantivo","silencio","https://dle.rae.es/silencio#XsesZEz","",""
"energético","adjetivo","energético","https://dle.rae.es/energ%C3%A9tico#FGBLXOC","",""
"definición","sustantivo","definición","https://dle.rae.es/definici%C3%B3n#C2nxHO5","",""
"reforzar","verbo","reforzar","https://dle.rae.es/reforzar#VebSk11","0","contar"
"agricultura","sustantivo","agricultura","https://dle.rae.es/agricultura#19xQSLH","",""
"motor","sustantivo","motor","https://dle.rae.es/motor#PwbtdE5","",""
"ruso","adjetivo","ruso","https://dle.rae.es/ruso#WrD1hra","",""
"vino","sustantivo","vino","https://dle.rae.es/vino#br2NGSw","",""
"seleccionar","verbo","seleccionar","https://dle.rae.es/seleccionar#XUHvLNc","0",""
"cielo","sustantivo","cielo","https://dle.rae.es/cielo#9AhzvUU","",""
"mejora","sustantivo","mejora","https://dle.rae.es/mejora#OniqDn5","",""
"sanción","sustantivo","sanción","https://dle.rae.es/sanci%C3%B3n#XBPPICw","",""
"habitual","adjetivo","habitual","https://dle.rae.es/habitual#Jve1IGl","",""
"auto","sustantivo","auto","https://dle.rae.es/auto#4QtoGBy","",""
"católico","adjetivo","católico","https://dle.rae.es/cat%C3%B3lico#7yAuNn2","",""
"mente","sustantivo","mente","https://dle.rae.es/mente#OwgZLgt","",""
"consciente","adjetivo","consciente","https://dle.rae.es/consciente#ANybMv4","",""
"integral","adjetivo","integral","https://dle.rae.es/integral#LqB3rUj","",""
"garantía","sustantivo","garantía","https://dle.rae.es/garant%C3%ADa#IsE8t8h","",""
"cancha","sustantivo","cancha","https://dle.rae.es/cancha#74KA4U1","",""
"apostar","verbo","apostar","https://dle.rae.es/apostar#3Gyuz0q","0","contar"
"justificar","verbo","justificar","https://dle.rae.es/justificar#MfEJteq","0",""
"valorar","verbo","valorar","https://dle.rae.es/valorar#bJiPomE","0",""
"cuestionar","verbo","cuestionar","https://dle.rae.es/cuestionar#BbCrVc2","0",""
"colombiano","adjetivo","colombiano","https://dle.rae.es/colombiano#9phc0xq","",""
"combatir","verbo","combatir","https://dle.rae.es/combatir#9tV15Ry","0",""
"partida","sustantivo","partida","https://dle.rae.es/partida#S0XqZnr","",""
"inaugurar","verbo","inaugurar","https://dle.rae.es/inaugurar#LCBKVz0","0",""
"inteligente","adjetivo","inteligente","https://dle.rae.es/inteligente#Lr8kWNx","",""
"combustible","sustantivo","combustible","https://dle.rae.es/combustible#9u3ExG2","",""
"balón","sustantivo","balón","https://dle.rae.es/bal%C3%B3n#4uYZM5Q","",""
"probable","adjetivo","probable","https://dle.rae.es/probable#UDy6509","",""
"ingeniero","sustantivo","ingeniero","https://dle.rae.es/ingeniero#La8Ue5k","",""
"dividir","verbo","dividir","https://dle.rae.es/dividir#E0xW6VN","0",""
"virtual","adjetivo","virtual","https://dle.rae.es/virtual#buDJhh3","",""
"cruzar","verbo","cruzar","https://dle.rae.es/cruzar#BOfplQC","0",""
"vital","adjetivo","vital","https://dle.rae.es/vital#bwCD3eL","",""
"aventura","sustantivo","aventura","https://dle.rae.es/aventura#4YIaSvd","",""
"tiro","sustantivo","tiro","https://dle.rae.es/tiro#ZrTpmUI","",""
"blanco","sustantivo","blanco","https://dle.rae.es/blanco#5eNsBBo","",""
"ronda","sustantivo","ronda","https://dle.rae.es/ronda#WgOt7Rx","",""
"financiar","verbo","financiar","https://dle.rae.es/financiar#HxgIZuf","0","anunciar"
"cooperación","sustantivo","cooperación","https://dle.rae.es/cooperaci%C3%B3n#Aiac8ws","",""
"rueda","sustantivo","rueda","https://dle.rae.es/rueda#WnjSans","",""
"opinar","verbo","opinar","https://dle.rae.es/opinar#R6goX47","0",""
"soldado","sustantivo","soldado","https://dle.rae.es/soldado#YGQMUUy","",""
"juvenil","adjetivo","juvenil","https://dle.rae.es/juvenil#MfRaZDc","",""
"arrancar","verbo","arrancar","https://dle.rae.es/arrancar#3fRt1z5","0",""
"prevenir","verbo","prevenir","https://dle.rae.es/prevenir#U9JkQmL","0","venir"
"cotidiano","adjetivo","cotidiano","https://dle.rae.es/cotidiano#B8lKsuQ","",""
"contratar","verbo","contratar","https://dle.rae.es/contratar#AdQu8i2","0",""
"condenar","verbo","condenar","https://dle.rae.es/condenar#ABBvf63","0",""
"bastar","verbo","bastar","https://dle.rae.es/bastar#5BD5w98","0",""
"recomendación","sustantivo","recomendación","https://dle.rae.es/recomendaci%C3%B3n#VTgRISn","",""
"amenazar","verbo","amenazar","https://dle.rae.es/amenazar#2JbmgVX","0",""
"consecutivo","adjetivo","consecutivo","https://dle.rae.es/consecutivo#AOPSRsW","",""
"combinar","verbo","combinar","https://dle.rae.es/combinar#9tocVa2","0",""
"pendiente","adjetivo","pendiente","https://dle.rae.es/pendiente#SRjVYzy","",""
"comprobar","verbo","comprobar","https://dle.rae.es/comprobar#A3csXkj","0","contar"
"testigo","sustantivo","testigo","https://dle.rae.es/testigo#ZfWvJyK","",""
"comentario","sustantivo","comentario","https://dle.rae.es/comentario#9vEq2VJ","",""
"rodear","verbo","rodear","https://dle.rae.es/rodear#Wb2pdLI","0",""
"récord","sustantivo","récord","https://dle.rae.es/r%C3%A9cord#VUyqA8E","",""
"andar","verbo","andar","https://dle.rae.es/andar#2ZGgAPa","1",""
"llenar","verbo","llenar","https://dle.rae.es/llenar#NVINq2p","0",""
"derivar","verbo","derivar","https://dle.rae.es/derivar#CHIraKK","0",""
"breve","adjetivo","breve","https://dle.rae.es/breve#65PRGOf","",""
"estratégico","adjetivo","estratégico","https://dle.rae.es/estrat%C3%A9gico#GxS9lM9","",""
"leche","sustantivo","leche","https://dle.rae.es/leche#N2tsDWF","",""
"baja","sustantivo","baja","https://dle.rae.es/baja#4nvSOL2","",""
"cortar","verbo","cortar","https://dle.rae.es/cortar#B1wW3tP","0",""
"general","sustantivo","general","https://dle.rae.es/general#J3mD89u","",""
"prioridad","sustantivo","prioridad","https://dle.rae.es/prioridad#UCd7HKS","",""
"calcular","verbo","calcular","https://dle.rae.es/calcular#6kjt4W4","0",""
"dosis","sustantivo","dosis","https://dle.rae.es/dosis#EASwa0D","",""
"gratuito","adjetivo","gratuito","https://dle.rae.es/gratuito#JVNf1Rc","",""
"útil","adjetivo","útil","https://dle.rae.es/%C3%BAtil#bCSFzkP","",""
"transformación","sustantivo","transformación","https://dle.rae.es/transformaci%C3%B3n#aJYQUV5","",""
"continente","sustantivo","continente","https://dle.rae.es/continente#AVWd4wu","",""
"excepción","sustantivo","excepción","https://dle.rae.es/excepci%C3%B3n#HBnSOcy","",""
"secundario","adjetivo","secundario","https://dle.rae.es/secundario#XQOKazg","",""
"proyectar","verbo","proyectar","https://dle.rae.es/proyectar#UV1NQcU","0",""
"futbolista","sustantivo","futbolista","https://dle.rae.es/futbolista#Ieuzn9Z","",""
"alma","sustantivo","alma","https://dle.rae.es/alma#1vVaUXY","",""
"hoja","sustantivo","hoja","https://dle.rae.es/hoja#KYSU0CJ","",""
"destruir","verbo","destruir","https://dle.rae.es/destruir#DVqxIJU","0","construir"
"poema","sustantivo","poema","https://dle.rae.es/poema#TURIRHc","",""
"paisaje","sustantivo","paisaje","https://dle.rae.es/paisaje#RT6QMkS","",""
"visual","adjetivo","visual","https://dle.rae.es/visual#bw5brFZ","",""
"notar","verbo","notar","https://dle.rae.es/notar#Qe3Fcpq","0",""
"sección","sustantivo","sección","https://dle.rae.es/secci%C3%B3n#XOetWnC","",""
"sindicato","sustantivo","sindicato","https://dle.rae.es/sindicato#XxoZcbH","",""
"brasileño","adjetivo","brasileño","https://dle.rae.es/brasile%C3%B1o#63fBkXd","",""
"avenida","sustantivo","avenida","https://dle.rae.es/avenida#4Y1msZ9","",""
"decreto","sustantivo","decreto","https://dle.rae.es/decreto#BzbhM4P","",""
"empate","sustantivo","empate","https://dle.rae.es/empate#EmykMNX","",""
"conductor","sustantivo","conductor","https://dle.rae.es/conductor#AD1o5X3","",""
"atentado","sustantivo","atentado","https://dle.rae.es/atentado#4CykJbf","",""
"portavoz","sustantivo","portavoz","https://dle.rae.es/portavoz#TlB6b3O","",""
"matrimonio","sustantivo","matrimonio","https://dle.rae.es/matrimonio#OdQHkYU","",""
"preciso","adjetivo","preciso","https://dle.rae.es/preciso#TwEYBwx","",""
"boca","sustantivo","boca","https://dle.rae.es/boca#5i6aRwS","",""
"atravesar","verbo","atravesar","https://dle.rae.es/atravesar#4KAfNef","0","acertar"
"tráfico","sustantivo","tráfico","https://dle.rae.es/tr%C3%A1fico#aEMKqDr","",""
"inglés","adjetivo","inglés","https://dle.rae.es/ingl%C3%A9s#LaSRFbr","",""
"comparación","sustantivo","comparación","https://dle.rae.es/comparaci%C3%B3n#9yqls7Q","",""
"filme","sustantivo","filme","https://dle.rae.es/filme#HvPT03q","",""
"sano","adjetivo","sano","https://dle.rae.es/sano#XEdK8cc","",""
"extraño","adjetivo","extraño","https://dle.rae.es/extra%C3%B1o#HOz2OKr","",""
"derecho","adjetivo","derecho","https://dle.rae.es/derecho#CGv2o6x","",""
"decena","sustantivo","decena","https://dle.rae.es/deceno#BvkvZuZ","",""
"plato","sustantivo","plato","https://dle.rae.es/plato#TNHN14S","",""
"prisión","sustantivo","prisión","https://dle.rae.es/prisi%C3%B3n#UCpprON","",""
"sonar","verbo","sonar","https://dle.rae.es/sonar#YLoFvGN","0","contar"
"nacimiento","sustantivo","nacimiento","https://dle.rae.es/nacimiento#QBlPaLE","",""
"sentencia","sustantivo","sentencia","https://dle.rae.es/sentencia#Xb6DGYA","",""
"recurrir","verbo","recurrir","https://dle.rae.es/recurrir#VXdkoxY","0",""
"biblioteca","sustantivo","biblioteca","https://dle.rae.es/biblioteca#5SGETnQ","",""
"abuelo","sustantivo","abuelo","https://dle.rae.es/abuelo#0DKKo2d","",""
"vestir","verbo","vestir","https://dle.rae.es/vestir#bhgAqSI","0","pedir"
"idioma","sustantivo","idioma","https://dle.rae.es/idioma#KuMp7nw","",""
"completamente","adverbio","completamente","https://dle.rae.es/completamente#A1NpCDm","",""
"juventud","sustantivo","juventud","https://dle.rae.es/juventud#MfShQ7t","",""
"ropa","sustantivo","ropa","https://dle.rae.es/ropa#WhTo2TW","",""
"plano","sustantivo","plano","https://dle.rae.es/plano#TKFR668","",""
"mal","sustantivo","mal","https://dle.rae.es/mal#NyEUGaa","",""
"asesinato","sustantivo","asesinato","https://dle.rae.es/asesinato#3yggPCa","",""
"optar","verbo","optar","https://dle.rae.es/optar#R7PQd7N","0",""
"fortalecer","verbo","fortalecer","https://dle.rae.es/fortalecer#IGyswlE","0","agradecer"
"gira","sustantivo","gira","https://dle.rae.es/gira#JCyHP4L","",""
"revisión","sustantivo","revisión","https://dle.rae.es/revisi%C3%B3n#WOj4YsJ","",""
"periódico","sustantivo","periódico","https://dle.rae.es/peri%C3%B3dico#SdLXckw","",""
"ideal","adjetivo","ideal","https://dle.rae.es/ideal#KtRk4zi","",""
"software","sustantivo","software","https://dle.rae.es/software#YErlG2H","",""
"tender","verbo","tender","https://dle.rae.es/tender#ZSeLVNz","0","entender"
"poderoso","adjetivo","poderoso","https://dle.rae.es/poderoso#TU6Kt1F","",""
"jamás","adverbio","jamás","https://dle.rae.es/jam%C3%A1s#MKBVDM9","",""
"existente","adjetivo","existente","https://dle.rae.es/existente#HG2l5G2","",""
"explicación","sustantivo","explicación","https://dle.rae.es/explicaci%C3%B3n#HJU0LSu","",""
"tonelada","sustantivo","tonelada","https://dle.rae.es/tonelada#a0V87Tz","",""
"parlamento","sustantivo","parlamento","https://dle.rae.es/parlamento#Rx1JbgP","",""
"potencia","sustantivo","potencia","https://dle.rae.es/potencia#Trbc5zu","",""
"intelectual","adjetivo","intelectual","https://dle.rae.es/intelectual#Lqb2TD7","",""
"adicional","adjetivo","adicional","https://dle.rae.es/adicional#0kNnwGq","",""
"sólido","adjetivo","sólido","https://dle.rae.es/s%C3%B3lido#YIKpCd6","",""
"alcance","sustantivo","alcance","https://dle.rae.es/alcance#1bs6INR","",""
"telefónico","adjetivo","telefónico","https://dle.rae.es/telef%C3%B3nico#ZLsbPiD","",""
"fruto","sustantivo","fruto","https://dle.rae.es/fruto#IXxev3t","",""
"universal","adjetivo","universal","https://dle.rae.es/universal#b6Nu19h","",""
"fe","sustantivo","fe","https://dle.rae.es/fe#HhQFq5H","",""
"déficit","sustantivo","déficit","https://dle.rae.es/d%C3%A9ficit#C2gGiMn","",""
"alimentar","verbo","alimentar","https://dle.rae.es/alimentar#1rjkyOS","0",""
"titular","verbo","titular","https://dle.rae.es/titular#Ztj2OHs","0",""
"despertar","verbo","despertar","https://dle.rae.es/despertar#DLPq87N","0","acertar"
"perro","sustantivo","perro","https://dle.rae.es/perro#SihVF3L","",""
"puente","sustantivo","puente","https://dle.rae.es/puente#UZtOEos","",""
"madera","sustantivo","madera","https://dle.rae.es/madera#NpSqhWO","",""
"terapia","sustantivo","terapia","https://dle.rae.es/terapia#ZWmeaFc","",""
"exhibir","verbo","exhibir","https://dle.rae.es/exhibir#HF0lL8x","0",""
"rol","sustantivo","rol","https://dle.rae.es/rol#WcgmTVE","",""
"prohibir","verbo","prohibir","https://dle.rae.es/prohibir#UK8SJRJ","1",""
"escapar","verbo","escapar","https://dle.rae.es/escapar#G9wISfX","0",""
"distribuir","verbo","distribuir","https://dle.rae.es/distribuir#DzLicOv","0","construir"
"tejido","sustantivo","tejido","https://dle.rae.es/tejido#ZKplh5i","",""
"rostro","sustantivo","rostro","https://dle.rae.es/rostro#WjtVu35","",""
"héroe","sustantivo","héroe","https://dle.rae.es/h%C3%A9roe#KEGB43L","",""
"liberar","verbo","liberar","https://dle.rae.es/liberar#NEWa938","0",""
"cinta","sustantivo","cinta","https://dle.rae.es/cinta#9HBQKRl","",""
"exterior","sustantivo","exterior","https://dle.rae.es/exterior#HMcj24F","",""
"agradecer","verbo","agradecer","https://dle.rae.es/agradecer#17iIyee","1",""
"exportación","sustantivo","exportación","https://dle.rae.es/exportaci%C3%B3n#HKZN9p1","",""
"observación","sustantivo","observación","https://dle.rae.es/observaci%C3%B3n#Qostl2H","",""
"fruta","sustantivo","fruta","https://dle.rae.es/fruta#IXQNgcO","",""
"llamada","sustantivo","llamada","https://dle.rae.es/llamada#NTKgd80","",""
"creativo","adjetivo","creativo","https://dle.rae.es/creativo#BD4BTbq","",""
"negociar","verbo","negociar","https://dle.rae.es/negociar#QMTFYRQ","0","anunciar"
"duelo","sustantivo","duelo","https://dle.rae.es/duelo#EEl28uS","",""
"presente","sustantivo","presente","https://dle.rae.es/presente#U685C9x","",""
"igualmente","adverbio","igualmente","https://dle.rae.es/igualmente#KwnRYR3","",""
"trastorno","sustantivo","trastorno","https://dle.rae.es/trastorno#aVqiTEZ","",""
"realización","sustantivo","realización","https://dle.rae.es/realizaci%C3%B3n#VHSSd1K","",""
"espera","sustantivo","espera","https://dle.rae.es/espera#GYRO3eO","",""
"pared","sustantivo","pared","https://dle.rae.es/pared#RucCTKo","",""
"filosofía","sustantivo","filosofía","https://dle.rae.es/filosof%C3%ADa#Hw9B3HA","",""
"sexto","numeral","sexto","https://dle.rae.es/sexto#XlhNWbX","",""
"inferior","adjetivo","inferior","https://dle.rae.es/inferior#LVmovbn","",""
"mil","numeral","mil","https://dle.rae.es/mil#PENxPxR","",""
"proteína","sustantivo","proteína","https://dle.rae.es/prote%C3%ADna#URt2K1b","",""
"puro","adjetivo","puro","https://dle.rae.es/puro#UisSmCT","",""
"turista","sustantivo","turista","https://dle.rae.es/turista#axbE30m","",""
"continuo","adjetivo","continuo","https://dle.rae.es/continuo#AVqx1Ac","",""
"diversidad","sustantivo","diversidad","https://dle.rae.es/diversidad#E0b0PXH","",""
"traducir","verbo","traducir","https://dle.rae.es/traducir#aDwgC49","0","conducir"
"azúcar","sustantivo","azúcar","https://dle.rae.es/az%C3%BAcar#4gcuzQk","",""
"influir","verbo","influir","https://dle.rae.es/influir#LXkg9ir","0","construir"
"estadístico","sustantivo","estadístico","https://dle.rae.es/estad%C3%ADstico#GjpDTiC","",""
"proceder","verbo","proceder","https://dle.rae.es/proceder#UEixtXD","0",""
"listo","adjetivo","listo","https://dle.rae.es/listo#NQThQl7","",""
"intercambio","sustantivo","intercambio","https://dle.rae.es/intercambio#LseVlwq","",""
"c","sustantivo","c","https://dle.rae.es/c#6MolVcO","",""
"sabor","sustantivo","sabor","https://dle.rae.es/sabor#WtqKHWN","",""
"derrotar","verbo","derrotar","https://dle.rae.es/derrotar#CJWp2fh","0",""
"alcohol","sustantivo","alcohol","https://dle.rae.es/alcohol#1duiG9R","",""
"composición","sustantivo","composición","https://dle.rae.es/composici%C3%B3n#A2NWzQi","",""
"confesar","verbo","confesar","https://dle.rae.es/confesar#AEX3Pxc","0","acertar"
"vincular","verbo","vincular","https://dle.rae.es/vincular#bqQ51Ua","0",""
"humor","sustantivo","humor","https://dle.rae.es/humor#KpO2OpY","",""
"exceso","sustantivo","exceso","https://dle.rae.es/exceso#HCB2Mdi","",""
"conservación","sustantivo","conservación","https://dle.rae.es/conservaci%C3%B3n#APK9WiP","",""
"entrenar","verbo","entrenar","https://dle.rae.es/entrenar#Fn7OQB1","0",""
"toma","sustantivo","toma","https://dle.rae.es/toma#ZzNW207","",""
"cubano","adjetivo","cubano","https://dle.rae.es/cubano#BVeZv0s","",""
"vigente","adjetivo","vigente","https://dle.rae.es/vigente#bnsvtKu","",""
"violento","adjetivo","violento","https://dle.rae.es/violento#brjKWH1","",""
"asociado","adjetivo","asociado","https://dle.rae.es/asociado#427QGBS","",""
"habilidad","sustantivo","habilidad","https://dle.rae.es/habilidad#JvGWgMw","",""
"don","sustantivo","don","https://dle.rae.es/don#E7db2Hk","",""
"modificación","sustantivo","modificación","https://dle.rae.es/modificaci%C3%B3n#PUZF5XS","",""
"masculino","adjetivo","masculino","https://dle.rae.es/masculino#OXI9lOV","",""
"nuclear","adjetivo","nuclear","https://dle.rae.es/nuclear#QhBXVpd","",""
"colaborar","verbo","colaborar","https://dle.rae.es/colaborar#9j7x3u4","0",""
"puesta","sustantivo","puesta","https://dle.rae.es/puesta#UawHoid","",""
"desconocer","verbo","desconocer","https://dle.rae.es/desconocer#Ci8Sd5K","0","agradecer"
"guía","sustantivo","guía","https://dle.rae.es/gu%C3%ADa#JooDg2q","",""
"transmisión","sustantivo","transmisión","https://dle.rae.es/transmisi%C3%B3n#aLazCTl","",""
"creciente","adjetivo","creciente","https://dle.rae.es/creciente#BDNLbn8","",""
"biológico","adjetivo","biológico","https://dle.rae.es/biol%C3%B3gico#5Yl2vpr","",""
"convocatoria","sustantivo","convocatoria","https://dle.rae.es/convocatorio#AhcOXeC","",""
"aprobación","sustantivo","aprobación","https://dle.rae.es/aprobaci%C3%B3n#3JmBSUi","",""
"tal","adverbio","tal","https://dle.rae.es/tal#Yy91lUI","",""
"alegría","sustantivo","alegría","https://dle.rae.es/alegr%C3%ADa#1hLSSLe","",""
"panorama","sustantivo","panorama","https://dle.rae.es/panorama#RhySwSE","",""
"marcador","sustantivo","marcador","https://dle.rae.es/marcador#OMaPNQt","",""
"gerente","sustantivo","gerente","https://dle.rae.es/gerente#J8rFRwL","",""
"temor","sustantivo","temor","https://dle.rae.es/temor#ZPcybDR","",""
"orquesta","sustantivo","orquesta","https://dle.rae.es/orquesta#RFQ1dEc","",""
"novedad","sustantivo","novedad","https://dle.rae.es/novedad#Qf48Xbb","",""
"aceite","sustantivo","aceite","https://dle.rae.es/aceite#0LndtGh","",""
"foro","sustantivo","foro","https://dle.rae.es/foro#IGV0NxB","",""
"fundar","verbo","fundar","https://dle.rae.es/fundar#IbyHAnl","0",""
"flor","sustantivo","flor","https://dle.rae.es/flor#I6Rb5ZS","",""
"difundir","verbo","difundir","https://dle.rae.es/difundir#DkTKH1I","0",""
"ejecución","sustantivo","ejecución","https://dle.rae.es/ejecuci%C3%B3n#ERtQ2Oa","",""
"orgánico","adjetivo","orgánico","https://dle.rae.es/org%C3%A1nico#RBVBudL","",""
"atraer","verbo","atraer","https://dle.rae.es/atraer#4JMqxKi","0","traer"
"comunitario","adjetivo","comunitario","https://dle.rae.es/comunitario#A5XGPHp","",""
"relevante","adjetivo","relevante","https://dle.rae.es/relevante#VpzDZF6","",""
"secretaría","sustantivo","secretaría","https://dle.rae.es/secretar%C3%ADa#XP3xFsq","",""
"amar","verbo","amar","https://dle.rae.es/amar#2E4Cede","0",""
"centrar","verbo","centrar","https://dle.rae.es/centrar#8G3v9Ys","0",""
"ahorro","sustantivo","ahorro","https://dle.rae.es/ahorro#1JISUIX","",""
"abuso","sustantivo","abuso","https://dle.rae.es/abuso#0EZHSBG","",""
"horario","sustantivo","horario","https://dle.rae.es/horario#Ke9JU87","",""
"papa","sustantivo","papa","https://dle.rae.es/papa#RktMEkU","",""
"avanzado","adjetivo","avanzado","https://dle.rae.es/avanzado#4WjlsYm","",""
"devolver","verbo","devolver","https://dle.rae.es/devolver#DcCN6Yf","0","mover"
"claro","adverbio","claro","https://dle.rae.es/claro#9PhBhLd","",""
"clásico","sustantivo","clásico","https://dle.rae.es/cl%C3%A1sico#9Pp71kN","",""
"clasificar","verbo","clasificar","https://dle.rae.es/clasificar#9Q4qW3G","0",""
"atribuir","verbo","atribuir","https://dle.rae.es/atribuir#4KfKl3z","0","construir"
"cumbre","sustantivo","cumbre","https://dle.rae.es/cumbre#BfRAdiW","",""
"grasa","sustantivo","grasa","https://dle.rae.es/grasa#JUJVK2F","",""
"rendir","verbo","rendir","https://dle.rae.es/rendir#Vx2mt0Q","0","pedir"
"profundidad","sustantivo","profundidad","https://dle.rae.es/profundidad#UIseygp","",""
"solicitud","sustantivo","solicitud","https://dle.rae.es/solicitud#YI4Apqw","",""
"candidatura","sustantivo","candidatura","https://dle.rae.es/candidatura#76O30Ot","",""
"moral","adjetivo","moral","https://dle.rae.es/moral#Pm2wZfs","",""
"bello","adjetivo","bello","https://dle.rae.es/bello#5KBFtyf","",""
"propietario","sustantivo","propietario","https://dle.rae.es/propietario#UNvDOhC","",""
"cirugía","sustantivo","cirugía","https://dle.rae.es/cirug%C3%ADa#9LTpfeI","",""
"logro","sustantivo","logro","https://dle.rae.es/logro#NZw9HFH","",""
"estreno","sustantivo","estreno","https://dle.rae.es/estreno#GykSvgm","",""
"kilo","sustantivo","kilo","https://dle.rae.es/kilo#Mh281FW","",""
"sobrevivir","verbo","sobrevivir","https://dle.rae.es/sobrevivir#YAsnxRk","0",""
"venezolano","adjetivo","venezolano","https://dle.rae.es/venezolano#bXNAa9F","",""
"regular","verbo","regular","https://dle.rae.es/regular#VkMYOa2","0",""
"asistente","sustantivo","asistente","https://dle.rae.es/asistente#416WFrl","",""
"presunto","adjetivo","presunto","https://dle.rae.es/presunto#U7iUPdc","",""
"montaña","sustantivo","montaña","https://dle.rae.es/monta%C3%B1a#Pj62efq","",""
"tirar","verbo","tirar","https://dle.rae.es/tirar#Zr3ZJPx","0",""
"hábito","sustantivo","hábito","https://dle.rae.es/h%C3%A1bito#Jvcxrlo","",""
"honor","sustantivo","honor","https://dle.rae.es/honor#KdBUWwv","",""
"este","sustantivo","este","https://dle.rae.es/este#GoCiPnl","",""
"postura","sustantivo","postura","https://dle.rae.es/postura#Tqk0XI9","",""
"aporte","sustantivo","aporte","https://dle.rae.es/aporte#3GBoWhc","",""
"arquitectura","sustantivo","arquitectura","https://dle.rae.es/arquitectura#3dyUvi4","",""
"signo","sustantivo","signo","https://dle.rae.es/signo#XrXR2VS","",""
"frío","adjetivo","frío","https://dle.rae.es/fr%C3%ADo#IUteOxn","",""
"cerrado","adjetivo","cerrado","https://dle.rae.es/cerrado#8N5ib8v","",""
"turno","sustantivo","turno","https://dle.rae.es/turno#axqlGqx","",""
"reconocido","adjetivo","reconocido","https://dle.rae.es/reconocido#VUOBbA3","",""
"calor","sustantivo","calor","https://dle.rae.es/calor#6qw2prQ","",""
"infancia","sustantivo","infancia","https://dle.rae.es/infancia#LUbWPI0","",""
"regreso","sustantivo","regreso","https://dle.rae.es/regreso#Vk04VXK","",""
"testimonio","sustantivo","testimonio","https://dle.rae.es/testimonio#Zfi5hda","",""
"reportar","verbo","reportar","https://dle.rae.es/reportar#W3GBnj7","0",""
"bienestar","sustantivo","bienestar","https://dle.rae.es/bienestar#5TwfW6F","",""
"álbum","sustantivo","álbum","https://dle.rae.es/%C3%A1lbum#1ZGwYyW","",""
"raro","adjetivo","raro","https://dle.rae.es/raro#VAfbo0f","",""
"agrícola","adjetivo","agrícola","https://dle.rae.es/agr%C3%ADcola#19uHsMt","",""
"defensor","sustantivo","defensor","https://dle.rae.es/defensor#C2QVGZZ","",""
"publicidad","sustantivo","publicidad","https://dle.rae.es/publicidad#UYYKIUK","",""
"escritura","sustantivo","escritura","https://dle.rae.es/escritura#GKXHvDj","",""
"salón","sustantivo","salón","https://dle.rae.es/sal%C3%B3n#X5CPlUX","",""
"examen","sustantivo","examen","https://dle.rae.es/examen#HAl3hNe","",""
"hallazgo","sustantivo","hallazgo","https://dle.rae.es/hallazgo#JzQdiCt","",""
"proyección","sustantivo","proyección","https://dle.rae.es/proyecci%C3%B3n#UUwqBbV","",""
"azul","adjetivo","azul","https://dle.rae.es/azul#4hL0yKW","",""
"nuevamente","adverbio","nuevamente","https://dle.rae.es/nuevamente#QhrkcCS","",""
"busca","sustantivo","busca","https://dle.rae.es/busca#6KgztnA","",""
"militar","sustantivo","militar","https://dle.rae.es/militar#PFlagiY","",""
"riqueza","sustantivo","riqueza","https://dle.rae.es/riqueza#WVXjDk6","",""
"ceremonia","sustantivo","ceremonia","https://dle.rae.es/ceremonia#8Ky3N5N","",""
"colega","sustantivo","colega","https://dle.rae.es/colega#9l4ZtQ5","",""
"renunciar","verbo","renunciar","https://dle.rae.es/renunciar#VyzGMsO","0","anunciar"
"moneda","sustantivo","moneda","https://dle.rae.es/moneda#PdNuKTo","",""
"plata","sustantivo","plata","https://dle.rae.es/plata#TM1dBxX","",""
"disparar","verbo","disparar","https://dle.rae.es/disparar#DwhPU8A","0",""
"conjunto","adjetivo","conjunto","https://dle.rae.es/conjunto#AL1T6js","",""
"requisito","sustantivo","requisito","https://dle.rae.es/requisito#W6xh4wt","",""
"enemigo","sustantivo","enemigo","https://dle.rae.es/enemigo#FFzbR3q","",""
"hacienda","sustantivo","hacienda","https://dle.rae.es/hacienda#JxNoae9","",""
"m","sustantivo","m","https://dle.rae.es/m#NkHBlbz","",""
"mezcla","sustantivo","mezcla","https://dle.rae.es/mezcla#P9Hobgp","",""
"jardín","sustantivo","jardín","https://dle.rae.es/jard%C3%ADn#MMXffef","",""
"rock","sustantivo","rock","https://dle.rae.es/rock#WZmFUm8","",""
"entero","adjetivo","entero","https://dle.rae.es/entero#FhhF3qe","",""
"operativo","adjetivo","operativo","https://dle.rae.es/operativo#R6K5Qhb","",""
"trimestre","sustantivo","trimestre","https://dle.rae.es/trimestre#afbLUbf","",""
"seguidor","sustantivo","seguidor","https://dle.rae.es/seguidor#XT7KUjb","",""
"ciudadano","adjetivo","ciudadano","https://dle.rae.es/ciudadano#9NcFAo6","",""
"equilibrio","sustantivo","equilibrio","https://dle.rae.es/equilibrio#Fzm8ZpA","",""
"encargado","sustantivo","encargado","https://dle.rae.es/encargado#F0no87B","",""
"detallar","verbo","detallar","https://dle.rae.es/detallar#DZQQjZR","0",""
"analista","sustantivo","analista","https://dle.rae.es/analista#2VjiJdF","",""
"emocional","adjetivo","emocional","https://dle.rae.es/emocional#Ejd445Q","",""
"izquierdo","adjetivo","izquierdo","https://dle.rae.es/izquierdo#MFY7k4v","",""
"corriente","sustantivo","corriente","https://dle.rae.es/corriente#AzWFsYQ","",""
"tú","pronombre personal","tú","https://dle.rae.es/t%C3%BA#ar5hDsM","",""
"pintar","verbo","pintar","https://dle.rae.es/pintar#T4mwCe6","0",""
"símbolo","sustantivo","símbolo","https://dle.rae.es/s%C3%ADmbolo#Xuq7wTS","",""
"costumbre","sustantivo","costumbre","https://dle.rae.es/costumbre#B7jhx3A","",""
"patrón","sustantivo","patrón","https://dle.rae.es/patr%C3%B3n#SBler1T","",""
"intensidad","sustantivo","intensidad","https://dle.rae.es/intensidad#Lrv7jtU","",""
"occidental","adjetivo","occidental","https://dle.rae.es/occidental#QqoKbVb","",""
"pelota","sustantivo","pelota","https://dle.rae.es/pelota#SPdVcPX","",""
"tranquilo","adjetivo","tranquilo","https://dle.rae.es/tranquilo#aI6XTlc","",""
"bandera","sustantivo","bandera","https://dle.rae.es/bandera#4x4P080","",""
"senado","sustantivo","senado","https://dle.rae.es/senado#XZ01qV7","",""
"bebida","sustantivo","bebida","https://dle.rae.es/bebida#5GzXrRi","",""
"relatar","verbo","relatar","https://dle.rae.es/relatar#VpQEt3p","0",""
"francés","sustantivo","francés","https://dle.rae.es/franc%C3%A9s#IO0xZ7t","",""
"bebé","sustantivo","bebé","https://dle.rae.es/beb%C3%A9#5GXBUmj","",""
"potencial","sustantivo","potencial","https://dle.rae.es/potencial#Trg1grH","",""
"robar","verbo","robar","https://dle.rae.es/robar#WXknmzC","0",""
"esconder","verbo","esconder","https://dle.rae.es/esconder#GHbD6Yu","0",""
"eje","sustantivo","eje","https://dle.rae.es/eje#ERoUzcu","",""
"gana","sustantivo","gana","https://dle.rae.es/gana#IpiWHIb","",""
"bloque","sustantivo","bloque","https://dle.rae.es/bloque#5hOA7k8","",""
"acontecimiento","sustantivo","acontecimiento","https://dle.rae.es/acontecimiento#0YZ8Sxy","",""
"choque","sustantivo","choque","https://dle.rae.es/choque#8yfXKwC","",""
"estabilidad","sustantivo","estabilidad","https://dle.rae.es/estabilidad#GidWRgY","",""
"exitoso","adjetivo","exitoso","https://dle.rae.es/exitoso#HGCvn9b","",""
"aspirar","verbo","aspirar","https://dle.rae.es/aspirar#44Jqh0v","0",""
"autonomía","sustantivo","autonomía","https://dle.rae.es/autonom%C3%ADa#4TsdiBo","",""
"duración","sustantivo","duración","https://dle.rae.es/duraci%C3%B3n#EHLsxh9","",""
"acusación","sustantivo","acusación","https://dle.rae.es/acusaci%C3%B3n#0fzjJMI","",""
"rápidamente","adverbio","rápidamente","https://dle.rae.es/r%C3%A1pidamente#V99Er3a","",""
"clínico","sustantivo","clínico","https://dle.rae.es/cl%C3%ADnico#9TNmHzU","",""
"formal","adjetivo","formal","https://dle.rae.es/formal#IF5edRF","",""
"cumplimiento","sustantivo","cumplimiento","https://dle.rae.es/cumplimiento#Bfywe2K","",""
"guardia","sustantivo","guardia","https://dle.rae.es/guardia#JjpuE9J","",""
"cobertura","sustantivo","cobertura","https://dle.rae.es/cobertura#9XRPnya","",""
"argumentar","verbo","argumentar","https://dle.rae.es/argumentar#3YDnmTq","0",""
"pase","sustantivo","pase","https://dle.rae.es/pase#S3cbGZi","",""
"extensión","sustantivo","extensión","https://dle.rae.es/extensi%C3%B3n#HMEYWQR","",""
"contaminación","sustantivo","contaminación","https://dle.rae.es/contaminaci%C3%B3n#ATrulkw","",""
"editorial","sustantivo","editorial","https://dle.rae.es/editorial#ENm66Ur","",""
"temer","verbo","temer","https://dle.rae.es/temer#ZPXY3qZ","0",""
"químico","adjetivo","químico","https://dle.rae.es/qu%C3%ADmico#Us0hxUS","",""
"diabetes","sustantivo","diabetes","https://dle.rae.es/diabetes#Dcw8l1D","",""
"indígena","adjetivo","indígena","https://dle.rae.es/ind%C3%ADgena#LON6TJF","",""
"capitán","sustantivo","capitán","https://dle.rae.es/capit%C3%A1n#7KQWsGX","",""
"embajador","sustantivo","embajador","https://dle.rae.es/embajador#EZaFyhg","",""
"fallo","sustantivo","fallo","https://dle.rae.es/fallo#HY5SxyL","",""
"relativo","adjetivo","relativo","https://dle.rae.es/relativo#VpYCENC","",""
"mezclar","verbo","mezclar","https://dle.rae.es/mezclar#P9STMop","0",""
"delegación","sustantivo","delegación","https://dle.rae.es/delegaci%C3%B3n#C6NCFf7","",""
"dominio","sustantivo","dominio","https://dle.rae.es/dominio#E7NKfBh","",""
"dependencia","sustantivo","dependencia","https://dle.rae.es/dependencia#CEjjsLO","",""
"saludable","adjetivo","saludable","https://dle.rae.es/saludable#X7N1J5K","",""
"sombra","sustantivo","sombra","https://dle.rae.es/sombra#YK6utrG","",""
"ciudadanía","sustantivo","ciudadanía","https://dle.rae.es/ciudadan%C3%ADa#9NbSsL7","",""
"vínculo","sustantivo","vínculo","https://dle.rae.es/v%C3%ADnculo#bqStQuu","",""
"operador","sustantivo","operador","https://dle.rae.es/operador#R5yooXF","",""
"consolidar","verbo","consolidar","https://dle.rae.es/consolidar#AQYuJQa","0",""
"gubernamental","adjetivo","gubernamental","https://dle.rae.es/gubernamental#Jnq7U2w","",""
"descubrimiento","sustantivo","descubrimiento","https://dle.rae.es/descubrimiento#CmJt3aG","",""
"demandar","verbo","demandar","https://dle.rae.es/demandar#C8drIhp","0",""
"presidir","verbo","presidir","https://dle.rae.es/presidir#U6gZoY5","0",""
"luna","sustantivo","luna","https://dle.rae.es/luna#NhwJXco","",""
"asesinar","verbo","asesinar","https://dle.rae.es/asesinar#3yfqtFV","0",""
"oficio","sustantivo","oficio","https://dle.rae.es/oficio#Qvw4hM1","",""
"dibujo","sustantivo","dibujo","https://dle.rae.es/dibujo#DgED6Zj","",""
"secreto","sustantivo","secreto","https://dle.rae.es/secreto#XPKxnKN","",""
"provenir","verbo","provenir","https://dle.rae.es/provenir#UTjiQgU","0","venir"
"fracaso","sustantivo","fracaso","https://dle.rae.es/fracaso#ILxbAAO","",""
"protocolo","sustantivo","protocolo","https://dle.rae.es/protocolo#USpE7gq","",""
"sustituir","verbo","sustituir","https://dle.rae.es/sustituir#YpzZ1zs","0","construir"
"guion","sustantivo","guion","https://dle.rae.es/guion#Jr32svm","",""
"enfoque","sustantivo","enfoque","https://dle.rae.es/enfoque#FILdLts","",""
"artificial","adjetivo","artificial","https://dle.rae.es/artificial#3rM0tTc","",""
"abajo","adverbio","abajo","https://dle.rae.es/abajo#01ASl9i","",""
"seco","adjetivo","seco","https://dle.rae.es/seco#XOr0Wqc","",""
"máximo","sustantivo","máximo","https://dle.rae.es/m%C3%A1ximo#OeqDmUW","",""
"igualdad","sustantivo","igualdad","https://dle.rae.es/igualdad#Kwjexzi","",""
"incidencia","sustantivo","incidencia","https://dle.rae.es/incidencia#LEBfenz","",""
"percepción","sustantivo","percepción","https://dle.rae.es/percepci%C3%B3n#SX9HJy3","",""
"circular","verbo","circular","https://dle.rae.es/circular#9JbEPdR","0",""
"mapa","sustantivo","mapa","https://dle.rae.es/mapa#OJpDHMj","",""
"ave","sustantivo","ave","https://dle.rae.es/ave#4X8WU1M","",""
"ajeno","adjetivo","ajeno","https://dle.rae.es/ajeno#1NDL6uX","",""
"cuándo","adverbio","cuándo","https://dle.rae.es/cu%C3%A1ndo#BRpuRXX","",""
"descanso","sustantivo","descanso","https://dle.rae.es/descanso#Cbi4cEp","",""
"ceder","verbo","ceder","https://dle.rae.es/ceder#860623H","0",""
"hecho","adjetivo","hecho","https://dle.rae.es/hecho#K4rxA9a","",""
"pierna","sustantivo","pierna","https://dle.rae.es/pierna#SxJ7E4i","",""
"lamentar","verbo","lamentar","https://dle.rae.es/lamentar#Mq4pnar","0",""
"seguimiento","sustantivo","seguimiento","https://dle.rae.es/seguimiento#XT7W9Kv","",""
"medalla","sustantivo","medalla","https://dle.rae.es/medalla#OjXOH6Z","",""
"ascender","verbo","ascender","https://dle.rae.es/ascender#3vj12Rm","0","entender"
"mandato","sustantivo","mandato","https://dle.rae.es/mandato#O9roruL","",""
"rechazo","sustantivo","rechazo","https://dle.rae.es/rechazo#VQ9Kw1B","",""
"enfrentamiento","sustantivo","enfrentamiento","https://dle.rae.es/enfrentamiento#FJ0iEeI","",""
"firme","adjetivo","firme","https://dle.rae.es/firme#Hz1EnLz","",""
"afectado","adjetivo","afectado","https://dle.rae.es/afectado#0wA5H0A","",""
"gracia","sustantivo","gracia","https://dle.rae.es/gracia#JOCFpLb","",""
"seguramente","adverbio","seguramente","https://dle.rae.es/seguramente#XTj8c7D","",""
"combate","sustantivo","combate","https://dle.rae.es/combate#9tJ77z4","",""
"perseguir","verbo","perseguir","https://dle.rae.es/perseguir#Sj69a81","0","pedir"
"afrontar","verbo","afrontar","https://dle.rae.es/afrontar#11iq2Qt","0",""
"atractivo","adjetivo","atractivo","https://dle.rae.es/atractivo#4JKLYKT","",""
"rescatar","verbo","rescatar","https://dle.rae.es/rescatar#W84NJx2","0",""
"mantenimiento","sustantivo","mantenimiento","https://dle.rae.es/mantenimiento#OH9tS8F","",""
"lento","adjetivo","lento","https://dle.rae.es/lento#N8IftO9","",""
"combinación","sustantivo","combinación","https://dle.rae.es/combinaci%C3%B3n#9tifgi6","",""
"delante","adverbio","delante","https://dle.rae.es/delante#C61cg3i","",""
"seguro","sustantivo","seguro","https://dle.rae.es/seguro#XTrgHXd","",""
"exclusivo","adjetivo","exclusivo","https://dle.rae.es/exclusivo#HCx7DIX","",""
"gobernar","verbo","gobernar","https://dle.rae.es/gobernar#JHSRe0Y","0","acertar"
"comedia","sustantivo","comedia","https://dle.rae.es/comedia#9uLvYvj","",""
"respectivo","adjetivo","respectivo","https://dle.rae.es/respectivo#WC0TvIl","",""
"exigencia","sustantivo","exigencia","https://dle.rae.es/exigencia#HFGjc62","",""
"residencia","sustantivo","residencia","https://dle.rae.es/residencia#W9hpKPy","",""
"permiso","sustantivo","permiso","https://dle.rae.es/permiso#SfixaxZ","",""
"únicamente","adverbio","únicamente","https://dle.rae.es/%C3%BAnicamente#b4tBsTO","",""
"desplazar","verbo","desplazar","https://dle.rae.es/desplazar#DNNnatQ","0",""
"cero","sustantivo","cero","https://dle.rae.es/cero#8MMZdYY","",""
"habitación","sustantivo","habitación","https://dle.rae.es/habitaci%C3%B3n#JvXKsI2","",""
"punta","sustantivo","punta","https://dle.rae.es/punta#UfIf0Lu","",""
"notable","adjetivo","notable","https://dle.rae.es/notable#QdwrRAw","",""
"mito","sustantivo","mito","https://dle.rae.es/mito#PQM1Wus","",""
"típico","adjetivo","típico","https://dle.rae.es/t%C3%ADpico#ZpDHEcW","",""
"fomentar","verbo","fomentar","https://dle.rae.es/fomentar#IAzM5Tz","0",""
"claramente","adverbio","claramente","https://dle.rae.es/claramente#9P6aGsA","",""
"transición","sustantivo","transición","https://dle.rae.es/transici%C3%B3n#aKAffeR","",""
"modalidad","sustantivo","modalidad","https://dle.rae.es/modalidad#PTIzOlN","",""
"coordinación","sustantivo","coordinación","https://dle.rae.es/coordinaci%C3%B3n#AioYU4F","",""
"crónico","adjetivo","crónico","https://dle.rae.es/cr%C3%B3nico#BLThYfx","",""
"progreso","sustantivo","progreso","https://dle.rae.es/progreso#UJpElHN","",""
"inflación","sustantivo","inflación","https://dle.rae.es/inflaci%C3%B3n#LX5Kqi9","",""
"socialista","adjetivo","socialista","https://dle.rae.es/socialista#YBx2YFB","",""
"votación","sustantivo","votación","https://dle.rae.es/votaci%C3%B3n#c4AFhh8","",""
"distinguir","verbo","distinguir","https://dle.rae.es/distinguir#DyjFUNR","0",""
"distrito","sustantivo","distrito","https://dle.rae.es/distrito#DzPZ28A","",""
"respaldo","sustantivo","respaldo","https://dle.rae.es/respaldo#WBsYLUF","",""
"regulación","sustantivo","regulación","https://dle.rae.es/regulaci%C3%B3n#VkFwjtM","",""
"trámite","sustantivo","trámite","https://dle.rae.es/tr%C3%A1mite#aGOeyRq","",""
"continuación","sustantivo","continuación","https://dle.rae.es/continuaci%C3%B3n#AVfmzcu","",""
"reiterar","verbo","reiterar","https://dle.rae.es/reiterar#VnNxeTF","0",""
"mediano","adjetivo","mediano","https://dle.rae.es/mediano#OkGk1fq","",""
"adaptación","sustantivo","adaptación","https://dle.rae.es/adaptaci%C3%B3n#0hKXwtM","",""
"religión","sustantivo","religión","https://dle.rae.es/religi%C3%B3n#VqE5xte","",""
"príncipe","sustantivo","príncipe","https://dle.rae.es/pr%C3%ADncipe#UBt4jVS","",""
"conceder","verbo","conceder","https://dle.rae.es/conceder#A6X6Zm4","0",""
"ajuste","sustantivo","ajuste","https://dle.rae.es/ajuste#1PMEYS1","",""
"carecer","verbo","carecer","https://dle.rae.es/carecer#7W8Yafp","0","agradecer"
"editor","sustantivo","editor","https://dle.rae.es/editor#ENkv5Dx","",""
"despedir","verbo","despedir","https://dle.rae.es/despedir#DJ4lynE","0","pedir"
"capa","sustantivo","capa","https://dle.rae.es/capa#7HL84jH","",""
"habitar","verbo","habitar","https://dle.rae.es/habitar#JvaKT39","0",""
"eficaz","adjetivo","eficaz","https://dle.rae.es/eficaz#EPSkvGp","",""
"cargar","verbo","cargar","https://dle.rae.es/cargar#7XB9iU3","0",""
"disminución","sustantivo","disminución","https://dle.rae.es/disminuci%C3%B3n#DvykJAG","",""
"doméstico","adjetivo","doméstico","https://dle.rae.es/dom%C3%A9stico#E6SHWSY","",""
"descenso","sustantivo","descenso","https://dle.rae.es/descenso#CdmMOLT","",""
"bailar","verbo","bailar","https://dle.rae.es/bailar#4nNiDrF","1",""
"narrar","verbo","narrar","https://dle.rae.es/narrar#QGijoeC","0",""
"alternativo","adjetivo","alternativo","https://dle.rae.es/alternativo#26t9lcH","",""
"lucir","verbo","lucir","https://dle.rae.es/lucir#NfLVlxz","1",""
"bomba","sustantivo","bomba","https://dle.rae.es/bomba#5pINrRS","",""
"tránsito","sustantivo","tránsito","https://dle.rae.es/tr%C3%A1nsito#aKlBptg","",""
"seguido","adjetivo","seguido","https://dle.rae.es/seguido#XT6nCvp","",""
"ánimo","sustantivo","ánimo","https://dle.rae.es/%C3%A1nimo#2hpXPBy","",""
"pintor","sustantivo","pintor","https://dle.rae.es/pintor#T5HsA0u","",""
"inspirar","verbo","inspirar","https://dle.rae.es/inspirar#LmOlelF","0",""
"círculo","sustantivo","círculo","https://dle.rae.es/c%C3%ADrculo#9JiBmx4","",""
"aniversario","sustantivo","aniversario","https://dle.rae.es/aniversario#2ieoSuF","",""
"magistrado","sustantivo","magistrado","https://dle.rae.es/magistrado#NsyUxgJ","",""
"como","adverbio","como","https://dle.rae.es/como#9xWxEd9","",""
"jurado","sustantivo","jurado","https://dle.rae.es/jurado#MdjhLXm","",""
"consenso","sustantivo","consenso","https://dle.rae.es/consenso#AP0O6TO","",""
"bancario","adjetivo","bancario","https://dle.rae.es/bancario#4wd3lRI","",""
"gesto","sustantivo","gesto","https://dle.rae.es/gesto#JARGBj1","",""
"madrugada","sustantivo","madrugada","https://dle.rae.es/madrugada#Nqwq5nq","",""
"caballo","sustantivo","caballo","https://dle.rae.es/caballo#6OPHOdx","",""
"galería","sustantivo","galería","https://dle.rae.es/galer%C3%ADa#IjksCCu","",""
"alerta","sustantivo","alerta","https://dle.rae.es/alerta#1iWEmUk","",""
"montar","verbo","montar","https://dle.rae.es/montar#PjOk949","0",""
"orientar","verbo","orientar","https://dle.rae.es/orientar#RCfT1N8","0",""
"fila","sustantivo","fila","https://dle.rae.es/fila#HtQM65L","",""
"implementar","verbo","implementar","https://dle.rae.es/implementar#L4eKVkR","0",""
"cálculo","sustantivo","cálculo","https://dle.rae.es/c%C3%A1lculo#6knnjoC","",""
"esquema","sustantivo","esquema","https://dle.rae.es/esquema#GgeQ9Uy","",""
"certamen","sustantivo","certamen","https://dle.rae.es/certamen#8OHYZUB","",""
"elaboración","sustantivo","elaboración","https://dle.rae.es/elaboraci%C3%B3n#EStUGYl","",""
"concretar","verbo","concretar","https://dle.rae.es/concretar#AAKgZkV","0",""
"reflexionar","verbo","reflexionar","https://dle.rae.es/reflexionar#VdQ3wR1","0",""
"balance","sustantivo","balance","https://dle.rae.es/balance#4qDbbHN","",""
"favorable","adjetivo","favorable","https://dle.rae.es/favorable#Hgs2CcZ","",""
"agrupación","sustantivo","agrupación","https://dle.rae.es/agrupaci%C3%B3n#1BBWmrt","",""
"arquitecto","sustantivo","arquitecto","https://dle.rae.es/arquitecto#3dtR7rK","",""
"embarazo","sustantivo","embarazo","https://dle.rae.es/embarazo#EadO553","",""
"ecológico","adjetivo","ecológico","https://dle.rae.es/ecol%C3%B3gico#EL4A1iq","",""
"continuidad","sustantivo","continuidad","https://dle.rae.es/continuidad#AVo8fCr","",""
"virtud","sustantivo","virtud","https://dle.rae.es/virtud#buFPjrR","",""
"mando","sustantivo","mando","https://dle.rae.es/mando#OA3ulOZ","",""
"antecedente","sustantivo","antecedente","https://dle.rae.es/antecedente#2mDqfIZ","",""
"novio","sustantivo","novio","https://dle.rae.es/novio#QgCPQdf","",""
"extremo","sustantivo","extremo","https://dle.rae.es/extremo#HQ7BTGT","",""
"expansión","sustantivo","expansión","https://dle.rae.es/expansi%C3%B3n#HHfIaVu","",""
"doce","numeral","doce","https://dle.rae.es/doce#E2qmGNj","",""
"licencia","sustantivo","licencia","https://dle.rae.es/licencia#NG6NB42","",""
"administrar","verbo","administrar","https://dle.rae.es/administrar#0mFlSCm","0",""
"incertidumbre","sustantivo","incertidumbre","https://dle.rae.es/incertidumbre#LDxc1BE","",""
"depresión","sustantivo","depresión","https://dle.rae.es/depresi%C3%B3n#CG97oEp","",""
"complejo","sustantivo","complejo","https://dle.rae.es/complejo#A1JK3tM","",""
"saltar","verbo","saltar","https://dle.rae.es/saltar#X6IXCPw","0",""
"satisfacción","sustantivo","satisfacción","https://dle.rae.es/satisfacci%C3%B3n#XLJpCxk","",""
"huella","sustantivo","huella","https://dle.rae.es/huella#Kl85y9t","",""
"semifinal","sustantivo","semifinal","https://dle.rae.es/semifinal#XX7ly1r","",""
"estético","adjetivo","estético","https://dle.rae.es/est%C3%A9tico#GrPCrf2","",""
"hectárea","sustantivo","hectárea","https://dle.rae.es/hect%C3%A1rea#K50foEH","",""
"gen","sustantivo","gen","https://dle.rae.es/gen#J3NDUQb","",""
"japonés","adjetivo","japonés","https://dle.rae.es/japon%C3%A9s#MLF1eHq","",""
"parlamentario","adjetivo","parlamentario","https://dle.rae.es/parlamentario#RwuVWmw","",""
"vigilancia","sustantivo","vigilancia","https://dle.rae.es/vigilancia#bnxivAN","",""
"amistad","sustantivo","amistad","https://dle.rae.es/amistad#2MkIDT9","",""
"fabricar","verbo","fabricar","https://dle.rae.es/fabricar#HRUPsHJ","0",""
"escoger","verbo","escoger","https://dle.rae.es/escoger#GGUmgZb","0",""
"incendio","sustantivo","incendio","https://dle.rae.es/incendio#LDTnqIg","",""
"petición","sustantivo","petición","https://dle.rae.es/petici%C3%B3n#SpcrZIT","",""
"ventana","sustantivo","ventana","https://dle.rae.es/ventana#bY8XdFW","",""
"impulso","sustantivo","impulso","https://dle.rae.es/impulso#L9MJRDS","",""
"profesión","sustantivo","profesión","https://dle.rae.es/profesi%C3%B3n#UHx86MW","",""
"programación","sustantivo","programación","https://dle.rae.es/programaci%C3%B3n#UJUdMN9","",""
"barco","sustantivo","barco","https://dle.rae.es/barco#54Gx7OV","",""
"contento","adjetivo","contento","https://dle.rae.es/contento#AUokAR9","",""
"suspensión","sustantivo","suspensión","https://dle.rae.es/suspensi%C3%B3n#Yp1N25T","",""
"obesidad","sustantivo","obesidad","https://dle.rae.es/obesidad#QmJciim","",""
"oír","verbo","oír","https://dle.rae.es/o%C3%ADr#QxCw3RS","1",""
"disparo","sustantivo","disparo","https://dle.rae.es/disparo#Dx1j5fY","",""
"impresión","sustantivo","impresión","https://dle.rae.es/impresi%C3%B3n#L6lME04","",""
"limpio","adjetivo","limpio","https://dle.rae.es/limpio#NLRTLp0","",""
"estrés","sustantivo","estrés","https://dle.rae.es/estr%C3%A9s#GzAga0a","",""
"promesa","sustantivo","promesa","https://dle.rae.es/promesa#ULPW1s9","",""
"explorar","verbo","explorar","https://dle.rae.es/explorar#HK33OdB","0",""
"utilización","sustantivo","utilización","https://dle.rae.es/utilizaci%C3%B3n#bCiQJNa","",""
"inscribir","verbo","inscribir","https://dle.rae.es/inscribir#LjZ6dL7","0",""
"huevo","sustantivo","huevo","https://dle.rae.es/huevo#KlyzyqH","",""
"terrorismo","sustantivo","terrorismo","https://dle.rae.es/terrorismo#Zd3L6Oc","",""
"batería","sustantivo","batería","https://dle.rae.es/bater%C3%ADa#5DKMIaQ","",""
"cuota","sustantivo","cuota","https://dle.rae.es/cuota#BhKNYpY","",""
"alejar","verbo","alejar","https://dle.rae.es/alejar#1hWUthy","0",""
"espalda","sustantivo","espalda","https://dle.rae.es/espalda#GTQsMev","",""
"casar","verbo","casar","https://dle.rae.es/casar#7mL8hqm","0",""
"radical","adjetivo","radical","https://dle.rae.es/radical#V126nlV","",""
"frenar","verbo","frenar","https://dle.rae.es/frenar#IS0GFuy","0",""
"urgencia","sustantivo","urgencia","https://dle.rae.es/urgencia#b9PI6Iy","",""
"oeste","sustantivo","oeste","https://dle.rae.es/oeste#QuzM2oS","",""
"competitivo","adjetivo","competitivo","https://dle.rae.es/competitivo#A0tVM0E","",""
"incidente","sustantivo","incidente","https://dle.rae.es/incidente#LEEIbI5","",""
"tren","sustantivo","tren","https://dle.rae.es/tren#aZxe6O7","",""
"hermoso","adjetivo","hermoso","https://dle.rae.es/hermoso#KE1iGlD","",""
"emprender","verbo","emprender","https://dle.rae.es/emprender#Esip2Nv","0",""
"chileno","adjetivo","chileno","https://dle.rae.es/chileno#8lIsp6j","",""
"violación","sustantivo","violación","https://dle.rae.es/violaci%C3%B3n#brY4lc6","",""
"renovar","verbo","renovar","https://dle.rae.es/renovar#VxzEmHC","0","contar"
"tratado","sustantivo","tratado","https://dle.rae.es/tratado#aWyXdpt","",""
"cinematográfico","adjetivo","cinematográfico","https://dle.rae.es/cinematogr%C3%A1fico#9GFyWiR","",""
"tragedia","sustantivo","tragedia","https://dle.rae.es/tragedia#aFHOpcZ","",""
"psicológico","adjetivo","psicológico","https://dle.rae.es/psicol%C3%B3gico#UWg6ukR","",""
"temprano","adjetivo","temprano","https://dle.rae.es/temprano#ZRh83gN","",""
"desempeñar","verbo","desempeñar","https://dle.rae.es/desempe%C3%B1ar#CqRHucK","0",""
"vacación","sustantivo","vacación","https://dle.rae.es/vacaci%C3%B3n#bDzHUaT","",""
"temporal","adjetivo","temporal","https://dle.rae.es/temporal#ZRD50re","",""
"dramático","adjetivo","dramático","https://dle.rae.es/dram%C3%A1tico#EBl3HO2","",""
"salto","sustantivo","salto","https://dle.rae.es/salto#X79BxUq","",""
"ejemplar","sustantivo","ejemplar","https://dle.rae.es/ejemplar#ESAtSBw","",""
"gastar","verbo","gastar","https://dle.rae.es/gastar#IzGKRQM","0",""
"liderazgo","sustantivo","liderazgo","https://dle.rae.es/liderazgo#NH60fdB","",""
"rescate","sustantivo","rescate","https://dle.rae.es/rescate#W86IYOI","",""
"variar","verbo","variar","https://dle.rae.es/variar#bNmDCij","0","enviar"
"robo","sustantivo","robo","https://dle.rae.es/robo#WYGycUZ","",""
"renta","sustantivo","renta","https://dle.rae.es/renta#Vy8Qofv","",""
"dictadura","sustantivo","dictadura","https://dle.rae.es/dictadura#Dh6nkVn","",""
"práctico","adjetivo","práctico","https://dle.rae.es/pr%C3%A1ctico#TtEMsxJ","",""
"atmósfera","sustantivo","atmósfera","https://dle.rae.es/atm%C3%B3sfera#4GWCizq","",""
"invierno","sustantivo","invierno","https://dle.rae.es/invierno#M46GFTR","",""
"ajustar","verbo","ajustar","https://dle.rae.es/ajustar#1PKzxCm","0",""
"generalmente","adverbio","generalmente","https://dle.rae.es/generalmente#J407Lzq","",""
"variable","sustantivo","variable","https://dle.rae.es/variable#bNTTsak","",""
"brillante","adjetivo","brillante","https://dle.rae.es/brillante#66YAO1A","",""
"animar","verbo","animar","https://dle.rae.es/animar#2hSyy7m","0",""
"legislación","sustantivo","legislación","https://dle.rae.es/legislaci%C3%B3n#N4b4HhP","",""
"teatral","adjetivo","teatral","https://dle.rae.es/teatral#ZHkivoy","",""
"núcleo","sustantivo","núcleo","https://dle.rae.es/n%C3%BAcleo#QhKdkbC","",""
"fresco","adjetivo","fresco","https://dle.rae.es/fresco#IT35u3d","",""
"motivar","verbo","motivar","https://dle.rae.es/motivar#PwDQ7LY","0",""
"bacteria","sustantivo","bacteria","https://dle.rae.es/bacteria#4l0hfLH","",""
"suma","sustantivo","suma","https://dle.rae.es/suma#YglJQru","",""
"compositor","sustantivo","compositor","https://dle.rae.es/compositor#A2RxeAu","",""
"solidaridad","sustantivo","solidaridad","https://dle.rae.es/solidaridad#YIB84sx","",""
"llamado","sustantivo","llamado","https://dle.rae.es/llamado#NTOWzkj","",""
"alimentario","adjetivo","alimentario","https://dle.rae.es/alimentario#1rkfA8C","",""
"fijo","adjetivo","fijo","https://dle.rae.es/fijo#Ht7Ay3a","",""
"pacto","sustantivo","pacto","https://dle.rae.es/pacto#RQM9sBu","",""
"difusión","sustantivo","difusión","https://dle.rae.es/difusi%C3%B3n#DkYpJmy","",""
"jugada","sustantivo","jugada","https://dle.rae.es/jugada#MacUwqG","",""
"arena","sustantivo","arena","https://dle.rae.es/arena#3UhFq2v","",""
"ingrediente","sustantivo","ingrediente","https://dle.rae.es/ingrediente#LaxR41B","",""
"pronunciar","verbo","pronunciar","https://dle.rae.es/pronunciar#UMuOmRK","0","anunciar"
"paro","sustantivo","paro","https://dle.rae.es/paro#RxLiUnK","",""
"reproducir","verbo","reproducir","https://dle.rae.es/reproducir#W5GOhEK","0","conducir"
"eficiente","adjetivo","eficiente","https://dle.rae.es/eficiente#EPWwxI8","",""
"receta","sustantivo","receta","https://dle.rae.es/receta#VPwGT9L","",""
"consideración","sustantivo","consideración","https://dle.rae.es/consideraci%C3%B3n#APg4RHn","",""
"coordinar","verbo","coordinar","https://dle.rae.es/coordinar#Aj3jl6N","0",""
"cama","sustantivo","cama","https://dle.rae.es/cama#6t6tbOx","",""
"flujo","sustantivo","flujo","https://dle.rae.es/flujo#I8GEUel","",""
"pegar","verbo","pegar","https://dle.rae.es/pegar#SKdzxQw","0",""
"basura","sustantivo","basura","https://dle.rae.es/basura#5CMSvtv","",""
"barrera","sustantivo","barrera","https://dle.rae.es/barrera#57wIthj","",""
"limitado","adjetivo","limitado","https://dle.rae.es/limitado#NKRA68P","",""
"marino","adjetivo","marino","https://dle.rae.es/marino#OQWUxHw","",""
"solucionar","verbo","solucionar","https://dle.rae.es/solucionar#YJZeoBT","0",""
"preventivo","adjetivo","preventivo","https://dle.rae.es/preventivo#U9SMCY9","",""
"facilidad","sustantivo","facilidad","https://dle.rae.es/facilidad#HT3X84s","",""
"cerebral","adjetivo","cerebral","https://dle.rae.es/cerebral#8KdSdoK","",""
"soñar","verbo","soñar","https://dle.rae.es/so%C3%B1ar#YNNUPN4","0","contar"
"celular","adjetivo","celular","https://dle.rae.es/celular#8B9MNav","",""
"autorizar","verbo","autorizar","https://dle.rae.es/autorizar#4UeM2yU","0",""
"fallar","verbo","fallar","https://dle.rae.es/fallar#HXtoiqm","0",""
"significado","sustantivo","significado","https://dle.rae.es/significado#XrQm9i9","",""
"auténtico","adjetivo","auténtico","https://dle.rae.es/aut%C3%A9ntico#4QjqWMu","",""
"liberación","sustantivo","liberación","https://dle.rae.es/liberaci%C3%B3n#NEGfDYw","",""
"ratificar","verbo","ratificar","https://dle.rae.es/ratificar#VDqXWC0","0",""
"golpear","verbo","golpear","https://dle.rae.es/golpear#JJpABWd","0",""
"justo","adverbio","justo","https://dle.rae.es/justo#MfO65xY","",""
"valioso","adjetivo","valioso","https://dle.rae.es/valioso#bJ9Ctnw","",""
"interior","adjetivo","interior","https://dle.rae.es/interior#LudcZyZ","",""
"lujo","sustantivo","lujo","https://dle.rae.es/lujo#NgmAPeF","",""
"explotación","sustantivo","explotación","https://dle.rae.es/explotaci%C3%B3n#HKCKFQ5","",""
"brasileño","sustantivo","brasileño","https://dle.rae.es/brasile%C3%B1o#63fBkXd","",""
"paquete","sustantivo","paquete","https://dle.rae.es/paquete#RoXETD9","",""
"mensual","adjetivo","mensual","https://dle.rae.es/mensual#OvoklIS","",""
"diseñador","sustantivo","diseñador","https://dle.rae.es/dise%C3%B1ador#DuJB8dy","",""
"proporción","sustantivo","proporción","https://dle.rae.es/proporci%C3%B3n#UOPJ9JT","",""
"escándalo","sustantivo","escándalo","https://dle.rae.es/esc%C3%A1ndalo#G9B66WN","",""
"polémica","sustantivo","polémica","https://dle.rae.es/pol%C3%A9mico#TVjhw0E","",""
"desconocido","adjetivo","desconocido","https://dle.rae.es/desconocido#CiB6xSp","",""
"dudar","verbo","dudar","https://dle.rae.es/dudar#EEYGVdk","0",""
"ola","sustantivo","ola","https://dle.rae.es/ola#QyabfQc","",""
"pan","sustantivo","pan","https://dle.rae.es/pan#RcmAvfa","",""
"baño","sustantivo","baño","https://dle.rae.es/ba%C3%B1o#4z67B1J","",""
"central","sustantivo","central","https://dle.rae.es/central#8Fjpwmt","",""
"apuesta","sustantivo","apuesta","https://dle.rae.es/apuesta#3Kh4Tfl","",""
"interacción","sustantivo","interacción","https://dle.rae.es/interacci%C3%B3n#LsCpk2t","",""
"dictar","verbo","dictar","https://dle.rae.es/dictar#DhGuc4t","0",""
"leyenda","sustantivo","leyenda","https://dle.rae.es/leyenda#NDOltxZ","",""
"respaldar","verbo","respaldar","https://dle.rae.es/respaldar#WBsBazD","0",""
"limitación","sustantivo","limitación","https://dle.rae.es/limitaci%C3%B3n#NKPthTB","",""
"oponer","verbo","oponer","https://dle.rae.es/oponer#R6sHpEA","0","poner"
"abarcar","verbo","abarcar","https://dle.rae.es/abarcar#02WEpxO","0",""
"computadora","sustantivo","computadora","https://dle.rae.es/computador#A4hIGQC","",""
"toque","sustantivo","toque","https://dle.rae.es/toque#a3J1mxc","",""
"pelea","sustantivo","pelea","https://dle.rae.es/pelea#SNITYqB","",""
"monetario","adjetivo","monetario","https://dle.rae.es/monetario#Pdq5TI7","",""
"arrojar","verbo","arrojar","https://dle.rae.es/arrojar#3n2j9SC","0",""
"revolucionario","adjetivo","revolucionario","https://dle.rae.es/revolucionario#WQ1REox","",""
"estable","adjetivo","estable","https://dle.rae.es/estable#GikXRGw","",""
"ecosistema","sustantivo","ecosistema","https://dle.rae.es/ecosistema#ELjRufE","",""
"cuadrado","adjetivo","cuadrado","https://dle.rae.es/cuadrado#BPG9fIn","",""
"fármaco","sustantivo","fármaco","https://dle.rae.es/f%C3%A1rmaco#HdIdOFF","",""
"espectacular","adjetivo","espectacular","https://dle.rae.es/espectacular#GX6WZku","",""
"capturar","verbo","capturar","https://dle.rae.es/capturar#7ML7kMK","0",""
"placer","sustantivo","placer","https://dle.rae.es/placer#TI9Rqvd","",""
"ingeniería","sustantivo","ingeniería","https://dle.rae.es/ingenier%C3%ADa#La5bCfD","",""
"paseo","sustantivo","paseo","https://dle.rae.es/paseo#S3qI7Xz","",""
"contestar","verbo","contestar","https://dle.rae.es/contestar#AV8tnVo","0",""
"cien","numeral","cien","https://dle.rae.es/cien#9AvLOOZ","",""
"alrededor","sustantivo","alrededor","https://dle.rae.es/alrededor#25hn3Sb","",""
"instrucción","sustantivo","instrucción","https://dle.rae.es/instrucci%C3%B3n#Lntig8K","",""
"portal","sustantivo","portal","https://dle.rae.es/portal#TjqJUpv","",""
"identificación","sustantivo","identificación","https://dle.rae.es/identificaci%C3%B3n#KtnL1Ha","",""
"favorito","adjetivo","favorito","https://dle.rae.es/favorito#Hh5BEDz","",""
"explotar","verbo","explotar","https://dle.rae.es/explotar#HKDxVB1","0",""
"inmediatamente","adverbio","inmediatamente","https://dle.rae.es/inmediatamente#Le5i92Y","",""
"pelear","verbo","pelear","https://dle.rae.es/pelear#SNRFqD4","0",""
"ubicado","adjetivo","ubicado","https://dle.rae.es/ubicado#b0R8gqJ","",""
"colaborador","sustantivo","colaborador","https://dle.rae.es/colaborador#9j3aNLq","",""
"muerto","adjetivo","muerto","https://dle.rae.es/muerto#Q0NUNXM","",""
"sensibilidad","sustantivo","sensibilidad","https://dle.rae.es/sensibilidad#XaAackN","",""
"increíble","adjetivo","increíble","https://dle.rae.es/incre%C3%ADble#LK5rEG0","",""
"culpa","sustantivo","culpa","https://dle.rae.es/culpa#BeATiJV","",""
"vinculado","adjetivo","vinculado","https://dle.rae.es/vincular#bqQ8nG8","",""
"estimular","verbo","estimular","https://dle.rae.es/estimular#Gsrzari","0",""
"restricción","sustantivo","restricción","https://dle.rae.es/restricci%C3%B3n#WEgzpII","",""
"árbitro","sustantivo","árbitro","https://dle.rae.es/%C3%A1rbitro#3QOnjsm","",""
"repartir","verbo","repartir","https://dle.rae.es/repartir#W0fVFWP","0",""
"físico","sustantivo","físico","https://dle.rae.es/f%C3%ADsico#Hzx5KSB","",""
"desastre","sustantivo","desastre","https://dle.rae.es/desastre#CUceyCB","",""
"culminar","verbo","culminar","https://dle.rae.es/culminar#BdmExFo","0",""
"veinte","numeral","veinte","https://dle.rae.es/veinte#bRVNaMB","",""
"circulación","sustantivo","circulación","https://dle.rae.es/circulaci%C3%B3n#9JZZdf1","",""
"variación","sustantivo","variación","https://dle.rae.es/variaci%C3%B3n#bNUSuZV","",""
"algo","adverbio","algo","https://dle.rae.es/algo#1nUry2t","",""
"corregir","verbo","corregir","https://dle.rae.es/corregir#AxqgueO","0","pedir"
"atlético","adjetivo","atlético","https://dle.rae.es/atl%C3%A9tico#4GSJAtd","",""
"grabación","sustantivo","grabación","https://dle.rae.es/grabaci%C3%B3n#JNyA4g6","",""
"muchacho","sustantivo","muchacho","https://dle.rae.es/muchacho#PynatQG","",""
"séptimo","numeral","séptimo","https://dle.rae.es/s%C3%A9ptimo#XdFAx6r","",""
"resistir","verbo","resistir","https://dle.rae.es/resistir#WAYmYNl","0",""
"reaccionar","verbo","reaccionar","https://dle.rae.es/reaccionar#VG8QmtK","0",""
"activar","verbo","activar","https://dle.rae.es/activar#0cgpL3L","0",""
"volar","verbo","volar","https://dle.rae.es/volar#c0hkHjM","0","contar"
"anoche","adverbio","anoche","https://dle.rae.es/anoche#2ixtg82","",""
"convención","sustantivo","convención","https://dle.rae.es/convenci%C3%B3n#AfhilPz","",""
"colectivo","sustantivo","colectivo","https://dle.rae.es/colectivo#9kxtVF3","",""
"triste","adjetivo","triste","https://dle.rae.es/triste#aigMiPJ","",""
"explosión","sustantivo","explosión","https://dle.rae.es/explosi%C3%B3n#HK5qjsx","",""
"alteración","sustantivo","alteración","https://dle.rae.es/alteraci%C3%B3n#26SfDhW","",""
"encargado","adjetivo","encargado","https://dle.rae.es/encargado#F0no87B","",""
"obstáculo","sustantivo","obstáculo","https://dle.rae.es/obst%C3%A1culo#QpTz5mV","",""
"detención","sustantivo","detención","https://dle.rae.es/detenci%C3%B3n#DZngZHc","",""
"dinámica","sustantivo","dinámica","https://dle.rae.es/din%C3%A1mico#DnmOkpJ","",""
"semilla","sustantivo","semilla","https://dle.rae.es/semilla#XXRpvAt","",""
"tramo","sustantivo","tramo","https://dle.rae.es/tramo#aGRaGrp","",""
"gozar","verbo","gozar","https://dle.rae.es/gozar#JNbAlxi","0",""
"ilusión","sustantivo","ilusión","https://dle.rae.es/ilusi%C3%B3n#KzR4947","",""
"tardar","verbo","tardar","https://dle.rae.es/tardar#ZBlVCVK","0",""
"soportar","verbo","soportar","https://dle.rae.es/soportar#YP82U9c","0",""
"deportista","sustantivo","deportista","https://dle.rae.es/deportista#CFF1Zkz","",""
"introducción","sustantivo","introducción","https://dle.rae.es/introducci%C3%B3n#M04jnTO","",""
"transparencia","sustantivo","transparencia","https://dle.rae.es/transparencia#aMOr1xH","",""
"hambre","sustantivo","hambre","https://dle.rae.es/hambre#K02yR30","",""
"columna","sustantivo","columna","https://dle.rae.es/columna#9rwfRUs","",""
"definitivamente","adverbio","definitivamente","https://dle.rae.es/definitivamente#C2ydEZP","",""
"intérprete","sustantivo","intérprete","https://dle.rae.es/int%C3%A9rprete#LwZs3t5","",""
"material","adjetivo","material","https://dle.rae.es/material#ObWToYw","",""
"retomar","verbo","retomar","https://dle.rae.es/retomar#WI5AZ8v","0",""
"juzgar","verbo","juzgar","https://dle.rae.es/juzgar#MfZSHIu","0",""
"gigante","sustantivo","gigante","https://dle.rae.es/gigante#JBGDlt0","",""
"sensible","adjetivo","sensible","https://dle.rae.es/sensible#XaIHaKO","",""
"captar","verbo","captar","https://dle.rae.es/captar#7M88XDA","0",""
"hueso","sustantivo","hueso","https://dle.rae.es/hueso#KlcuW2M","",""
"historiador","sustantivo","historiador","https://dle.rae.es/historiador#KWyHw0u","",""
"totalidad","sustantivo","totalidad","https://dle.rae.es/totalidad#aA4XGDE","",""
"nave","sustantivo","nave","https://dle.rae.es/nave#QIwcDgw","",""
"cuanto","relativo","cuanto","https://dle.rae.es/cuanto#BSKWl78","",""
"era","sustantivo","era","https://dle.rae.es/era#G0o10wX","",""
"secreto","adjetivo","secreto","https://dle.rae.es/secreto#XPMvDJ8","",""
"ganancia","sustantivo","ganancia","https://dle.rae.es/ganancia#Ips1Mqf","",""
"débil","adjetivo","débil","https://dle.rae.es/d%C3%A9bil#BuAjlGh","",""
"acoger","verbo","acoger","https://dle.rae.es/acoger#0VxZMOR","0",""
"amarillo","adjetivo","amarillo","https://dle.rae.es/amarillo#2F6Yopy","",""
"eficiencia","sustantivo","eficiencia","https://dle.rae.es/eficiencia#EPVwpUD","",""
"dedo","sustantivo","dedo","https://dle.rae.es/dedo#C0hXyqG","",""
"maravilloso","adjetivo","maravilloso","https://dle.rae.es/maravilloso#OMHfb7r","",""
"excesivo","adjetivo","excesivo","https://dle.rae.es/excesivo#HCASpXe","",""
"imprimir","verbo","imprimir","https://dle.rae.es/imprimir#L7WWOqr","0",""
"esencia","sustantivo","esencia","https://dle.rae.es/esencia#GOfryI4","",""
"parecer","sustantivo","parecer","https://dle.rae.es/parecer#RuYgUeM","",""
"designar","verbo","designar","https://dle.rae.es/designar#D5s74KK","0",""
"ocultar","verbo","ocultar","https://dle.rae.es/ocultar#Qttfw1R","0",""
"bar","sustantivo","bar","https://dle.rae.es/bar#509Y6Lw","",""
"convencional","adjetivo","convencional","https://dle.rae.es/convencional#Afhp8MG","",""
"coalición","sustantivo","coalición","https://dle.rae.es/coalici%C3%B3n#9WYr1rv","",""
"complicación","sustantivo","complicación","https://dle.rae.es/complicaci%C3%B3n#A1gBr5X","",""
"caro","adjetivo","caro","https://dle.rae.es/caro#7d34R35","",""
"consejero","sustantivo","consejero","https://dle.rae.es/consejero#AOnzJK2","",""
"cartero","sustantivo","cartero","https://dle.rae.es/cartero#7kFrJzq","",""
"sello","sustantivo","sello","https://dle.rae.es/sello#XUsdYcB","",""
"plástico","adjetivo","plástico","https://dle.rae.es/pl%C3%A1stico#TLksLOy","",""
"conquistar","verbo","conquistar","https://dle.rae.es/conquistar#ANZfcNv","0",""
"coche","sustantivo","coche","https://dle.rae.es/coche#9ZNs7ye","",""
"dios","sustantivo","dios","https://dle.rae.es/dios#DpH1nYv","",""
"transferencia","sustantivo","transferencia","https://dle.rae.es/transferencia#aJ8fjGo","",""
"carbono","sustantivo","carbono","https://dle.rae.es/carbono#7Sa5TYq","",""
"automóvil","sustantivo","automóvil","https://dle.rae.es/autom%C3%B3vil#4Tpk0J8","",""
"experimento","sustantivo","experimento","https://dle.rae.es/experimento#HIwnywu","",""
"uno","sustantivo","uno","https://dle.rae.es/uno#b6hEWeB","",""
"ideológico","adjetivo","ideológico","https://dle.rae.es/ideol%C3%B3gico#KuB1Bsg","",""
"pesado","adjetivo","pesado","https://dle.rae.es/pesado#SlsZN3g","",""
"tarifa","sustantivo","tarifa","https://dle.rae.es/tarifa#ZCKWPFd","",""
"sostenible","adjetivo","sostenible","https://dle.rae.es/sostenible#YSE9w6H","",""
"pensión","sustantivo","pensión","https://dle.rae.es/pensi%C3%B3n#STjpVeQ","",""
"toro","sustantivo","toro","https://dle.rae.es/toro#a6ZyZYZ","",""
"residir","verbo","residir","https://dle.rae.es/residir#W9ps3nd","0",""
"préstamo","sustantivo","préstamo","https://dle.rae.es/pr%C3%A9stamo#U73g6MY","",""
"orientación","sustantivo","orientación","https://dle.rae.es/orientaci%C3%B3n#RCN7kFg","",""
"calendario","sustantivo","calendario","https://dle.rae.es/calendario#6ltMo8A","",""
"particularmente","adverbio","particularmente","https://dle.rae.es/particularmente#S0UlMWo","",""
"digno","adjetivo","digno","https://dle.rae.es/digno#DldD5zV","",""
"grito","sustantivo","grito","https://dle.rae.es/grito#JYy1mZh","",""
"vitamina","sustantivo","vitamina","https://dle.rae.es/vitamina#bwNCGyE","",""
"copia","sustantivo","copia","https://dle.rae.es/copia#AknZiIz","",""
"techo","sustantivo","techo","https://dle.rae.es/techo#ZIMlMTu","",""
"baile","sustantivo","baile","https://dle.rae.es/baile#4nROyIQ","",""
"procedente","adjetivo","procedente","https://dle.rae.es/procedente#UEh4bZ3","",""
"aislado","adjetivo","aislado","https://dle.rae.es/aislado#1LXPUwV","",""
"varón","sustantivo","varón","https://dle.rae.es/var%C3%B3n#bOJpDhG","",""
"sal","sustantivo","sal","https://dle.rae.es/sal#X0g3a2Z","",""
"amante","sustantivo","amante","https://dle.rae.es/amante#2Dm6VRP","",""
"tumor","sustantivo","tumor","https://dle.rae.es/tumor#atnKpvy","",""
"fabricante","sustantivo","fabricante","https://dle.rae.es/fabricante#HRQulqE","",""
"concebir","verbo","concebir","https://dle.rae.es/concebir#A6TNzlI","0","pedir"
"fama","sustantivo","fama","https://dle.rae.es/fama#HZgs1k2","",""
"muro","sustantivo","muro","https://dle.rae.es/muro#Q7h4NJN","",""
"r","sustantivo","r","https://dle.rae.es/r#UxodZKT","",""
"remitir","verbo","remitir","https://dle.rae.es/remitir#Vu4Z0A0","0",""
"informático","adjetivo","informático","https://dle.rae.es/inform%C3%A1tico#LY8zQy3","",""
"localizar","verbo","localizar","https://dle.rae.es/localizar#NXnpqEu","0",""
"rasgo","sustantivo","rasgo","https://dle.rae.es/rasgo#VBX16fB","",""
"agresión","sustantivo","agresión","https://dle.rae.es/agresi%C3%B3n#19W3MaW","",""
"mortalidad","sustantivo","mortalidad","https://dle.rae.es/mortalidad#PsGiidK","",""
"satélite","sustantivo","satélite","https://dle.rae.es/sat%C3%A9lite#XKhtxMH","",""
"marchar","verbo","marchar","https://dle.rae.es/marchar#ONHxQ7e","0",""
"invitado","sustantivo","invitado","https://dle.rae.es/invitado#M4VroXG","",""
"esquina","sustantivo","esquina","https://dle.rae.es/esquina#GhgRxNs","",""
"aula","sustantivo","aula","https://dle.rae.es/aula#4OCO4gi","",""
"pesar","verbo","pesar","https://dle.rae.es/pesar#SmGC3aC","0",""
"atleta","sustantivo","atleta","https://dle.rae.es/atleta#4GQYkua","",""
"cartel","sustantivo","cartel","https://dle.rae.es/cartel#7joHZ1g","",""
"camión","sustantivo","camión","https://dle.rae.es/cami%C3%B3n#6y1pUlj","",""
"desempeño","sustantivo","desempeño","https://dle.rae.es/desempe%C3%B1o#CqSKDLk","",""
"urgente","adjetivo","urgente","https://dle.rae.es/urgente#b9QTgY9","",""
"encantar","verbo","encantar","https://dle.rae.es/encantar#Ez09pdw","0",""
"dulce","adjetivo","dulce","https://dle.rae.es/dulce#EFJn9Fq","",""
"doble","sustantivo","doble","https://dle.rae.es/doble#E2KwfZ9","",""
"extraer","verbo","extraer","https://dle.rae.es/extraer#HOFmHUL","0","traer"
"nervioso","adjetivo","nervioso","https://dle.rae.es/nervioso#QQY0yhf","",""
"fábrica","sustantivo","fábrica","https://dle.rae.es/f%C3%A1brica#HRJlIp7","",""
"negro","sustantivo","negro","https://dle.rae.es/negro#QN0nGts","",""
"metal","sustantivo","metal","https://dle.rae.es/metal#P556gcy","",""
"monto","sustantivo","monto","https://dle.rae.es/monto#PkV8vHK","",""
"entrevistar","verbo","entrevistar","https://dle.rae.es/entrevistar#FpCr9M2","0",""
"cadáver","sustantivo","cadáver","https://dle.rae.es/cad%C3%A1ver#6aTd1rb","",""
"ocasionar","verbo","ocasionar","https://dle.rae.es/ocasionar#QqmS88w","0",""
"previamente","adverbio","previamente","https://dle.rae.es/previamente#U9cYyjh","",""
"guitarra","sustantivo","guitarra","https://dle.rae.es/guitarra#Js6RJGg","",""
"cineasta","sustantivo","cineasta","https://dle.rae.es/cineasta#9FtbXc0","",""
"drama","sustantivo","drama","https://dle.rae.es/drama#EBgtUVr","",""
"radicar","verbo","radicar","https://dle.rae.es/radicar#V15I8x2","0",""
"cómodo","adjetivo","cómodo","https://dle.rae.es/c%C3%B3modo#9xrVNj5","",""
"patología","sustantivo","patología","https://dle.rae.es/patolog%C3%ADa#SAlV5kB","",""
"regular","adjetivo","regular","https://dle.rae.es/regular#VkMn9cm","",""
"visible","adjetivo","visible","https://dle.rae.es/visible#bv7LpkM","",""
"referente","sustantivo","referente","https://dle.rae.es/referente#VcFfAEd","",""
"probabilidad","sustantivo","probabilidad","https://dle.rae.es/probabilidad#UDu5ucA","",""
"inmenso","adjetivo","inmenso","https://dle.rae.es/inmenso#LeSC2pY","",""
"variado","adjetivo","variado","https://dle.rae.es/variado#bNWHwJe","",""
"extenso","adjetivo","extenso","https://dle.rae.es/extenso#HMJJ9Rv","",""
"gabinete","sustantivo","gabinete","https://dle.rae.es/gabinete#Ig6YnwQ","",""
"herir","verbo","herir","https://dle.rae.es/herir#KCqQLb3","0","sentir"
"potencial","adjetivo","potencial","https://dle.rae.es/potencial#Trg1grH","",""
"ruido","sustantivo","ruido","https://dle.rae.es/ruido#WoW1aWq","",""
"placa","sustantivo","placa","https://dle.rae.es/placa#THb1M87","",""
"parcial","adjetivo","parcial","https://dle.rae.es/parcial#RtqUTs5","",""
"hipótesis","sustantivo","hipótesis","https://dle.rae.es/hip%C3%B3tesis#KUtnGU1","",""
"tropa","sustantivo","tropa","https://dle.rae.es/tropa#anVSlNU","",""
"proveniente","adjetivo","proveniente","https://dle.rae.es/proveniente#UThQcWO","",""
"ético","adjetivo","ético","https://dle.rae.es/%C3%A9tico#H3y8Ijj","",""
"magnitud","sustantivo","magnitud","https://dle.rae.es/magnitud#NucYiO7","",""
"ansiedad","sustantivo","ansiedad","https://dle.rae.es/ansiedad#2l0oQtn","",""
"residuo","sustantivo","residuo","https://dle.rae.es/residuo#W9sEaKE","",""
"enterar","verbo","enterar","https://dle.rae.es/enterar#FhHMA3U","0",""
"mágico","adjetivo","mágico","https://dle.rae.es/m%C3%A1gico#NstmVML","",""
"israelí","adjetivo","israelí","https://dle.rae.es/israel%C3%AD#MCtVw1g","",""
"alza","sustantivo","alza","https://dle.rae.es/alza#2AVqOC4","",""
"montaje","sustantivo","montaje","https://dle.rae.es/montaje#Pis37U6","",""
"soporte","sustantivo","soporte","https://dle.rae.es/soporte#YP8N1Ve","",""
"mérito","sustantivo","mérito","https://dle.rae.es/m%C3%A9rito#P0mceZI","",""
"electricidad","sustantivo","electricidad","https://dle.rae.es/electricidad#ETfiNgk","",""
"expulsar","verbo","expulsar","https://dle.rae.es/expulsar#HLYTD5l","0",""
"terrorista","adjetivo","terrorista","https://dle.rae.es/terrorista#Zd3qw3X","",""
"trama","sustantivo","trama","https://dle.rae.es/trama#aGGFujE","",""
"diferenciar","verbo","diferenciar","https://dle.rae.es/diferenciar#DjcR8zI","0","anunciar"
"severo","adjetivo","severo","https://dle.rae.es/severo#XkW4kQj","",""
"enfatizar","verbo","enfatizar","https://dle.rae.es/enfatizar#FH5H9ku","0",""
"empatar","verbo","empatar","https://dle.rae.es/empatar#EmxsNCx","0",""
"sueldo","sustantivo","sueldo","https://dle.rae.es/sueldo#Ye8fXu5","",""
"show","sustantivo","show","https://dle.rae.es/show#XmF75Yc","",""
"estructural","adjetivo","estructural","https://dle.rae.es/estructural#H0ve9fb","",""
"íntimo","adjetivo","íntimo","https://dle.rae.es/%C3%ADntimo#LyMT3PN","",""
"cualquiera","sustantivo","cualquiera","https://dle.rae.es/cualquiera#BRgGL9X","",""
"gravedad","sustantivo","gravedad","https://dle.rae.es/gravedad#JVTH24s","",""
"ti","pronombre personal","ti","https://dle.rae.es/ti#ZhjwWgn","",""
"plantel","sustantivo","plantel","https://dle.rae.es/plantel#TKbGu70","",""
"escultura","sustantivo","escultura","https://dle.rae.es/escultura#GMzUs2l","",""
"necesariamente","adverbio","necesariamente","https://dle.rae.es/necesariamente#QKKcOJZ","",""
"adulto","adjetivo","adulto","https://dle.rae.es/adulto#0riC970","",""
"absolutamente","adverbio","absolutamente","https://dle.rae.es/absolutamente#0CQiu5r","",""
"teórico","adjetivo","teórico","https://dle.rae.es/te%C3%B3rico#ZVOUtcL","",""
"litro","sustantivo","litro","https://dle.rae.es/litro#NSNt8yR","",""
"regalar","verbo","regalar","https://dle.rae.es/regalar#Vgmi2Af","0",""
"tranquilidad","sustantivo","tranquilidad","https://dle.rae.es/tranquilidad#aHzSJ1C","",""
"territorial","adjetivo","territorial","https://dle.rae.es/territorial#ZckK6kR","",""
"giro","sustantivo","giro","https://dle.rae.es/giro#JDUFomi","",""
"concepción","sustantivo","concepción","https://dle.rae.es/concepci%C3%B3n#A78eKQc","",""
"girar","verbo","girar","https://dle.rae.es/girar#JDHNQRM","0",""
"alterar","verbo","alterar","https://dle.rae.es/alterar#26cHVTU","0",""
"desempleo","sustantivo","desempleo","https://dle.rae.es/desempleo#CqcM6S7","",""
"felicidad","sustantivo","felicidad","https://dle.rae.es/felicidad#Hj4JtKk","",""
"inclusión","sustantivo","inclusión","https://dle.rae.es/inclusi%C3%B3n#LFW63CN","",""
"resumir","verbo","resumir","https://dle.rae.es/resumir#WFYe5Ne","0",""
"desaparición","sustantivo","desaparición","https://dle.rae.es/desaparici%C3%B3n#CReCZe5","",""
"corporación","sustantivo","corporación","https://dle.rae.es/corporaci%C3%B3n#Aw1zstZ","",""
"banca","sustantivo","banca","https://dle.rae.es/banca#4wPQky6","",""
"corredor","sustantivo","corredor","https://dle.rae.es/corredor#AxUOPpI","",""
"regalo","sustantivo","regalo","https://dle.rae.es/regalo#Vh83pp0","",""
"eficacia","sustantivo","eficacia","https://dle.rae.es/eficacia#EPQzi07","",""
"republicano","adjetivo","republicano","https://dle.rae.es/republicano#W5kkZpp","",""
"reglamento","sustantivo","reglamento","https://dle.rae.es/reglamento#VjD9c3O","",""
"risa","sustantivo","risa","https://dle.rae.es/risa#WVeu9LN","",""
"eliminación","sustantivo","eliminación","https://dle.rae.es/eliminaci%C3%B3n#EXZ782c","",""
"ignorar","verbo","ignorar","https://dle.rae.es/ignorar#KwHqFub","0",""
"destrucción","sustantivo","destrucción","https://dle.rae.es/destrucci%C3%B3n#DVQXGAk","",""
"restar","verbo","restar","https://dle.rae.es/restar#WE9qmoK","0",""
"decisivo","adjetivo","decisivo","https://dle.rae.es/decisivo#BxPNBIF","",""
"rayo","sustantivo","rayo","https://dle.rae.es/rayo#VF9H3Gw","",""
"polvo","sustantivo","polvo","https://dle.rae.es/polvo#TbjKO0T","",""
"bailarín","sustantivo","bailarín","https://dle.rae.es/bailar%C3%ADn#4nOn6Bt","",""
"planear","verbo","planear","https://dle.rae.es/planear#TJdEPhH","0",""
"fotógrafo","sustantivo","fotógrafo","https://dle.rae.es/fot%C3%B3grafo#IK8K2Fk","",""
"oral","adjetivo","oral","https://dle.rae.es/oral#R8VaC2s","",""
"preparado","adjetivo","preparado","https://dle.rae.es/preparado#U3k3L9I","",""
"inventar","verbo","inventar","https://dle.rae.es/inventar#M2pvUFr","0",""
"síndrome","sustantivo","síndrome","https://dle.rae.es/s%C3%ADndrome#Xxq1Q5A","",""
"huir","verbo","huir","https://dle.rae.es/huir#KmZs0cy","0","construir"
"lógico","sustantivo","lógico","https://dle.rae.es/l%C3%B3gico#NZEWqRA","",""
"cristiano","adjetivo","cristiano","https://dle.rae.es/cristiano#BJdp4vC","",""
"deterioro","sustantivo","deterioro","https://dle.rae.es/deterioro#Da8X0Ck","",""
"convenir","verbo","convenir","https://dle.rae.es/convenir#AgCDUpC","0","venir"
"asignar","verbo","asignar","https://dle.rae.es/asignar#3zmNLMJ","0",""
"rango","sustantivo","rango","https://dle.rae.es/rango#V7xwLhM","",""
"quemar","verbo","quemar","https://dle.rae.es/quemar#Un85JJr","0",""
"once","numeral","once","https://dle.rae.es/once#R3aRnep","",""
"pelo","sustantivo","pelo","https://dle.rae.es/pelo#SPSNBuG","",""
"rama","sustantivo","rama","https://dle.rae.es/rama#V5aDHaU","",""
"valle","sustantivo","valle","https://dle.rae.es/valle#bJKMiy9","",""
"finanza","sustantivo","finanza","https://dle.rae.es/finanza#HxjppNI","",""
"sentenciar","verbo","sentenciar","https://dle.rae.es/sentenciar#Xb7ikM1","0","anunciar"
"desplegar","verbo","desplegar","https://dle.rae.es/desplegar#DNRlXZo","0","acertar"
"barato","adjetivo","barato","https://dle.rae.es/barato#51K1DiJ","",""
"orgullo","sustantivo","orgullo","https://dle.rae.es/orgullo#RCAtZVD","",""
"depósito","sustantivo","depósito","https://dle.rae.es/dep%C3%B3sito#CFg5bfg","",""
"acelerar","verbo","acelerar","https://dle.rae.es/acelerar#0MSHpB9","0",""
"tributario","adjetivo","tributario","https://dle.rae.es/tributario#acPcRqA","",""
"contratación","sustantivo","contratación","https://dle.rae.es/contrataci%C3%B3n#AdKJH3h","",""
"tenis","sustantivo","tenis","https://dle.rae.es/tenis#ZTQHXFp","",""
"transportar","verbo","transportar","https://dle.rae.es/transportar#aMgmTGw","0",""
"ligero","adjetivo","ligero","https://dle.rae.es/ligero#NIVZq3a","",""
"torre","sustantivo","torre","https://dle.rae.es/torre#a7GrYmZ","",""
"exactamente","adverbio","exactamente","https://dle.rae.es/exactamente#HANsDGj","",""
"precisión","sustantivo","precisión","https://dle.rae.es/precisi%C3%B3n#TwDpXuM","",""
"reír","verbo","reír","https://dle.rae.es/re%C3%ADr#VnAMCA7","0","sonreír"
"exclusivamente","adverbio","exclusivamente","https://dle.rae.es/exclusivamente#HCoVZSG","",""
"tormenta","sustantivo","tormenta","https://dle.rae.es/tormenta#a5NjB1P","",""
"gráfico","adjetivo","gráfico","https://dle.rae.es/gr%C3%A1fico#JPeHrNL","",""
"renovación","sustantivo","renovación","https://dle.rae.es/renovaci%C3%B3n#Vxoe2IE","",""
"huelga","sustantivo","huelga","https://dle.rae.es/huelga#Kl3XBMh","",""
"mas","conjunción","mas","https://dle.rae.es/mas#OWE2P4C","",""
"nube","sustantivo","nube","https://dle.rae.es/nube#QgpwJRv","",""
"lejano","adjetivo","lejano","https://dle.rae.es/lejano#N606Ldt","",""
"geográfico","adjetivo","geográfico","https://dle.rae.es/geogr%C3%A1fico#J7OaIcO","",""
"especialidad","sustantivo","especialidad","https://dle.rae.es/especialidad#GWV9FJm","",""
"suceso","sustantivo","suceso","https://dle.rae.es/suceso#Yc9hj5u","",""
"poético","adjetivo","poético","https://dle.rae.es/po%C3%A9tico#TUdy05h","",""
"curioso","adjetivo","curioso","https://dle.rae.es/curioso#Bjrf1Bx","",""
"marido","sustantivo","marido","https://dle.rae.es/marido#OPnl0mR","",""
"acá","adverbio","acá","https://dle.rae.es/ac%C3%A1#0EjKfwP","",""
"conservador","adjetivo","conservador","https://dle.rae.es/conservador#APLCLZ9","",""
"obligado","adjetivo","obligado","https://dle.rae.es/obligado#QnRgHlB","",""
"editar","verbo","editar","https://dle.rae.es/editar#ENiqxh2","0",""
"moderado","adjetivo","moderado","https://dle.rae.es/moderado#PTw2u4z","",""
"alemán","sustantivo","alemán","https://dle.rae.es/alem%C3%A1n#1hn1XWS","",""
"albergar","verbo","albergar","https://dle.rae.es/albergar#1XEBIvA","0",""
"patria","sustantivo","patria","https://dle.rae.es/patria#SB0N7OP","",""
"limpieza","sustantivo","limpieza","https://dle.rae.es/limpieza#NLQ6rf0","",""
"gritar","verbo","gritar","https://dle.rae.es/gritar#JYq8Ucq","0",""
"terrestre","adjetivo","terrestre","https://dle.rae.es/terrestre#ZcMg2Cc","",""
"videojuego","sustantivo","videojuego","https://dle.rae.es/videojuego#bmnbNU7","",""
"corporal","adjetivo","corporal","https://dle.rae.es/corporal#Aw43OTz","",""
"ayuntamiento","sustantivo","ayuntamiento","https://dle.rae.es/ayuntamiento#4ciLhEx","",""
"vulnerable","adjetivo","vulnerable","https://dle.rae.es/vulnerable#c5dW2by","",""
"oficial","sustantivo","oficial","https://dle.rae.es/oficial#QvWA4QX","",""
"demasiado","cuantificador","demasiado","https://dle.rae.es/demasiado#C8sjljP","",""
"respiratorio","adjetivo","respiratorio","https://dle.rae.es/respiratorio#WCW7Q2F","",""
"tesis","sustantivo","tesis","https://dle.rae.es/tesis#ZeE19CB","",""
"anteriormente","adverbio","anteriormente","https://dle.rae.es/anteriormente#2oBUVBS","",""
"fibra","sustantivo","fibra","https://dle.rae.es/fibra#HqB45Xx","",""
"financiamiento","sustantivo","financiamiento","https://dle.rae.es/financiamiento#Hxc9NIh","",""
"mínimo","sustantivo","mínimo","https://dle.rae.es/m%C3%ADnimo#PJgUkzI","",""
"retorno","sustantivo","retorno","https://dle.rae.es/retorno#WIa75XW","",""
"debutar","verbo","debutar","https://dle.rae.es/debutar#BuVohPG","0",""
"ascenso","sustantivo","ascenso","https://dle.rae.es/ascenso#3vohT9m","",""
"hielo","sustantivo","hielo","https://dle.rae.es/hielo#KMEWUGm","",""
"supuesto","adjetivo","supuesto","https://dle.rae.es/supuesto#YmdRwDm","",""
"creencia","sustantivo","creencia","https://dle.rae.es/creencia#BDmkp0F","",""
"deber","sustantivo","deber","https://dle.rae.es/deber#Bu8i6DA","",""
"asiático","adjetivo","asiático","https://dle.rae.es/asi%C3%A1tico#3zUTVe8","",""
"potente","adjetivo","potente","https://dle.rae.es/potente#Trp9zqo","",""
"matemático","sustantivo","matemático","https://dle.rae.es/matem%C3%A1tico#ObS8ajk","",""
"procesar","verbo","procesar","https://dle.rae.es/procesar#UFNAeKx","0",""
"cardiovascular","adjetivo","cardiovascular","https://dle.rae.es/cardiovascular#7Vl0mbB","",""
"evidenciar","verbo","evidenciar","https://dle.rae.es/evidenciar#H9bNNE2","0","anunciar"
"quince","numeral","quince","https://dle.rae.es/quince#UsjbEQ0","",""
"adquisición","sustantivo","adquisición","https://dle.rae.es/adquisici%C3%B3n#0piERF2","",""
"originar","verbo","originar","https://dle.rae.es/originar#RDHj7Xt","0",""
"recinto","sustantivo","recinto","https://dle.rae.es/recinto#VRPLnt7","",""
"incorporación","sustantivo","incorporación","https://dle.rae.es/incorporaci%C3%B3n#LJSlclp","",""
"cuello","sustantivo","cuello","https://dle.rae.es/cuello#BZp5877","",""
"nada","adverbio","nada","https://dle.rae.es/nada#QCFVQse","",""
"canto","sustantivo","canto","https://dle.rae.es/canto#7DBlluB","",""
"debut","sustantivo","debut","https://dle.rae.es/debut#BuUXOBh","",""
"simbólico","adjetivo","simbólico","https://dle.rae.es/simb%C3%B3lico#XugV96c","",""
"contribución","sustantivo","contribución","https://dle.rae.es/contribuci%C3%B3n#AeJZFYT","",""
"capacitación","sustantivo","capacitación","https://dle.rae.es/capacitaci%C3%B3n#7HamHPs","",""
"trato","sustantivo","trato","https://dle.rae.es/trato#aX7AnVT","",""
"utilidad","sustantivo","utilidad","https://dle.rae.es/utilidad#bCawSlI","",""
"ocupación","sustantivo","ocupación","https://dle.rae.es/ocupaci%C3%B3n#Qu0oRKT","",""
"concesión","sustantivo","concesión","https://dle.rae.es/concesi%C3%B3n#A7vOPVe","",""
"traje","sustantivo","traje","https://dle.rae.es/traje#aFwYxH9","",""
"ácido","sustantivo","ácido","https://dle.rae.es/%C3%A1cido#0TYpfPc","",""
"premiar","verbo","premiar","https://dle.rae.es/premiar#U1P0Lh1","0","anunciar"
"armar","verbo","armar","https://dle.rae.es/armar#3aoPllh","0",""
"descansar","verbo","descansar","https://dle.rae.es/descansar#Cbf2w9c","0",""
"reproducción","sustantivo","reproducción","https://dle.rae.es/reproducci%C3%B3n#W5FSv2Q","",""
"caliente","adjetivo","caliente","https://dle.rae.es/caliente#6nrQsN4","",""
"normalmente","adverbio","normalmente","https://dle.rae.es/normalmente#QcWzHmw","",""
"obligatorio","adjetivo","obligatorio","https://dle.rae.es/obligatorio#QnTgCTZ","",""
"mexicano","sustantivo","mexicano","https://dle.rae.es/mexicano#P8xBcGR","",""
"guiar","verbo","guiar","https://dle.rae.es/guiar#Joxyom6","0","enviar"
"comprensión","sustantivo","comprensión","https://dle.rae.es/comprensi%C3%B3n#A37FnFc","",""
"embajada","sustantivo","embajada","https://dle.rae.es/embajada#EZZVevr","",""
"dañar","verbo","dañar","https://dle.rae.es/da%C3%B1ar#BrdY6Ro","0",""
"ópera","sustantivo","ópera","https://dle.rae.es/%C3%B3pera#R5sDj83","",""
"comicios","sustantivo","comicios","https://dle.rae.es/comicios#9w25qhc","",""
"supuestamente","adverbio","supuestamente","https://dle.rae.es/supuestamente#YmcTtG8","",""
"imaginación","sustantivo","imaginación","https://dle.rae.es/imaginaci%C3%B3n#L08fZIc","",""
"fiel","adjetivo","fiel","https://dle.rae.es/fiel#Hro2nBC","",""
"dignidad","sustantivo","dignidad","https://dle.rae.es/dignidad#DlX5ZXZ","",""
"preferencia","sustantivo","preferencia","https://dle.rae.es/preferencia#TynWJVc","",""
"importación","sustantivo","importación","https://dle.rae.es/importaci%C3%B3n#L5Tppza","",""
"divertido","adjetivo","divertido","https://dle.rae.es/divertido#E0pO7wd","",""
"delicado","adjetivo","delicado","https://dle.rae.es/delicado#C7Os6to","",""
"satisfacer","verbo","satisfacer","https://dle.rae.es/satisfacer#XLL03np","0","hacer"
"retrato","sustantivo","retrato","https://dle.rae.es/retrato#WK0XDqv","",""
"charla","sustantivo","charla","https://dle.rae.es/charla#8cUhUmA","",""
"vocación","sustantivo","vocación","https://dle.rae.es/vocaci%C3%B3n#bzINevX","",""
"metropolitano","adjetivo","metropolitano","https://dle.rae.es/metropolitano#P8iAvJc","",""
"misterio","sustantivo","misterio","https://dle.rae.es/misterio#PPVzcmY","",""
"gestionar","verbo","gestionar","https://dle.rae.es/gestionar#JAQijnd","0",""
"centenar","sustantivo","centenar","https://dle.rae.es/centenar#8EmxyMW","",""
"terrible","adjetivo","terrible","https://dle.rae.es/terrible#ZcScOBQ","",""
"oriental","adjetivo","oriental","https://dle.rae.es/oriental#RCOoAfL","",""
"cable","sustantivo","cable","https://dle.rae.es/cable#6RZJCpH","",""
"impresionante","adjetivo","impresionante","https://dle.rae.es/impresionante#L6qXS20","",""
"onda","sustantivo","onda","https://dle.rae.es/onda#R3xIuys","",""
"horizonte","sustantivo","horizonte","https://dle.rae.es/horizonte#KeeuMYG","",""
"paralelo","adjetivo","paralelo","https://dle.rae.es/paralelo#Rr2hl8R","",""
"complejidad","sustantivo","complejidad","https://dle.rae.es/complejidad#A1I9RYm","",""
"anticipar","verbo","anticipar","https://dle.rae.es/anticipar#2prPs33","0",""
"espiritual","adjetivo","espiritual","https://dle.rae.es/espiritual#GcXFczH","",""
"equivocar","verbo","equivocar","https://dle.rae.es/equivocar#G0jWiIZ","0",""
"confundir","verbo","confundir","https://dle.rae.es/confundir#AHaRqKT","0",""
"productividad","sustantivo","productividad","https://dle.rae.es/productividad#UH8mXZv","",""
"nocturno","adjetivo","nocturno","https://dle.rae.es/nocturno#QYpvvAq","",""
"pescado","sustantivo","pescado","https://dle.rae.es/pescado#SmQNqI2","",""
"arroz","sustantivo","arroz","https://dle.rae.es/arroz#3oGWULX","",""
"canciller","sustantivo","canciller","https://dle.rae.es/canciller#74Y2ycs","",""
"borde","sustantivo","borde","https://dle.rae.es/borde#5tr9JXy","",""
"creatividad","sustantivo","creatividad","https://dle.rae.es/creatividad#BD3eZdM","",""
"tercio","sustantivo","tercio","https://dle.rae.es/tercio#ZXOWPIX","",""
"diplomático","adjetivo","diplomático","https://dle.rae.es/diplom%C3%A1tico#DpfZARt","",""
"bombero","sustantivo","bombero","https://dle.rae.es/bombero#5pfRKTI","",""
"exhibición","sustantivo","exhibición","https://dle.rae.es/exhibici%C3%B3n#HEptUJk","",""
"volante","sustantivo","volante","https://dle.rae.es/volante#c0atLqI","",""
"mamá","sustantivo","mamá","https://dle.rae.es/mam%C3%A1#O5a03Rk","",""
"llorar","verbo","llorar","https://dle.rae.es/llorar#NVzTcUw","0",""
"navidad","sustantivo","navidad","https://dle.rae.es/navidad#QJIetrS","",""
"periodismo","sustantivo","periodismo","https://dle.rae.es/periodismo#SdXSbMM","",""
"ampliación","sustantivo","ampliación","https://dle.rae.es/ampliaci%C3%B3n#2Rc5JO5","",""
"activo","sustantivo","activo","https://dle.rae.es/activo#0clfXYb","",""
"salvo","adjetivo","salvo","https://dle.rae.es/salvo#X8yVIlK","",""
"acompañado","adjetivo","acompañado","https://dle.rae.es/acompa%C3%B1ado#0XOe73W","",""
"convivencia","sustantivo","convivencia","https://dle.rae.es/convivencia#AhSY7bu","",""
"fino","adjetivo","fino","https://dle.rae.es/fino#HyMA6F7","",""
"motivación","sustantivo","motivación","https://dle.rae.es/motivaci%C3%B3n#Pw7w4I0","",""
"forestal","adjetivo","forestal","https://dle.rae.es/forestal#IEeNomR","",""
"televisivo","adjetivo","televisivo","https://dle.rae.es/televisivo#ZO4Tk7d","",""
"beca","sustantivo","beca","https://dle.rae.es/beca#5H6Z9Jt","",""
"viajero","sustantivo","viajero","https://dle.rae.es/viajero#bioXk2n","",""
"silla","sustantivo","silla","https://dle.rae.es/silla#XtQvCwh","",""
"favorito","sustantivo","favorito","https://dle.rae.es/favorito#Hh5BEDz","",""
"exacto","adjetivo","exacto","https://dle.rae.es/exacto#HAONjvN","",""
"considerado","adjetivo","considerado","https://dle.rae.es/considerado#APh6dSg","",""
"jazz","sustantivo","jazz","https://dle.rae.es/jazz#MOox3ni","",""
"fundamentalmente","adverbio","fundamentalmente","https://dle.rae.es/fundamentalmente#IbuaIQC","",""
"quejar","verbo","quejar","https://dle.rae.es/quejar#UlzwgCT","0",""
"tío","sustantivo","tío","https://dle.rae.es/t%C3%ADo#ZoWtFfy","",""
"arco","sustantivo","arco","https://dle.rae.es/arco#3TE56ZB","",""
"presionar","verbo","presionar","https://dle.rae.es/presionar#U6kLEAi","0",""
"expediente","sustantivo","expediente","https://dle.rae.es/expediente#HIBt7mX","",""
"sigla","sustantivo","sigla","https://dle.rae.es/sigla#XqwEQdl","",""
"reducido","adjetivo","reducido","https://dle.rae.es/reducido#VZziGtR","",""
"instante","sustantivo","instante","https://dle.rae.es/instante#LmlGBOx","",""
"movilización","sustantivo","movilización","https://dle.rae.es/movilizaci%C3%B3n#Pxe8DsC","",""
"propiciar","verbo","propiciar","https://dle.rae.es/propiciar#UNhHPJp","0","anunciar"
"acostumbrar","verbo","acostumbrar","https://dle.rae.es/acostumbrar#0a77JpM","0",""
"domicilio","sustantivo","domicilio","https://dle.rae.es/domicilio#E6cyAL3","",""
"recalcar","verbo","recalcar","https://dle.rae.es/recalcar#VN5evdt","0",""
"prestación","sustantivo","prestación","https://dle.rae.es/prestaci%C3%B3n#U6q7XKf","",""
"rato","sustantivo","rato","https://dle.rae.es/rato#VEKIuUF","",""
"diente","sustantivo","diente","https://dle.rae.es/diente#DiDC7iY","",""
"debilidad","sustantivo","debilidad","https://dle.rae.es/debilidad#BuAoNQi","",""
"perdido","adjetivo","perdido","https://dle.rae.es/perdido#SYPEPhR","",""
"alertar","verbo","alertar","https://dle.rae.es/alertar#1ib1iNg","0",""
"lago","sustantivo","lago","https://dle.rae.es/lago#MnzSnFp","",""
"satisfecho","adjetivo","satisfecho","https://dle.rae.es/satisfecho#XLOkzU4","",""
"telecomunicación","sustantivo","telecomunicación","https://dle.rae.es/telecomunicaci%C3%B3n#ZLVO47g","",""
"inicialmente","adverbio","inicialmente","https://dle.rae.es/inicialmente#LcKMFRq","",""
"posiblemente","adverbio","posiblemente","https://dle.rae.es/posiblemente#TnQKS4U","",""
"agresivo","adjetivo","agresivo","https://dle.rae.es/agresivo#19Y31Cf","",""
"foco","sustantivo","foco","https://dle.rae.es/foco#I8whSTb","",""
"innovador","adjetivo","innovador","https://dle.rae.es/innovador#Lgx27dt","",""
"eterno","adjetivo","eterno","https://dle.rae.es/eterno#H3hSazV","",""
"set","sustantivo","set","https://dle.rae.es/set#XjWv70c","",""
"solitario","adjetivo","solitario","https://dle.rae.es/solitario#YId5svt","",""
"diagnosticar","verbo","diagnosticar","https://dle.rae.es/diagnosticar#De7qNYD","0",""
"bonito","adjetivo","bonito","https://dle.rae.es/bonito#5rVKGkX","",""
"regir","verbo","regir","https://dle.rae.es/regir#ViydM42","0","pedir"
"italiano","sustantivo","italiano","https://dle.rae.es/italiano#MDYQFjI","",""
"planificación","sustantivo","planificación","https://dle.rae.es/planificaci%C3%B3n#TJwPLbd","",""
"variante","sustantivo","variante","https://dle.rae.es/variante#bNiE8QK","",""
"monumento","sustantivo","monumento","https://dle.rae.es/monumento#PlDhkfD","",""
"inauguración","sustantivo","inauguración","https://dle.rae.es/inauguraci%C3%B3n#LC5vPH3","",""
"pez","sustantivo","pez","https://dle.rae.es/pez#SqyV2F4","",""
"camiseta","sustantivo","camiseta","https://dle.rae.es/camiseta#6yMZCbz","",""
"estricto","adjetivo","estricto","https://dle.rae.es/estricto#GzmNU9j","",""
"suministro","sustantivo","suministro","https://dle.rae.es/suministro#YhcoEgd","",""
"programar","verbo","programar","https://dle.rae.es/programar#UJWsNlv","0",""
"voluntario","adjetivo","voluntario","https://dle.rae.es/voluntario#c2k2usd","",""
"disputa","sustantivo","disputa","https://dle.rae.es/disputa#DxqPMs4","",""
"leve","adjetivo","leve","https://dle.rae.es/leve#NCUSyGm","",""
"estrecho","adjetivo","estrecho","https://dle.rae.es/estrecho#Gy0GRhJ","",""
"mentira","sustantivo","mentira","https://dle.rae.es/mentira#Ox7CoE4","",""
"restante","adjetivo","restante","https://dle.rae.es/restante#WE0ICym","",""
"celular","sustantivo","celular","https://dle.rae.es/celular#8B9MNav","",""
"docente","adjetivo","docente","https://dle.rae.es/docente#E30trd8","",""
"primo","adjetivo","primo","https://dle.rae.es/primo#UBQk8bX","",""
"parámetro","sustantivo","parámetro","https://dle.rae.es/par%C3%A1metro#Rrl8oAZ","",""
"sonrisa","sustantivo","sonrisa","https://dle.rae.es/sonrisa#YMwB3Tw","",""
"animal","adjetivo","animal","https://dle.rae.es/animal#2h2JkZX","",""
"aspirante","sustantivo","aspirante","https://dle.rae.es/aspirante#44JDcIT","",""
"fortuna","sustantivo","fortuna","https://dle.rae.es/fortuna#IHQ5l0O","",""
"rojo","sustantivo","rojo","https://dle.rae.es/rojo#WcdRRD4","",""
"galardón","sustantivo","galardón","https://dle.rae.es/galard%C3%B3n#Iiq8Qrh","",""
"arrastrar","verbo","arrastrar","https://dle.rae.es/arrastrar#3gLZSm9","0",""
"centímetro","sustantivo","centímetro","https://dle.rae.es/cent%C3%ADmetro#8FRrQbQ","",""
"sonoro","adjetivo","sonoro","https://dle.rae.es/sonoro#YMpSVPm","",""
"excluir","verbo","excluir","https://dle.rae.es/excluir#HCmvu7c","0","construir"
"desigualdad","sustantivo","desigualdad","https://dle.rae.es/desigualdad#D5yhCb5","",""
"corona","sustantivo","corona","https://dle.rae.es/corona#AvKOq1e","",""
"compatriota","sustantivo","compatriota","https://dle.rae.es/compatriota#A08frDp","",""
"africano","adjetivo","africano","https://dle.rae.es/africano#11CPySQ","",""
"reloj","sustantivo","reloj","https://dle.rae.es/reloj#VqzLaVZ","",""
"traslado","sustantivo","traslado","https://dle.rae.es/traslado#aRmMAJS","",""
"químico","sustantivo","químico","https://dle.rae.es/qu%C3%ADmico#Us0hxUS","",""
"polémico","adjetivo","polémico","https://dle.rae.es/pol%C3%A9mico#TVjhw0E","",""
"sida","sustantivo","sida","https://dle.rae.es/sida#XpDOh4A","",""
"bono","sustantivo","bono","https://dle.rae.es/bono#5raHxcs","",""
"inédito","adjetivo","inédito","https://dle.rae.es/in%C3%A9dito#LSGayH1","",""
"hierro","sustantivo","hierro","https://dle.rae.es/hierro#KNC9a9J","",""
"discriminación","sustantivo","discriminación","https://dle.rae.es/discriminaci%C3%B3n#DtDzVTs","",""
"ético","sustantivo","ético","https://dle.rae.es/%C3%A9tico#H3y8Ijj","",""
"afirmación","sustantivo","afirmación","https://dle.rae.es/afirmaci%C3%B3n#0yRb6Jp","",""
"experimental","adjetivo","experimental","https://dle.rae.es/experimental#HIllLh5","",""
"juzgado","sustantivo","juzgado","https://dle.rae.es/juzgado#MfX7sEE","",""
"conversar","verbo","conversar","https://dle.rae.es/conversar#AgeF4qO","0",""
"robot","sustantivo","robot","https://dle.rae.es/robot#WYRlhzm","",""
"atrever","verbo","atrever","https://dle.rae.es/atrever#4KTCwK0","0",""
"automático","adjetivo","automático","https://dle.rae.es/autom%C3%A1tico#4TO3M08","",""
"comandante","sustantivo","comandante","https://dle.rae.es/comandante#9sr3OWM","",""
"beber","verbo","beber","https://dle.rae.es/beber#5GiyY3M","0",""
"espejo","sustantivo","espejo","https://dle.rae.es/espejo#GXygkNV","",""
"santo","adjetivo","santo","https://dle.rae.es/santo#XGGB4k6","",""
"sindical","adjetivo","sindical","https://dle.rae.es/sindical#XxkcSzS","",""
"cocinar","verbo","cocinar","https://dle.rae.es/cocinar#9aukAUD","0",""
"inquietud","sustantivo","inquietud","https://dle.rae.es/inquietud#LiljMIG","",""
"vacío","adjetivo","vacío","https://dle.rae.es/vac%C3%ADo#bEnWlap","",""
"criminal","adjetivo","criminal","https://dle.rae.es/criminal#BGVsZ49","",""
"fácilmente","adverbio","fácilmente","https://dle.rae.es/f%C3%A1cilmente#HTAtoXS","",""
"queso","sustantivo","queso","https://dle.rae.es/queso#UoiP2xs","",""
"discapacidad","sustantivo","discapacidad","https://dle.rae.es/discapacidad#DrrD8s5","",""
"orgulloso","adjetivo","orgulloso","https://dle.rae.es/orgulloso#RCCCTJW","",""
"debatirse","verbo","debatirse","https://dle.rae.es/debatirse#BtpyU6E","0",""
"autorización","sustantivo","autorización","https://dle.rae.es/autorizaci%C3%B3n#4UXxkoH","",""
"destinado","adjetivo","destinado","https://dle.rae.es/destinado#DTtK4Mk","",""
"contundente","adjetivo","contundente","https://dle.rae.es/contundente#Af13C02","",""
"plástico","sustantivo","plástico","https://dle.rae.es/pl%C3%A1stico#TLksLOy","",""
"agudo","adjetivo","agudo","https://dle.rae.es/agudo#1EVel10","",""
"potenciar","verbo","potenciar","https://dle.rae.es/potenciar#Trl7IOU","0","anunciar"
"romántico","adjetivo","romántico","https://dle.rae.es/rom%C3%A1ntico#WeAXeCC","",""
"condena","sustantivo","condena","https://dle.rae.es/condena#AB91kKk","",""
"multa","sustantivo","multa","https://dle.rae.es/multa#Q3h5qfS","",""
"obviamente","adverbio","obviamente","https://dle.rae.es/obviamente#QqL65hE","",""
"examinar","verbo","examinar","https://dle.rae.es/examinar#HAoHbeq","0",""
"relativamente","adverbio","relativamente","https://dle.rae.es/relativamente#VpU4dF7","",""
"aparentemente","adverbio","aparentemente","https://dle.rae.es/aparentemente#35amSk8","",""
"repertorio","sustantivo","repertorio","https://dle.rae.es/repertorio#W1dYmrx","",""
"donación","sustantivo","donación","https://dle.rae.es/donaci%C3%B3n#E7oF9KZ","",""
"finalidad","sustantivo","finalidad","https://dle.rae.es/finalidad#HxIm0Nf","",""
"raza","sustantivo","raza","https://dle.rae.es/raza#VFM92Rm","",""
"lógico","adjetivo","lógico","https://dle.rae.es/l%C3%B3gico#NZEWqRA","",""
"colonia","sustantivo","colonia","https://dle.rae.es/colonia#9q7UjC4","",""
"perjudicar","verbo","perjudicar","https://dle.rae.es/perjudicar#Secr1Q0","0",""
"vídeo","sustantivo","vídeo","https://dle.rae.es/video#bm7DOSs","",""
"sancionar","verbo","sancionar","https://dle.rae.es/sancionar#XBX0Nxa","0",""
"renuncia","sustantivo","renuncia","https://dle.rae.es/renuncia#Vyqz9zm","",""
"qué","adverbio","qué","https://dle.rae.es/qu%C3%A9#UkdF1CE","",""
"claridad","sustantivo","claridad","https://dle.rae.es/claridad#9PLATiP","",""
"reclamo","sustantivo","reclamo","https://dle.rae.es/reclamo#VS94MJP","",""
"estándar","sustantivo","estándar","https://dle.rae.es/est%C3%A1ndar#GltBvT9","",""
"líquido","sustantivo","líquido","https://dle.rae.es/l%C3%ADquido#NPFPAGl","",""
"preservar","verbo","preservar","https://dle.rae.es/preservar#U6MfolN","0",""
"perfectamente","adverbio","perfectamente","https://dle.rae.es/perfectamente#SaYr2OA","",""
"pesca","sustantivo","pesca","https://dle.rae.es/pesca#SmL7hf2","",""
"rumor","sustantivo","rumor","https://dle.rae.es/rumor#WpuhTPl","",""
"violar","verbo","violar","https://dle.rae.es/violar#braKubI","0",""
"reemplazar","verbo","reemplazar","https://dle.rae.es/reemplazar#Vb008Am","0",""
"imprescindible","adjetivo","imprescindible","https://dle.rae.es/imprescindible#L6eq745","",""
"ubicación","sustantivo","ubicación","https://dle.rae.es/ubicaci%C3%B3n#b0PhW7b","",""
"formular","verbo","formular","https://dle.rae.es/formular#IFjax11","0",""
"vacío","sustantivo","vacío","https://dle.rae.es/vac%C3%ADo#bEnWlap","",""
"alejado","adjetivo","alejado","https://dle.rae.es/alejado#1hO30jx","",""
"planteamiento","sustantivo","planteamiento","https://dle.rae.es/planteamiento#TKUWw2i","",""
"terremoto","sustantivo","terremoto","https://dle.rae.es/terremoto#Zbv1taE","",""
"constar","verbo","constar","https://dle.rae.es/constar#ARBwfHT","0",""
"movilidad","sustantivo","movilidad","https://dle.rae.es/movilidad#PxccIuF","",""
"reporte","sustantivo","reporte","https://dle.rae.es/reporte#W3HQJvs","",""
"representativo","adjetivo","representativo","https://dle.rae.es/representativo#W4ddtlK","",""
"oficialmente","adverbio","oficialmente","https://dle.rae.es/oficialmente#Qvhobih","",""
"excelencia","sustantivo","excelencia","https://dle.rae.es/excelencia#HBYgzjT","",""
"proveer","verbo","proveer","https://dle.rae.es/proveer#UTasrC9","0","leer"
"separación","sustantivo","separación","https://dle.rae.es/separaci%C3%B3n#XchMbHZ","",""
"puntualizar","verbo","puntualizar","https://dle.rae.es/puntualizar#UgVm4i4","0",""
"cultivar","verbo","cultivar","https://dle.rae.es/cultivar#Beoktf0","0",""
"transcurrir","verbo","transcurrir","https://dle.rae.es/transcurrir#aIsOKuI","0",""
"palestino","adjetivo","palestino","https://dle.rae.es/palestino#RXZ8Scj","",""
"directivo","adjetivo","directivo","https://dle.rae.es/directivo#Dr0oRwT","",""
"fusión","sustantivo","fusión","https://dle.rae.es/fusi%C3%B3n#IeJk1mT","",""
"segmento","sustantivo","segmento","https://dle.rae.es/segmento#XSIC56Z","",""
"operativo","sustantivo","operativo","https://dle.rae.es/operativo#R6K5Qhb","",""
"pronóstico","sustantivo","pronóstico","https://dle.rae.es/pron%C3%B3stico#UMbe3J5","",""
"semestre","sustantivo","semestre","https://dle.rae.es/semestre#XWHMHdB","",""
"economista","sustantivo","economista","https://dle.rae.es/economista#ELc6CTY","",""
"fraude","sustantivo","fraude","https://dle.rae.es/fraude#IQS313i","",""
"metodología","sustantivo","metodología","https://dle.rae.es/metodolog%C3%ADa#P7eTCPD","",""
"loco","adjetivo","loco","https://dle.rae.es/loco#NYFsSZ5","",""
"semejante","adjetivo","semejante","https://dle.rae.es/semejante#XVv80p3","",""
"competitividad","sustantivo","competitividad","https://dle.rae.es/competitividad#A0rd5WL","",""
"incidir","verbo","incidir","https://dle.rae.es/incidir#LEG2wmx","0",""
"peruano","adjetivo","peruano","https://dle.rae.es/peruano#Sl9xzz8","",""
"emergente","adjetivo","emergente","https://dle.rae.es/emergente#EiYm9np","",""
"bloquear","verbo","bloquear","https://dle.rae.es/bloquear#5hVbaEt","0",""
"maíz","sustantivo","maíz","https://dle.rae.es/ma%C3%ADz#Nwf5gAG","",""
"crónica","sustantivo","crónica","https://dle.rae.es/cr%C3%B3nico#BLThYfx","",""
"descripción","sustantivo","descripción","https://dle.rae.es/descripci%C3%B3n#ClHh0Ke","",""
"válido","adjetivo","válido","https://dle.rae.es/v%C3%A1lido#bIy6PkC","",""
"competición","sustantivo","competición","https://dle.rae.es/competici%C3%B3n#A0pouDd","",""
"fortaleza","sustantivo","fortaleza","https://dle.rae.es/fortaleza#IH5KG1g","",""
"templo","sustantivo","templo","https://dle.rae.es/templo#ZR8E84P","",""
"conllevar","verbo","conllevar","https://dle.rae.es/conllevar#ALJubw5","0",""
"vecino","adjetivo","vecino","https://dle.rae.es/vecino#bQ7H09A","",""
"oportuno","adjetivo","oportuno","https://dle.rae.es/oportuno#R6zLykN","",""
"ahorrar","verbo","ahorrar","https://dle.rae.es/ahorrar#1IzPngH","0",""
"cualidad","sustantivo","cualidad","https://dle.rae.es/cualidad#BRNxtDx","",""
"profundizar","verbo","profundizar","https://dle.rae.es/profundizar#UItlfxQ","0",""
"tabaco","sustantivo","tabaco","https://dle.rae.es/tabaco#Yr2tSiJ","",""
"básicamente","adverbio","básicamente","https://dle.rae.es/b%C3%A1sicamente#5AVyBTj","",""
"materno","adjetivo","materno","https://dle.rae.es/materno#Objdbnb","",""
"entusiasmo","sustantivo","entusiasmo","https://dle.rae.es/entusiasmo#FqfOrb7","",""
"tesoro","sustantivo","tesoro","https://dle.rae.es/tesoro#ZeYF5di","",""
"convivir","verbo","convivir","https://dle.rae.es/convivir#AhWzQrv","0",""
"sorprendente","adjetivo","sorprendente","https://dle.rae.es/sorprendente#YQUKrGn","",""
"limpiar","verbo","limpiar","https://dle.rae.es/limpiar#NLKAFYS","0","anunciar"
"parecido","adjetivo","parecido","https://dle.rae.es/parecido#Rub7e2f","",""
"imperio","sustantivo","imperio","https://dle.rae.es/imperio#L3Ppgls","",""
"indispensable","adjetivo","indispensable","https://dle.rae.es/indispensable#LPab3fE","",""
"envolver","verbo","envolver","https://dle.rae.es/envolver#Ftive9I","0","mover"
"fumar","verbo","fumar","https://dle.rae.es/fumar#IaqNlFC","0",""
"hilo","sustantivo","hilo","https://dle.rae.es/hilo#KPCAvyq","",""
"perteneciente","adjetivo","perteneciente","https://dle.rae.es/perteneciente#SkSTU0O","",""
"vegetal","adjetivo","vegetal","https://dle.rae.es/vegetal#bR5GNTb","",""
"verificar","verbo","verificar","https://dle.rae.es/verificar#beGg9NJ","0",""
"empujar","verbo","empujar","https://dle.rae.es/empujar#EtSWM8z","0",""
"envío","sustantivo","envío","https://dle.rae.es/env%C3%ADo#Ft8Ey5j","",""
"complementar","verbo","complementar","https://dle.rae.es/complementar#A1JbDmp","0",""
"fiebre","sustantivo","fiebre","https://dle.rae.es/fiebre#HrnTNj4","",""
"retiro","sustantivo","retiro","https://dle.rae.es/retiro#WHy6ncc","",""
"respirar","verbo","respirar","https://dle.rae.es/respirar#WCUJreK","0",""
"gases","sustantivo","gases","https://dle.rae.es/gas#IyS0m4t","",""
"constatar","verbo","constatar","https://dle.rae.es/constatar#ARG6MOX","0",""
"epidemia","sustantivo","epidemia","https://dle.rae.es/epidemia#Fw3BQCP","",""
"mediodía","sustantivo","mediodía","https://dle.rae.es/mediod%C3%ADa#OlvriJu","",""
"gamo","sustantivo","gamo","https://dle.rae.es/gamo#IpSEnG3","",""
"privilegio","sustantivo","privilegio","https://dle.rae.es/privilegio#UDYJMka","",""
"recorte","sustantivo","recorte","https://dle.rae.es/recorte#VVN1o8T","",""
"apariencia","sustantivo","apariencia","https://dle.rae.es/apariencia#35evZhV","",""
"cena","sustantivo","cena","https://dle.rae.es/cena#8Bs26eN","",""
"admirar","verbo","admirar","https://dle.rae.es/admirar#0mcCwDF","0",""
"terror","sustantivo","terror","https://dle.rae.es/terror#Zd0oAGD","",""
"concejal","sustantivo","concejal","https://dle.rae.es/concejal#A6ZJrU7","",""
"queja","sustantivo","queja","https://dle.rae.es/queja#Uly38fE","",""
"soledad","sustantivo","soledad","https://dle.rae.es/soledad#YGkk3NL","",""
"eliminatoria","sustantivo","eliminatoria","https://dle.rae.es/eliminatorio#EXd8R8H","",""
"secuencia","sustantivo","secuencia","https://dle.rae.es/secuencia#XPchg6c","",""
"actualización","sustantivo","actualización","https://dle.rae.es/actualizaci%C3%B3n#0d00F7n","",""
"estímulo","sustantivo","estímulo","https://dle.rae.es/est%C3%ADmulo#GsukeNa","",""
"escrito","sustantivo","escrito","https://dle.rae.es/escrito#GKRIYhs","",""
"aspiración","sustantivo","aspiración","https://dle.rae.es/aspiraci%C3%B3n#448HyGU","",""
"océano","sustantivo","océano","https://dle.rae.es/oc%C3%A9ano#QrJYrhI","",""
"enfocar","verbo","enfocar","https://dle.rae.es/enfocar#FIJ8jj4","0",""
"exploración","sustantivo","exploración","https://dle.rae.es/exploraci%C3%B3n#HJyvT3l","",""
"invitación","sustantivo","invitación","https://dle.rae.es/invitaci%C3%B3n#M4UJ1kO","",""
"actualizar","verbo","actualizar","https://dle.rae.es/actualizar#0d341nz","0",""
"radiación","sustantivo","radiación","https://dle.rae.es/radiaci%C3%B3n#V0nSwmt","",""
"igualar","verbo","igualar","https://dle.rae.es/igualar#KwduUjc","0",""
"partícula","sustantivo","partícula","https://dle.rae.es/part%C3%ADcula#S0FgBRr","",""
"fragmento","sustantivo","fragmento","https://dle.rae.es/fragmento#IMxo6jm","",""
"complicar","verbo","complicar","https://dle.rae.es/complicar#A1izsgd","0",""
"ofensivo","adjetivo","ofensivo","https://dle.rae.es/ofensivo#QvAzF5q","",""
"terapéutico","adjetivo","terapéutico","https://dle.rae.es/terap%C3%A9utico#ZWhoL5n","",""
"excepcional","adjetivo","excepcional","https://dle.rae.es/excepcional#HBniAAZ","",""
"terminal","sustantivo","terminal","https://dle.rae.es/terminal#ZYm7znz","",""
"árabe","adjetivo","árabe","https://dle.rae.es/%C3%A1rabe#3NVJ9wq","",""
"ruptura","sustantivo","ruptura","https://dle.rae.es/ruptura#Wqx4TDN","",""
"sacerdote","sustantivo","sacerdote","https://dle.rae.es/sacerdote#WwOD7ZG","",""
"enfermo","adjetivo","enfermo","https://dle.rae.es/enfermo#FHIHrUc","",""
"audiovisual","adjetivo","audiovisual","https://dle.rae.es/audiovisual#4NJXdlq","",""
"desprender","verbo","desprender","https://dle.rae.es/desprender#DP6xpgu","0",""
"vaso","sustantivo","vaso","https://dle.rae.es/vaso#bP4cDIX","",""
"despacho","sustantivo","despacho","https://dle.rae.es/despacho#DGTPsJn","",""
"ancho","adjetivo","ancho","https://dle.rae.es/ancho#2XUmTEA","",""
"castigar","verbo","castigar","https://dle.rae.es/castigar#7r3VFda","0",""
"botella","sustantivo","botella","https://dle.rae.es/botella#5yiuECX","",""
"contraste","sustantivo","contraste","https://dle.rae.es/contraste#AdC2D9J","",""
"problemática","sustantivo","problemática","https://dle.rae.es/problem%C3%A1tico#UERocM1","",""
"impactar","verbo","impactar","https://dle.rae.es/impactar#L1TY7Sd","0",""
"resumen","sustantivo","resumen","https://dle.rae.es/resumen#WFUW2i9","",""
"habilitar","verbo","habilitar","https://dle.rae.es/habilitar#JvLO70G","0",""
"funcional","adjetivo","funcional","https://dle.rae.es/funcional#IbRm8lG","",""
"tropical","adjetivo","tropical","https://dle.rae.es/tropical#anvtbdu","",""
"determinación","sustantivo","determinación","https://dle.rae.es/determinaci%C3%B3n#DaCIU9c","",""
"abundante","adjetivo","abundante","https://dle.rae.es/abundante#0DtXc3q","",""
"efectivamente","adverbio","efectivamente","https://dle.rae.es/efectivamente#EOcoYVn","",""
"occidente","sustantivo","occidente","https://dle.rae.es/occidente#Qr1p6gU","",""
"lección","sustantivo","lección","https://dle.rae.es/lecci%C3%B3n#N2dLEOm","",""
"remontar","verbo","remontar","https://dle.rae.es/remontar#Vuxkcmf","0",""
"irregularidad","sustantivo","irregularidad","https://dle.rae.es/irregularidad#M7vCNVn","",""
"menudo","adjetivo","menudo","https://dle.rae.es/menudo#OxfaMMR","",""
"novedoso","adjetivo","novedoso","https://dle.rae.es/novedoso#Qf4K8UF","",""
"constantemente","adverbio","constantemente","https://dle.rae.es/constantemente#AQzE836","",""
"implementación","sustantivo","implementación","https://dle.rae.es/implementaci%C3%B3n#L4aLGKt","",""
"homicidio","sustantivo","homicidio","https://dle.rae.es/homicidio#KbBsOTn","",""
"legado","sustantivo","legado","https://dle.rae.es/legado#N3sRlq9","",""
"panel","sustantivo","panel","https://dle.rae.es/panel#RfY8nz1","",""
"documentación","sustantivo","documentación","https://dle.rae.es/documentaci%C3%B3n#E404X8H","",""
"vestuario","sustantivo","vestuario","https://dle.rae.es/vestuario#bhgK1nm","",""
"portero","sustantivo","portero","https://dle.rae.es/portero#TlXDKb7","",""
"multiplicar","verbo","multiplicar","https://dle.rae.es/multiplicar#Q4fxOtJ","0",""
"estético","sustantivo","estético","https://dle.rae.es/est%C3%A9tico#GrPCrf2","",""
"cercanía","sustantivo","cercanía","https://dle.rae.es/cercan%C3%ADa#8JFKmwH","",""
"apelar","verbo","apelar","https://dle.rae.es/apelar#37UdMVi","0",""
"agrupar","verbo","agrupar","https://dle.rae.es/agrupar#1BJLcpf","0",""
"acercamiento","sustantivo","acercamiento","https://dle.rae.es/acercamiento#0NrSwBQ","",""
"afuera","adverbio","afuera","https://dle.rae.es/afuera#122NyQt","",""
"comunista","adjetivo","comunista","https://dle.rae.es/comunista#A5TfHet","",""
"subsidio","sustantivo","subsidio","https://dle.rae.es/subsidio#YZe7hh6","",""
"vacunación","sustantivo","vacunación","https://dle.rae.es/vacunaci%C3%B3n#bEvrTLR","",""
"papá","sustantivo","papá","https://dle.rae.es/pap%C3%A1#Rl3l8xg","",""
"prestigioso","adjetivo","prestigioso","https://dle.rae.es/prestigioso#U7PatAf","",""
"fantástico","adjetivo","fantástico","https://dle.rae.es/fant%C3%A1stico#HbMYFRw","",""
"sagrado","adjetivo","sagrado","https://dle.rae.es/sagrado#WzDSEBx","",""
"pecho","sustantivo","pecho","https://dle.rae.es/pecho#SGn4UWw","",""
"secuestro","sustantivo","secuestro","https://dle.rae.es/secuestro#XPzxQ8f","",""
"editorial","adjetivo","editorial","https://dle.rae.es/editorial#ENm66Ur","",""
"educar","verbo","educar","https://dle.rae.es/educar#EOHRlk5","0",""
"contradicción","sustantivo","contradicción","https://dle.rae.es/contradicci%C3%B3n#AY6Fmd8","",""
"estatuto","sustantivo","estatuto","https://dle.rae.es/estatuto#Go8gcZs","",""
"promotor","sustantivo","promotor","https://dle.rae.es/promotor#ULv5YLX","",""
"galo","sustantivo","galo","https://dle.rae.es/galo#Ime7INb","",""
"alto","sustantivo","alto","https://dle.rae.es/alto#27ieUu8","",""
"ideología","sustantivo","ideología","https://dle.rae.es/ideolog%C3%ADa#Ku9K9F3","",""
"vanguardia","sustantivo","vanguardia","https://dle.rae.es/vanguardia#bKz3AJ0","",""
"factura","sustantivo","factura","https://dle.rae.es/factura#HTrRse1","",""
"menú","sustantivo","menú","https://dle.rae.es/men%C3%BA#OxXW1rR","",""
"provincial","adjetivo","provincial","https://dle.rae.es/provincial#UUGhykl","",""
"elenco","sustantivo","elenco","https://dle.rae.es/elenco#EWup5K1","",""
"músculo","sustantivo","músculo","https://dle.rae.es/m%C3%BAsculo#Q8coRTb","",""
"vigencia","sustantivo","vigencia","https://dle.rae.es/vigencia#bnrFNjw","",""
"anciano","sustantivo","anciano","https://dle.rae.es/anciano#2XsOc6q","",""
"remate","sustantivo","remate","https://dle.rae.es/remate#VsSaDkI","",""
"detección","sustantivo","detección","https://dle.rae.es/detecci%C3%B3n#DZeWByg","",""
"aconsejar","verbo","aconsejar","https://dle.rae.es/aconsejar#0YMWjPp","0",""
"lesionar","verbo","lesionar","https://dle.rae.es/lesionar#NA7gzk7","0",""
"agotar","verbo","agotar","https://dle.rae.es/agotar#17FvRb1","0",""
"equivalente","adjetivo","equivalente","https://dle.rae.es/equivalente#G0a72lq","",""
"pasaje","sustantivo","pasaje","https://dle.rae.es/pasaje#S2VacqH","",""
"fabricación","sustantivo","fabricación","https://dle.rae.es/fabricaci%C3%B3n#HRKwsnj","",""
"patio","sustantivo","patio","https://dle.rae.es/patio#SA01ROy","",""
"ente","sustantivo","ente","https://dle.rae.es/ente#FgPanvT","",""
"moto","sustantivo","moto","https://dle.rae.es/moto#PwDjCEY","",""
"convicción","sustantivo","convicción","https://dle.rae.es/convicci%C3%B3n#AgynJao","",""
"verdura","sustantivo","verdura","https://dle.rae.es/verdura#bd6MHeS","",""
"remoto","adjetivo","remoto","https://dle.rae.es/remoto#VvYUWIn","",""
"rodilla","sustantivo","rodilla","https://dle.rae.es/rodilla#WbiPY7W","",""
"comprometido","adjetivo","comprometido","https://dle.rae.es/comprometido#A3redmM","",""
"treinta","numeral","treinta","https://dle.rae.es/treinta#aYtGfNN","",""
"normativa","sustantivo","normativa","https://dle.rae.es/normativo#QcpSlwx","",""
"carencia","sustantivo","carencia","https://dle.rae.es/carencia#7WQYGDT","",""
"relevancia","sustantivo","relevancia","https://dle.rae.es/relevancia#VpxMLGU","",""
"reflejo","sustantivo","reflejo","https://dle.rae.es/reflejo#VdJs23A","",""
"valoración","sustantivo","valoración","https://dle.rae.es/valoraci%C3%B3n#bJgidLa","",""
"captura","sustantivo","captura","https://dle.rae.es/captura#7MIu8xM","",""
"rehabilitación","sustantivo","rehabilitación","https://dle.rae.es/rehabilitaci%C3%B3n#VkT0WOU","",""
"rutina","sustantivo","rutina","https://dle.rae.es/rutina#Wrm3W7c","",""
"retraso","sustantivo","retraso","https://dle.rae.es/retraso#WJwIsMC","",""
"descender","verbo","descender","https://dle.rae.es/descender#CdjDgpP","0","entender"
"comercializar","verbo","comercializar","https://dle.rae.es/comercializar#9vUPuBm","0",""
"bordo","sustantivo","bordo","https://dle.rae.es/bordo#5u1rdQ1","",""
"liberal","adjetivo","liberal","https://dle.rae.es/liberal#NEJ9xgv","",""
"altamente","adverbio","altamente","https://dle.rae.es/altamente#25tHgbX","",""
"inspiración","sustantivo","inspiración","https://dle.rae.es/inspiraci%C3%B3n#LmJyKiO","",""
"certeza","sustantivo","certeza","https://dle.rae.es/certeza#8OPnJP9","",""
"pobre","sustantivo","pobre","https://dle.rae.es/pobre#TSXVHEa","",""
"adverso","adjetivo","adverso","https://dle.rae.es/adverso#0skfTGv","",""
"frío","sustantivo","frío","https://dle.rae.es/fr%C3%ADo#IUteOxn","",""
"forzar","verbo","forzar","https://dle.rae.es/forzar#IHkaxIC","0","contar"
"mediático","adjetivo","mediático","https://dle.rae.es/medi%C3%A1tico#OkNxQ0D","",""
"obispo","sustantivo","obispo","https://dle.rae.es/obispo#QmRzobj","",""
"estimación","sustantivo","estimación","https://dle.rae.es/estimaci%C3%B3n#GsUOXYe","",""
"prolongar","verbo","prolongar","https://dle.rae.es/prolongar#ULGTPYN","0",""
"octavo","numeral","octavo","https://dle.rae.es/octavo#Qsyp7LZ","",""
"aviso","sustantivo","aviso","https://dle.rae.es/aviso#4aILIdl","",""
"irregular","adjetivo","irregular","https://dle.rae.es/irregular#M7udpnW","",""
"invasión","sustantivo","invasión","https://dle.rae.es/invasi%C3%B3n#M2FJ89R","",""
"barra","sustantivo","barra","https://dle.rae.es/barra#56YKfWG","",""
"fantasía","sustantivo","fantasía","https://dle.rae.es/fantas%C3%ADa#Hb1Na2U","",""
"dinámico","adjetivo","dinámico","https://dle.rae.es/din%C3%A1mico#DnmOkpJ","",""
"gramo","sustantivo","gramo","https://dle.rae.es/gramo#JRBIEgq","",""
"contagio","sustantivo","contagio","https://dle.rae.es/contagio#ATp5sNO","",""
"organizado","adjetivo","organizado","https://dle.rae.es/organizado#RBmLwkD","",""
"gato","sustantivo","gato","https://dle.rae.es/gato#J0VULIX","",""
"evolucionar","verbo","evolucionar","https://dle.rae.es/evolucionar#H9w7G5f","0",""
"bronce","sustantivo","bronce","https://dle.rae.es/bronce#699OdVe","",""
"desfile","sustantivo","desfile","https://dle.rae.es/desfile#CzFU3KV","",""
"rumbo","sustantivo","rumbo","https://dle.rae.es/rumbo#WpTIVks","",""
"alcaldía","sustantivo","alcaldía","https://dle.rae.es/alcald%C3%ADa#1bSXIP5","",""
"castigo","sustantivo","castigo","https://dle.rae.es/castigo#7r3YpRi","",""
"verso","sustantivo","verso","https://dle.rae.es/verso#bfpCTfM","",""
"célebre","adjetivo","célebre","https://dle.rae.es/c%C3%A9lebre#88rlmFV","",""
"fundamento","sustantivo","fundamento","https://dle.rae.es/fundamento#Ibx04OK","",""
"mina","sustantivo","mina","https://dle.rae.es/mina#PHhgPmY","",""
"roca","sustantivo","roca","https://dle.rae.es/roca#WYwJeO6","",""
"mecánico","adjetivo","mecánico","https://dle.rae.es/mec%C3%A1nico#OiC9vhp","",""
"emblemático","adjetivo","emblemático","https://dle.rae.es/emblem%C3%A1tico#Ee4fVB9","",""
"migración","sustantivo","migración","https://dle.rae.es/migraci%C3%B3n#PE38JXc","",""
"colgar","verbo","colgar","https://dle.rae.es/colgar#9m7vFww","0","contar"
"específicamente","adverbio","específicamente","https://dle.rae.es/espec%C3%ADficamente#GWpQ5AR","",""
"dama","sustantivo","dama","https://dle.rae.es/dama#BqCXb3I","",""
"transparente","adjetivo","transparente","https://dle.rae.es/transparente#aMQJNiA","",""
"muscular","adjetivo","muscular","https://dle.rae.es/muscular#Q8VHMUl","",""
"seno","sustantivo","seno","https://dle.rae.es/seno#XZnzy5h","",""
"dibujar","verbo","dibujar","https://dle.rae.es/dibujar#DgDDVCt","0",""
"falla","sustantivo","falla","https://dle.rae.es/falla#HXktHg8","",""
"prestigio","sustantivo","prestigio","https://dle.rae.es/prestigio#U7OwwLR","",""
"cola","sustantivo","cola","https://dle.rae.es/cola#9itfzUx","",""
"oculto","adjetivo","oculto","https://dle.rae.es/oculto#Qtxg594","",""
"almacenar","verbo","almacenar","https://dle.rae.es/almacenar#1vk04sI","0",""
"salsa","sustantivo","salsa","https://dle.rae.es/salsa#X5dw8Ij","",""
"interrumpir","verbo","interrumpir","https://dle.rae.es/interrumpir#Lx11HLa","0",""
"conquista","sustantivo","conquista","https://dle.rae.es/conquista#ANUhzj3","",""
"rector","sustantivo","rector","https://dle.rae.es/rector#VWfcm1L","",""
"fuga","sustantivo","fuga","https://dle.rae.es/fuga#IZBMChC","",""
"efectividad","sustantivo","efectividad","https://dle.rae.es/efectividad#EOjKmrl","",""
"hombro","sustantivo","hombro","https://dle.rae.es/hombro#KadPJV2","",""
"receptor","sustantivo","receptor","https://dle.rae.es/receptor#VPm7M2t","",""
"descargar","verbo","descargar","https://dle.rae.es/descargar#CcaS1g8","0",""
"grano","sustantivo","grano","https://dle.rae.es/grano#JTLT03z","",""
"afición","sustantivo","afición","https://dle.rae.es/afici%C3%B3n#0xSvnsO","",""
"prohibición","sustantivo","prohibición","https://dle.rae.es/prohibici%C3%B3n#UJpSor5","",""
"vocero","sustantivo","vocero","https://dle.rae.es/vocero#bzsuhYm","",""
"refugio","sustantivo","refugio","https://dle.rae.es/refugio#VfsJ9BX","",""
"calificación","sustantivo","calificación","https://dle.rae.es/calificaci%C3%B3n#6o0yxYM","",""
"enlace","sustantivo","enlace","https://dle.rae.es/enlace#FTVRKyj","",""
"nieto","sustantivo","nieto","https://dle.rae.es/nieto#QUqgAaz","",""
"eventual","adjetivo","eventual","https://dle.rae.es/eventual#H9ObYny","",""
"uruguayo","adjetivo","uruguayo","https://dle.rae.es/uruguayo#bApM0kh","",""
"brote","sustantivo","brote","https://dle.rae.es/brote#6AIcdVj","",""
"reparto","sustantivo","reparto","https://dle.rae.es/reparto#W0gFqzc","",""
"escénico","adjetivo","escénico","https://dle.rae.es/esc%C3%A9nico#GDeaPaY","",""
"procurar","verbo","procurar","https://dle.rae.es/procurar#UGgGM8E","0",""
"rodar","verbo","rodar","https://dle.rae.es/rodar#WarJHV2","0","contar"
"atento","adjetivo","atento","https://dle.rae.es/atento#4D8nY8S","",""
"soberanía","sustantivo","soberanía","https://dle.rae.es/soberan%C3%ADa#Y4JqQ2c","",""
"cancelar","verbo","cancelar","https://dle.rae.es/cancelar#73mBDE1","0",""
"griego","adjetivo","griego","https://dle.rae.es/griego#JX0tYLD","",""
"parto","sustantivo","parto","https://dle.rae.es/parto#S1KZblx","",""
"sacrificio","sustantivo","sacrificio","https://dle.rae.es/sacrificio#WxV80UR","",""
"magia","sustantivo","magia","https://dle.rae.es/magia#NskdMWE","",""
"impartir","verbo","impartir","https://dle.rae.es/impartir#L22kqR2","0",""
"tela","sustantivo","tela","https://dle.rae.es/tela#ZL7JTg6","",""
"coronavirus","sustantivo","coronavirus","https://dle.rae.es/coronavirus#AvXtTaf","",""
"posesión","sustantivo","posesión","https://dle.rae.es/posesi%C3%B3n#TmqxclV","",""
"bicicleta","sustantivo","bicicleta","https://dle.rae.es/bicicleta#5T5im1x","",""
"énfasis","sustantivo","énfasis","https://dle.rae.es/%C3%A9nfasis#FH2JPlO","",""
"noveno","numeral","noveno","https://dle.rae.es/noveno#Qfhasvb","",""
"crucial","adjetivo","crucial","https://dle.rae.es/crucial#BMvHXlV","",""
"milagro","sustantivo","milagro","https://dle.rae.es/milagro#PEYpsXJ","",""
"olor","sustantivo","olor","https://dle.rae.es/olor#R1vP4Bh","",""
"ida","sustantivo","ida","https://dle.rae.es/ida#KtHnYZs","",""
"bien","conjunción","bien","https://dle.rae.es/bien#5TkGdE0","",""
"suave","adjetivo","suave","https://dle.rae.es/suave#YUaZ5sw","",""
"catalán","adjetivo","catalán","https://dle.rae.es/catal%C3%A1n#7tVN7ou","",""
"pollo","sustantivo","pollo","https://dle.rae.es/pollo#Tb3F57l","",""
"depositar","verbo","depositar","https://dle.rae.es/depositar#CFYTIRh","0",""
"disponibilidad","sustantivo","disponibilidad","https://dle.rae.es/disponibilidad#DxeVsCQ","",""
"desatar","verbo","desatar","https://dle.rae.es/desatar#CV4GdG1","0",""
"pedido","sustantivo","pedido","https://dle.rae.es/pedido#SIuKPGi","",""
"d","sustantivo","d","https://dle.rae.es/d#Bo5qWDy","",""
"palo","sustantivo","palo","https://dle.rae.es/palo#RaOp0rz","",""
"asalto","sustantivo","asalto","https://dle.rae.es/asalto#3uiUKlk","",""
"primo","sustantivo","primo","https://dle.rae.es/primo#UBQk8bX","",""
"reservar","verbo","reservar","https://dle.rae.es/reservar#W9MActO","0",""
"medición","sustantivo","medición","https://dle.rae.es/medici%C3%B3n#Ol2wI6X","",""
"nacionalidad","sustantivo","nacionalidad","https://dle.rae.es/nacionalidad#QBsHcL7","",""
"reconstrucción","sustantivo","reconstrucción","https://dle.rae.es/reconstrucci%C3%B3n#VUZnqj9","",""
"inseguridad","sustantivo","inseguridad","https://dle.rae.es/inseguridad#LjvUhbc","",""
"curar","verbo","curar","https://dle.rae.es/curar#BiX4Irz","0",""
"justamente","adverbio","justamente","https://dle.rae.es/justamente#Mefecfw","",""
"bruto","adjetivo","bruto","https://dle.rae.es/bruto#6CGZEfd","",""
"dorado","adjetivo","dorado","https://dle.rae.es/dorado#E98Vnc1","",""
"narcotráfico","sustantivo","narcotráfico","https://dle.rae.es/narcotr%C3%A1fico#QFtHR4b","",""
"aludir","verbo","aludir","https://dle.rae.es/aludir#28tZwmc","0",""
"bolo","sustantivo","bolo","https://dle.rae.es/bolo#5oOnhdF","",""
"solidario","adjetivo","solidario","https://dle.rae.es/solidario#YICnATc","",""
"gloria","sustantivo","gloria","https://dle.rae.es/gloria#JFSrJ9p","",""
"nutrición","sustantivo","nutrición","https://dle.rae.es/nutrici%C3%B3n#QjXwsXe","",""
"doloroso","adjetivo","doloroso","https://dle.rae.es/doloroso#E5y4irc","",""
"obvio","adjetivo","obvio","https://dle.rae.es/obvio#QqNauxm","",""
"aceptación","sustantivo","aceptación","https://dle.rae.es/aceptaci%C3%B3n#0NSowxe","",""
"complementario","adjetivo","complementario","https://dle.rae.es/complementario#A1K1Hxv","",""
"previsión","sustantivo","previsión","https://dle.rae.es/previsi%C3%B3n#U9mJq05","",""
"entretenimiento","sustantivo","entretenimiento","https://dle.rae.es/entretenimiento#FohvicG","",""
"trascender","verbo","trascender","https://dle.rae.es/trascender#aPU8LlU","0","entender"
"psicólogo","sustantivo","psicólogo","https://dle.rae.es/psic%C3%B3logo#UWksquf","",""
"quirúrgico","adjetivo","quirúrgico","https://dle.rae.es/quir%C3%BArgico#UwYW8Kn","",""
"narrativo","adjetivo","narrativo","https://dle.rae.es/narrativo#QGmJhdD","",""
"extinción","sustantivo","extinción","https://dle.rae.es/extinci%C3%B3n#HN5qmPQ","",""
"extra","adjetivo","extra","https://dle.rae.es/extra#HNiHVMk","",""
"piano","sustantivo","piano","https://dle.rae.es/piano#SrhwDrE","",""
"primavera","sustantivo","primavera","https://dle.rae.es/primavera#UAeRzPA","",""
"expandir","verbo","expandir","https://dle.rae.es/expandir#HHZUKjU","0",""
"pulmón","sustantivo","pulmón","https://dle.rae.es/pulm%C3%B3n#UcxwCu8","",""
"arreglar","verbo","arreglar","https://dle.rae.es/arreglar#3i9AeRV","0",""
"determinante","adjetivo","determinante","https://dle.rae.es/determinante#DaJfrXM","",""
"inesperado","adjetivo","inesperado","https://dle.rae.es/inesperado#LTDO5Fy","",""
"prenda","sustantivo","prenda","https://dle.rae.es/prenda#U2AR2kw","",""
"gasolina","sustantivo","gasolina","https://dle.rae.es/gasolina#IyyPY9x","",""
"supervivencia","sustantivo","supervivencia","https://dle.rae.es/supervivencia#YlFjai2","",""
"oxígeno","sustantivo","oxígeno","https://dle.rae.es/ox%C3%ADgeno#RNOWDSz","",""
"precedente","sustantivo","precedente","https://dle.rae.es/precedente#TuvfsO1","",""
"molestia","sustantivo","molestia","https://dle.rae.es/molestia#PZ5Xhcs","",""
"móvil","sustantivo","móvil","https://dle.rae.es/m%C3%B3vil#PxcFux4","",""
"defecto","sustantivo","defecto","https://dle.rae.es/defecto#C1g7xcE","",""
"interesado","adjetivo","interesado","https://dle.rae.es/interesado#LtirXAQ","",""
"mero","adjetivo","mero","https://dle.rae.es/mero#P1HJ2qp","",""
"alarma","sustantivo","alarma","https://dle.rae.es/alarma#1TaFtWA","",""
"insuficiente","adjetivo","insuficiente","https://dle.rae.es/insuficiente#LoeVVKN","",""
"cristal","sustantivo","cristal","https://dle.rae.es/cristal#BImqXy7","",""
"inscripción","sustantivo","inscripción","https://dle.rae.es/inscripci%C3%B3n#Lja2Ork","",""
"cerveza","sustantivo","cerveza","https://dle.rae.es/cerveza#8P5KABB","",""
"herencia","sustantivo","herencia","https://dle.rae.es/herencia#KCSxJPx","",""
"encarnar","verbo","encarnar","https://dle.rae.es/encarnar#F1NJCuQ","0",""
"comerciante","sustantivo","comerciante","https://dle.rae.es/comerciante#9vUsRXx","",""
"abandono","sustantivo","abandono","https://dle.rae.es/abandono#023UD0Z","",""
"mama","sustantivo","mama","https://dle.rae.es/mama#O5Y1IVP","",""
"parado","sustantivo","parado","https://dle.rae.es/parado#RpbTVdu","",""
"desplazamiento","sustantivo","desplazamiento","https://dle.rae.es/desplazamiento#DNKqaDO","",""
"intermedio","adjetivo","intermedio","https://dle.rae.es/intermedio#LvMjX4C","",""
"distinción","sustantivo","distinción","https://dle.rae.es/distinci%C3%B3n#DydPuQr","",""
"escrito","adjetivo","escrito","https://dle.rae.es/escrito#GKRIYhs","",""
"ambicioso","adjetivo","ambicioso","https://dle.rae.es/ambicioso#2HYEu00","",""
"encender","verbo","encender","https://dle.rae.es/encender#F3XG1e6","0","entender"
"temprano","adverbio","temprano","https://dle.rae.es/temprano#ZRh83gN","",""
"mientras","adverbio","mientras","https://dle.rae.es/mientras#PDk0ESX","",""
"mixto","adjetivo","mixto","https://dle.rae.es/mixto#PRHgusG","",""
"auditorio","sustantivo","auditorio","https://dle.rae.es/auditorio#4NWPNNG","",""
"singular","adjetivo","singular","https://dle.rae.es/singular#XydE7pW","",""
"fomento","sustantivo","fomento","https://dle.rae.es/fomento#IB0lgQm","",""
"sustentar","verbo","sustentar","https://dle.rae.es/sustentar#YptI50K","0",""
"arqueológico","adjetivo","arqueológico","https://dle.rae.es/arqueol%C3%B3gico#3dWSNR8","",""
"galaxia","sustantivo","galaxia","https://dle.rae.es/galaxia#IiyCVTs","",""
"catálogo","sustantivo","catálogo","https://dle.rae.es/cat%C3%A1logo#7uIPvTT","",""
"mención","sustantivo","mención","https://dle.rae.es/menci%C3%B3n#OsP0ru4","",""
"opuesto","adjetivo","opuesto","https://dle.rae.es/opuesto#R7pKlei","",""
"publicitario","adjetivo","publicitario","https://dle.rae.es/publicitario#UYb7z50","",""
"aborto","sustantivo","aborto","https://dle.rae.es/aborto#09MBZJB","",""
"saludar","verbo","saludar","https://dle.rae.es/saludar#X7TNvl6","0",""
"legítimo","adjetivo","legítimo","https://dle.rae.es/leg%C3%ADtimo#N58VtPK","",""
"bolsillo","sustantivo","bolsillo","https://dle.rae.es/bolsillo#5oyA290","",""
"marcado","adjetivo","marcado","https://dle.rae.es/marcado#OMVIIRR","",""
"rebote","sustantivo","rebote","https://dle.rae.es/rebote#VL3xDoT","",""
"hospitalario","adjetivo","hospitalario","https://dle.rae.es/hospitalario#KheJZEV","",""
"petrolero","adjetivo","petrolero","https://dle.rae.es/petrolero#SqWAVtN","",""
"residente","sustantivo","residente","https://dle.rae.es/residente#W9ndHap","",""
"progresivo","adjetivo","progresivo","https://dle.rae.es/progresivo#UJmduHB","",""
"ligar","verbo","ligar","https://dle.rae.es/ligar#NIKufws","0",""
"apropiado","adjetivo","apropiado","https://dle.rae.es/apropiado#3K5tgTK","",""
"narración","sustantivo","narración","https://dle.rae.es/narraci%C3%B3n#QGiKGYL","",""
"narrativa","sustantivo","narrativa","https://dle.rae.es/narrativo#QGmJhdD","",""
"cuanto","adverbio","cuanto","https://dle.rae.es/cuanto#BSKWl78","",""
"inevitable","adjetivo","inevitable","https://dle.rae.es/inevitable#LTPUZdg","",""
"atractivo","sustantivo","atractivo","https://dle.rae.es/atractivo#4JKLYKT","",""
"estancia","sustantivo","estancia","https://dle.rae.es/estancia#Glmvkfh","",""
"televisor","sustantivo","televisor","https://dle.rae.es/televisor#ZO64vPk","",""
"conveniente","adjetivo","conveniente","https://dle.rae.es/conveniente#Ag9xekH","",""
"tremendo","adjetivo","tremendo","https://dle.rae.es/tremendo#aZUpOXp","",""
"obedecer","verbo","obedecer","https://dle.rae.es/obedecer#QlyI4Pz","0","agradecer"
"pleno","sustantivo","pleno","https://dle.rae.es/pleno#TPFxNYh","",""
"anécdota","sustantivo","anécdota","https://dle.rae.es/an%C3%A9cdota#2axPMx3","",""
"confederación","sustantivo","confederación","https://dle.rae.es/confederaci%C3%B3n#AE8S2VX","",""
"chocolate","sustantivo","chocolate","https://dle.rae.es/chocolate#8wy33KW","",""
"optimista","adjetivo","optimista","https://dle.rae.es/optimista#R7Xnk9A","",""
"virgen","sustantivo","virgen","https://dle.rae.es/virgen#bsgtlEe","",""
"defensivo","adjetivo","defensivo","https://dle.rae.es/defensivo#C2D7a53","",""
"activista","sustantivo","activista","https://dle.rae.es/activista#0clYNCh","",""
"triunfar","verbo","triunfar","https://dle.rae.es/triunfar#ajWH3ue","0",""
"absorber","verbo","absorber","https://dle.rae.es/absorber#0CjIsyE","0",""
"caos","sustantivo","caos","https://dle.rae.es/caos#7HD3hMJ","",""
"filmar","verbo","filmar","https://dle.rae.es/filmar#HvOYA9N","0",""
"característico","adjetivo","característico","https://dle.rae.es/caracter%C3%ADstico#7OiMmZE","",""
"dotar","verbo","dotar","https://dle.rae.es/dotar#EAfPPPB","0",""
"atrapar","verbo","atrapar","https://dle.rae.es/atrapar#4JnZ0CN","0",""
"humanitario","adjetivo","humanitario","https://dle.rae.es/humanitario#KnU9qJW","",""
"inmueble","sustantivo","inmueble","https://dle.rae.es/inmueble#LftS0t0","",""
"requerimiento","sustantivo","requerimiento","https://dle.rae.es/requerimiento#W6dALmQ","",""
"comercialización","sustantivo","comercialización","https://dle.rae.es/comercializaci%C3%B3n#9vTsXmy","",""
"enfermero","sustantivo","enfermero","https://dle.rae.es/enfermero#FHD9CUF","",""
"informativo","adjetivo","informativo","https://dle.rae.es/informativo#LY96e8z","",""
"adjudicar","verbo","adjudicar","https://dle.rae.es/adjudicar#0lgX49e","0",""
"recrear","verbo","recrear","https://dle.rae.es/recrear#VVjjOMS","0",""
"cariño","sustantivo","cariño","https://dle.rae.es/cari%C3%B1o#7ZkMFCf","",""
"biodiversidad","sustantivo","biodiversidad","https://dle.rae.es/biodiversidad#5YDRbFC","",""
"bloqueo","sustantivo","bloqueo","https://dle.rae.es/bloqueo#5hWmyMj","",""
"redacción","sustantivo","redacción","https://dle.rae.es/redacci%C3%B3n#VXsbk59","",""
"tour","sustantivo","tour","https://dle.rae.es/tour#aAmgC5a","",""
"comando","sustantivo","comando","https://dle.rae.es/comando#9sxsYE6","",""
"secuestrar","verbo","secuestrar","https://dle.rae.es/secuestrar#XPucYEJ","0",""
"tigre","sustantivo","tigre","https://dle.rae.es/tigre#Zjo6qtj","",""
"financiación","sustantivo","financiación","https://dle.rae.es/financiaci%C3%B3n#HxRJUnZ","",""
"ilustrar","verbo","ilustrar","https://dle.rae.es/ilustrar#Kzay07W","0",""
"filósofo","sustantivo","filósofo","https://dle.rae.es/fil%C3%B3sofo#HwP2Emx","",""
"sanguíneo","adjetivo","sanguíneo","https://dle.rae.es/sangu%C3%ADneo#XDRhVia","",""
"ratón","sustantivo","ratón","https://dle.rae.es/rat%C3%B3n#VEOs7fW","",""
"protestar","verbo","protestar","https://dle.rae.es/protestar#USEkiZB","0",""
"gripe","sustantivo","gripe","https://dle.rae.es/gripe#JY9JwMm","",""
"g","sustantivo","g","https://dle.rae.es/g#IfaiAeV","",""
"donar","verbo","donar","https://dle.rae.es/donar#E7vNWWw","0",""
"revés","sustantivo","revés","https://dle.rae.es/rev%C3%A9s#WOGDOdG","",""
"rincón","sustantivo","rincón","https://dle.rae.es/rinc%C3%B3n#WUIVKs7","",""
"reconstruir","verbo","reconstruir","https://dle.rae.es/reconstruir#VUbdj3r","0","construir"
"encerrar","verbo","encerrar","https://dle.rae.es/encerrar#F4R96W1","0","acertar"
"manifiesto","sustantivo","manifiesto","https://dle.rae.es/manifiesto#ODqKbQC","",""
"lavar","verbo","lavar","https://dle.rae.es/lavar#N18qWGb","0",""
"periodístico","adjetivo","periodístico","https://dle.rae.es/period%C3%ADstico#Sdc6vKZ","",""
"traducción","sustantivo","traducción","https://dle.rae.es/traducci%C3%B3n#aDiloiI","",""
"órbita","sustantivo","órbita","https://dle.rae.es/%C3%B3rbita#R8yVnyc","",""
"sufrimiento","sustantivo","sufrimiento","https://dle.rae.es/sufrimiento#YfMHU57","",""
"rigor","sustantivo","rigor","https://dle.rae.es/rigor#WTWTstv","",""
"preocupante","adjetivo","preocupante","https://dle.rae.es/preocupante#U3XR3ZV","",""
"desierto","sustantivo","desierto","https://dle.rae.es/desierto#D5lWAvW","",""
"carro","sustantivo","carro","https://dle.rae.es/carro#7iFJSjF","",""
"manifestante","sustantivo","manifestante","https://dle.rae.es/manifestante#ODgPoe6","",""
"vestido","sustantivo","vestido","https://dle.rae.es/vestido#bhKPA82","",""
"considerable","adjetivo","considerable","https://dle.rae.es/considerable#APf3cJ9","",""
"expulsión","sustantivo","expulsión","https://dle.rae.es/expulsi%C3%B3n#HLZf208","",""
"paradigma","sustantivo","paradigma","https://dle.rae.es/paradigma#RpXSRZJ","",""
"pico","sustantivo","pico","https://dle.rae.es/pico#SvYfQ4v","",""
"sospecha","sustantivo","sospecha","https://dle.rae.es/sospecha#YRrnocI","",""
"compensar","verbo","compensar","https://dle.rae.es/compensar#A0btE9Z","0",""
"confusión","sustantivo","confusión","https://dle.rae.es/confusi%C3%B3n#AHdCwud","",""
"cargado","adjetivo","cargado","https://dle.rae.es/cargado#7WvT83H","",""
"invadir","verbo","invadir","https://dle.rae.es/invadir#M1rpv9H","0",""
"movilizar","verbo","movilizar","https://dle.rae.es/movilizar#Pxevkfl","0",""
"efectivo","sustantivo","efectivo","https://dle.rae.es/efectivo#EOlq6RM","",""
"avalar","verbo","avalar","https://dle.rae.es/avalar#4VymAxb","0",""
"observatorio","sustantivo","observatorio","https://dle.rae.es/observatorio#Qp3z5XH","",""
"gremio","sustantivo","gremio","https://dle.rae.es/gremio#JWVhpbc","",""
"salarial","adjetivo","salarial","https://dle.rae.es/salarial#X1f34Kb","",""
"refuerzo","sustantivo","refuerzo","https://dle.rae.es/refuerzo#Vfq4zrI","",""
"suscribir","verbo","suscribir","https://dle.rae.es/suscribir#YontaSy","0",""
"reparar","verbo","reparar","https://dle.rae.es/reparar#W0NbaIw","0",""
"humo","sustantivo","humo","https://dle.rae.es/humo#KpNXEPI","",""
"reparación","sustantivo","reparación","https://dle.rae.es/reparaci%C3%B3n#W0DqCvJ","",""
"curiosidad","sustantivo","curiosidad","https://dle.rae.es/curiosidad#BjrZkhi","",""
"atracción","sustantivo","atracción","https://dle.rae.es/atracci%C3%B3n#4JBleOV","",""
"minoría","sustantivo","minoría","https://dle.rae.es/minor%C3%ADa#PKNVH5D","",""
"almacenamiento","sustantivo","almacenamiento","https://dle.rae.es/almacenamiento#1vjXZ3S","",""
"rematar","verbo","rematar","https://dle.rae.es/rematar#VsRrsFs","0",""
"cosecha","sustantivo","cosecha","https://dle.rae.es/cosecha#B4anjAE","",""
"pato","sustantivo","pato","https://dle.rae.es/pato#SAGNQ6l","",""
"incentivo","sustantivo","incentivo","https://dle.rae.es/incentivo#LDqVAQA","",""
"servidor","sustantivo","servidor","https://dle.rae.es/servidor#XhbjsNo","",""
"articular","verbo","articular","https://dle.rae.es/articular#3r7BQ0c","0",""
"x","sustantivo","x","https://dle.rae.es/x#c6rWX57","",""
"suficientemente","adverbio","suficientemente","https://dle.rae.es/suficientemente#YeiQCvw","",""
"gastronomía","sustantivo","gastronomía","https://dle.rae.es/gastronom%C3%ADa#IzvvHNh","",""
"alegar","verbo","alegar","https://dle.rae.es/alegar#1gsPDDb","0",""
"orilla","sustantivo","orilla","https://dle.rae.es/orilla#RDOfK90","",""
"cuenca","sustantivo","cuenca","https://dle.rae.es/cuenca#BZqvKBZ","",""
"seminario","sustantivo","seminario","https://dle.rae.es/seminario#XXhVSQp","",""
"molestar","verbo","molestar","https://dle.rae.es/molestar#PZ2fjJW","0",""
"apagar","verbo","apagar","https://dle.rae.es/apagar#33ZcU2P","0",""
"temática","sustantivo","temática","https://dle.rae.es/tem%C3%A1tico#ZOnOAZE","",""
"vaca","sustantivo","vaca","https://dle.rae.es/vaca#bDxdsCL","",""
"maniobra","sustantivo","maniobra","https://dle.rae.es/maniobra#OECM7cU","",""
"biografía","sustantivo","biografía","https://dle.rae.es/biograf%C3%ADa#5YaRZ0n","",""
"fotográfico","adjetivo","fotográfico","https://dle.rae.es/fotogr%C3%A1fico#IK6rZ9G","",""
"borrar","verbo","borrar","https://dle.rae.es/borrar#5viKP4M","0",""
"vigilar","verbo","vigilar","https://dle.rae.es/vigilar#bnz7Ln5","0",""
"brecha","sustantivo","brecha","https://dle.rae.es/brecha#64kKZNl","",""
"trazar","verbo","trazar","https://dle.rae.es/trazar#aY9hlGc","0",""
"biología","sustantivo","biología","https://dle.rae.es/biolog%C3%ADa#5Ykv4ay","",""
"dominante","adjetivo","dominante","https://dle.rae.es/dominante#E6kuZ1h","",""
"adolescencia","sustantivo","adolescencia","https://dle.rae.es/adolescencia#0nrQ4BH","",""
"emisor","sustantivo","emisor","https://dle.rae.es/emisor#EjRBXpM","",""
"villa","sustantivo","villa","https://dle.rae.es/villa#bolMPKN","",""
"crema","sustantivo","crema","https://dle.rae.es/crema#BDxo4Yt","",""
"multitud","sustantivo","multitud","https://dle.rae.es/multitud#Q4pulIn","",""
"telefonía","sustantivo","telefonía","https://dle.rae.es/telefon%C3%ADa#ZLlaOqd","",""
"odio","sustantivo","odio","https://dle.rae.es/odio#QuL6cti","",""
"enamorar","verbo","enamorar","https://dle.rae.es/enamorar#EvFlfaw","0",""
"normalidad","sustantivo","normalidad","https://dle.rae.es/normalidad#QcIPjH7","",""
"alzar","verbo","alzar","https://dle.rae.es/alzar#2B1SmeX","0",""
"retener","verbo","retener","https://dle.rae.es/retener#WGwwwnE","0","tener"
"mortal","adjetivo","mortal","https://dle.rae.es/mortal#PsCQNaa","",""
"anular","verbo","anular","https://dle.rae.es/anular#2zy73yw","0",""
"sembrar","verbo","sembrar","https://dle.rae.es/sembrar#XVpITHA","0","acertar"
"pop","sustantivo","pop","https://dle.rae.es/pop#Tf23Vns","",""
"chocar","verbo","chocar","https://dle.rae.es/chocar#8w40REN","0",""
"administrador","sustantivo","administrador","https://dle.rae.es/administrador#0mE9UxY","",""
"bilateral","adjetivo","bilateral","https://dle.rae.es/bilateral#5VmRTrb","",""
"persecución","sustantivo","persecución","https://dle.rae.es/persecuci%C3%B3n#SivZn0s","",""
"eco","sustantivo","eco","https://dle.rae.es/eco#EKg7nem","",""
"fantasma","sustantivo","fantasma","https://dle.rae.es/fantasma#Hb4OgU3","",""
"equivaler","verbo","equivaler","https://dle.rae.es/equivaler#G0aX7z8","0","valer"
"ordenador","sustantivo","ordenador","https://dle.rae.es/ordenador#R9dHZWB","",""
"indicio","sustantivo","indicio","https://dle.rae.es/indicio#LOBECME","",""
"acumulación","sustantivo","acumulación","https://dle.rae.es/acumulaci%C3%B3n#0fQ14BM","",""
"escasez","sustantivo","escasez","https://dle.rae.es/escasez#GDDzWPH","",""
"joya","sustantivo","joya","https://dle.rae.es/joya#MY9T5TH","",""
"calma","sustantivo","calma","https://dle.rae.es/calma#6qH4nYH","",""
"indio","sustantivo","indio","https://dle.rae.es/indio#LOv7pQg","",""
"transitar","verbo","transitar","https://dle.rae.es/transitar#aKYMcyz","0",""
"navegar","verbo","navegar","https://dle.rae.es/navegar#QJA6ZhD","0",""
"civilización","sustantivo","civilización","https://dle.rae.es/civilizaci%C3%B3n#9NsGVES","",""
"ofensiva","sustantivo","ofensiva","https://dle.rae.es/ofensivo#QvAzF5q","",""
"muñeco","sustantivo","muñeco","https://dle.rae.es/mu%C3%B1eco#Q6AmRPw","",""
"gastronómico","adjetivo","gastronómico","https://dle.rae.es/gastron%C3%B3mico#IzySnvh","",""
"aguantar","verbo","aguantar","https://dle.rae.es/aguantar#1DBbVTx","0",""
"catedral","sustantivo","catedral","https://dle.rae.es/catedral#7vzHHwi","",""
"descuento","sustantivo","descuento","https://dle.rae.es/descuento#CmSOMyP","",""
"pauta","sustantivo","pauta","https://dle.rae.es/pauta#SCuNMH2","",""
"brillar","verbo","brillar","https://dle.rae.es/brillar#66d1r9R","0",""
"advertencia","sustantivo","advertencia","https://dle.rae.es/advertencia#0sl9iEl","",""
"colesterol","sustantivo","colesterol","https://dle.rae.es/colesterol#9ljhmCt","",""
"natal","adjetivo","natal","https://dle.rae.es/natal#QHSVGQQ","",""
"librería","sustantivo","librería","https://dle.rae.es/librer%C3%ADa#NFiNIHG","",""
"contraer","verbo","contraer","https://dle.rae.es/contraer#AYRHYWJ","0","traer"
"públicamente","adverbio","públicamente","https://dle.rae.es/p%C3%BAblicamente#UYVEI0E","",""
"agrario","adjetivo","agrario","https://dle.rae.es/agrario#18ItQly","",""
"aplauso","sustantivo","aplauso","https://dle.rae.es/aplauso#3CEA3E9","",""
"aseverar","verbo","aseverar","https://dle.rae.es/aseverar#3z6aVO3","0",""
"verde","sustantivo","verde","https://dle.rae.es/verde#bbs8NTC","",""
"dialogar","verbo","dialogar","https://dle.rae.es/dialogar#DepShKI","0",""
"racha","sustantivo","racha","https://dle.rae.es/racha#UzozVMf","",""
"farmacéutico","adjetivo","farmacéutico","https://dle.rae.es/farmac%C3%A9utico#HdHPc7w","",""
"trágico","adjetivo","trágico","https://dle.rae.es/tr%C3%A1gico#aFHeM3S","",""
"pilar","sustantivo","pilar","https://dle.rae.es/pilar#SzLyY2Z","",""
"descarga","sustantivo","descarga","https://dle.rae.es/descarga#CcQuhoJ","",""
"proclamar","verbo","proclamar","https://dle.rae.es/proclamar#UFlPOsk","0",""
"ganador","adjetivo","ganador","https://dle.rae.es/ganador#IpqpMS5","",""
"oído","sustantivo","oído","https://dle.rae.es/o%C3%ADdo#Qx8fEf2","",""
"titular","adjetivo","titular","https://dle.rae.es/titular#ZtcjXVf","",""
"llave","sustantivo","llave","https://dle.rae.es/llave#NUa9bLt","",""
"globo","sustantivo","globo","https://dle.rae.es/globo#JFGiwoz","",""
"enriquecer","verbo","enriquecer","https://dle.rae.es/enriquecer#FZhrWxK","0","agradecer"
"profundamente","adverbio","profundamente","https://dle.rae.es/profundamente#UIlghGS","",""
"estallar","verbo","estallar","https://dle.rae.es/estallar#Gkh2RVT","0",""
"anillo","sustantivo","anillo","https://dle.rae.es/anillo#2gpgzWC","",""
"gigante","adjetivo","gigante","https://dle.rae.es/gigante#JBGDlt0","",""
"electo","adjetivo","electo","https://dle.rae.es/electo#ETRPAlI","",""
"sanidad","sustantivo","sanidad","https://dle.rae.es/sanidad#XDmgjsT","",""
"óptimo","adjetivo","óptimo","https://dle.rae.es/%C3%B3ptimo#R7bbor7","",""
"curvo","sustantivo","curvo","https://dle.rae.es/curvo#Blx6XNT","",""
"recepción","sustantivo","recepción","https://dle.rae.es/recepci%C3%B3n#VPXyHQm","",""
"lazo","sustantivo","lazo","https://dle.rae.es/lazo#N22xx05","",""
"especificar","verbo","especificar","https://dle.rae.es/especificar#GWqetzw","0",""
"calentamiento","sustantivo","calentamiento","https://dle.rae.es/calentamiento#6m4QeLf","",""
"dificultar","verbo","dificultar","https://dle.rae.es/dificultar#DjsGxrc","0",""
"décimo","numeral","décimo","https://dle.rae.es/d%C3%A9cimo#BwrfRZm","",""
"sospechar","verbo","sospechar","https://dle.rae.es/sospechar#YRz82Nc","0",""
"elegante","adjetivo","elegante","https://dle.rae.es/elegante#EWDv6LB","",""
"portar","verbo","portar","https://dle.rae.es/portar#TkxgBYI","0",""
"sudamericano","adjetivo","sudamericano","https://dle.rae.es/sudamericano#YdHBvYu","",""
"duplicar","verbo","duplicar","https://dle.rae.es/duplicar#EH3Z0pB","0",""
"esfera","sustantivo","esfera","https://dle.rae.es/esfera#GP5tDaD","",""
"separado","adjetivo","separado","https://dle.rae.es/separado#XciBoy5","",""
"exclusión","sustantivo","exclusión","https://dle.rae.es/exclusi%C3%B3n#HCnS52W","",""
"tristeza","sustantivo","tristeza","https://dle.rae.es/tristeza#aiiBYKx","",""
"barril","sustantivo","barril","https://dle.rae.es/barril#58YlSxF","",""
"consultor","sustantivo","consultor","https://dle.rae.es/consultor#ASlDScF","",""
"huracán","sustantivo","huracán","https://dle.rae.es/hurac%C3%A1n#KpqXQdC","",""
"avisar","verbo","avisar","https://dle.rae.es/avisar#4aFb7FA","0",""
"demócrata","adjetivo","demócrata","https://dle.rae.es/dem%C3%B3crata#C9NqH26","",""
"juntar","verbo","juntar","https://dle.rae.es/juntar#MdHe15n","0",""
"deficiencia","sustantivo","deficiencia","https://dle.rae.es/deficiencia#C2d982B","",""
"prolongado","adjetivo","prolongado","https://dle.rae.es/prolongado#ULBk1wL","",""
"zapato","sustantivo","zapato","https://dle.rae.es/zapato#cMzQwAr","",""
"expuesto","adjetivo","expuesto","https://dle.rae.es/expuesto#HLVAsVB","",""
"popularidad","sustantivo","popularidad","https://dle.rae.es/popularidad#TfbiFQ5","",""
"centrado","adjetivo","centrado","https://dle.rae.es/centrado#8Fgos06","",""
"olvido","sustantivo","olvido","https://dle.rae.es/olvido#R2CQjtx","",""
"recaudar","verbo","recaudar","https://dle.rae.es/recaudar#VONxiwJ","0","causar"
"restauración","sustantivo","restauración","https://dle.rae.es/restauraci%C3%B3n#WEAwwca","",""
"agropecuario","adjetivo","agropecuario","https://dle.rae.es/agropecuario#1B15mB2","",""
"maquinaria","sustantivo","maquinaria","https://dle.rae.es/maquinaria#OL3YyPM","",""
"asiento","sustantivo","asiento","https://dle.rae.es/asiento#3ziEESZ","",""
"hábitat","sustantivo","hábitat","https://dle.rae.es/h%C3%A1bitat#JvbcNEL","",""
"chileno","sustantivo","chileno","https://dle.rae.es/chileno#8lIsp6j","",""
"cardenal","sustantivo","cardenal","https://dle.rae.es/cardenal#7Uf2TXJ","",""
"santo","sustantivo","santo","https://dle.rae.es/santo#XGGB4k6","",""
"accesible","adjetivo","accesible","https://dle.rae.es/accesible#0K2DI9N","",""
"globalización","sustantivo","globalización","https://dle.rae.es/globalizaci%C3%B3n#JFCXg0Z","",""
"apellido","sustantivo","apellido","https://dle.rae.es/apellido#37uMNQV","",""
"magnífico","adjetivo","magnífico","https://dle.rae.es/magn%C3%ADfico#NuZUppA","",""
"plasmar","verbo","plasmar","https://dle.rae.es/plasmar#TLUks9o","0",""
"manipular","verbo","manipular","https://dle.rae.es/manipular#OENHzSq","0",""
"intensivo","adjetivo","intensivo","https://dle.rae.es/intensivo#Ls4oOep","",""
"permanencia","sustantivo","permanencia","https://dle.rae.es/permanencia#SfMr9H6","",""
"adopción","sustantivo","adopción","https://dle.rae.es/adopci%C3%B3n#0o7Lz2h","",""
"densidad","sustantivo","densidad","https://dle.rae.es/densidad#CCJi3Ov","",""
"rubro","sustantivo","rubro","https://dle.rae.es/rubro#WnF9epr","",""
"corriente","adjetivo","corriente","https://dle.rae.es/corriente#AzWFsYQ","",""
"exportar","verbo","exportar","https://dle.rae.es/exportar#HKkTPcg","0",""
"independientemente","adverbio","independientemente","https://dle.rae.es/independientemente#LN2YSH1","",""
"instar","verbo","instar","https://dle.rae.es/instar#LmmjXUS","0",""
"fan","sustantivo","fan","https://dle.rae.es/fan#Ha73tO6","",""
"malestar","sustantivo","malestar","https://dle.rae.es/malestar#O1R2a8h","",""
"pacífico","adjetivo","pacífico","https://dle.rae.es/pac%C3%ADfico#RPrvVHe","",""
"modernidad","sustantivo","modernidad","https://dle.rae.es/modernidad#PUEke8c","",""
"iluminar","verbo","iluminar","https://dle.rae.es/iluminar#KzGaRzM","0",""
"centenario","sustantivo","centenario","https://dle.rae.es/centenario#8Esa3d0","",""
"restringir","verbo","restringir","https://dle.rae.es/restringir#WEmQSsB","0",""
"bastante","cuantificador","bastante","https://dle.rae.es/bastante#5B5LSJV","",""
"cruce","sustantivo","cruce","https://dle.rae.es/cruce#BMjFg0z","",""
"pozo","sustantivo","pozo","https://dle.rae.es/pozo#Tst4nI1","",""
"oscilar","verbo","oscilar","https://dle.rae.es/oscilar#RHPXVhh","0",""
"cognitivo","adjetivo","cognitivo","https://dle.rae.es/cognitivo#9ffDQLl","",""
"represión","sustantivo","represión","https://dle.rae.es/represi%C3%B3n#W4fYdyg","",""
"alusión","sustantivo","alusión","https://dle.rae.es/alusi%C3%B3n#29ywKQE","",""
"síntesis","sustantivo","síntesis","https://dle.rae.es/s%C3%ADntesis#Xzp9ksD","",""
"inspección","sustantivo","inspección","https://dle.rae.es/inspecci%C3%B3n#Lm9CeVB","",""
"nombramiento","sustantivo","nombramiento","https://dle.rae.es/nombramiento#QZrnljb","",""
"pasear","verbo","pasear","https://dle.rae.es/pasear#S3kzADD","0",""
"paciencia","sustantivo","paciencia","https://dle.rae.es/paciencia#RPieLar","",""
"chef","sustantivo","chef","https://dle.rae.es/chef#8geHDl4","",""
"pedagógico","adjetivo","pedagógico","https://dle.rae.es/pedag%C3%B3gico#SHoIzcL","",""
"bala","sustantivo","bala","https://dle.rae.es/bala#4papduM","",""
"juguete","sustantivo","juguete","https://dle.rae.es/juguete#MbKPPdZ","",""
"insecto","sustantivo","insecto","https://dle.rae.es/insecto#LjtEKrV","",""
"complemento","sustantivo","complemento","https://dle.rae.es/complemento#A1KrS6q","",""
"agujero","sustantivo","agujero","https://dle.rae.es/agujero#1FbVP4U","",""
"campamento","sustantivo","campamento","https://dle.rae.es/campamento#6z8Re07","",""
"persistir","verbo","persistir","https://dle.rae.es/persistir#SjRcTP8","0",""
"espectro","sustantivo","espectro","https://dle.rae.es/espectro#GXFgj8a","",""
"fronterizo","adjetivo","fronterizo","https://dle.rae.es/fronterizo#IWEmLTH","",""
"renovable","adjetivo","renovable","https://dle.rae.es/renovable#VxnNbQI","",""
"talla","sustantivo","talla","https://dle.rae.es/talla#YzzJBPM","",""
"paraíso","sustantivo","paraíso","https://dle.rae.es/para%C3%ADso#Rqpkdjg","",""
"arterial","adjetivo","arterial","https://dle.rae.es/arterial#3qQcQd6","",""
"librar","verbo","librar","https://dle.rae.es/librar#NFFJDOS","0",""
"suicidio","sustantivo","suicidio","https://dle.rae.es/suicidio#YfnPoSq","",""
"prejuicio","sustantivo","prejuicio","https://dle.rae.es/prejuicio#U0RGgNv","",""
"franja","sustantivo","franja","https://dle.rae.es/franja#IP4mhSV","",""
"recaudación","sustantivo","recaudación","https://dle.rae.es/recaudaci%C3%B3n#VOKnLHN","",""
"iluminación","sustantivo","iluminación","https://dle.rae.es/iluminaci%C3%B3n#Kz78zd7","",""
"condicionar","verbo","condicionar","https://dle.rae.es/condicionar#ABu7Ig2","0",""
"dependiente","adjetivo","dependiente","https://dle.rae.es/dependiente#CEpn5BT","",""
"comprador","sustantivo","comprador","https://dle.rae.es/comprador#A2uBRMk","",""
"transferir","verbo","transferir","https://dle.rae.es/transferir#aJH8a9T","0","sentir"
"trasplante","sustantivo","trasplante","https://dle.rae.es/trasplante#aUExJPu","",""
"molécula","sustantivo","molécula","https://dle.rae.es/mol%C3%A9cula#PYhTvmH","",""
"aislamiento","sustantivo","aislamiento","https://dle.rae.es/aislamiento#1LYlqL4","",""
"locura","sustantivo","locura","https://dle.rae.es/locura#NYYDU9d","",""
"adentro","adverbio","adentro","https://dle.rae.es/adentro#0jInJpU","",""
"migratorio","adjetivo","migratorio","https://dle.rae.es/migratorio#PE9xqGK","",""
"sequía","sustantivo","sequía","https://dle.rae.es/sequ%C3%ADa#XdxVMuV","",""
"marítimo","adjetivo","marítimo","https://dle.rae.es/mar%C3%ADtimo#ORiBClG","",""
"afán","sustantivo","afán","https://dle.rae.es/af%C3%A1n#0vMQEIz","",""
"cementerio","sustantivo","cementerio","https://dle.rae.es/cementerio#8BgDyrH","",""
"minero","adjetivo","minero","https://dle.rae.es/minero#PIQMETY","",""
"anónimo","adjetivo","anónimo","https://dle.rae.es/an%C3%B3nimo#2jjRwOu","",""
"sensor","sustantivo","sensor","https://dle.rae.es/sensor#XaY03jU","",""
"mítico","adjetivo","mítico","https://dle.rae.es/m%C3%ADtico#PPzMkE0","",""
"vigor","sustantivo","vigor","https://dle.rae.es/vigor#bo5rW7q","",""
"antigüedad","sustantivo","antigüedad","https://dle.rae.es/antig%C3%BCedad#2stMNLl","",""
"promocionar","verbo","promocionar","https://dle.rae.es/promocionar#ULt9Y8f","0",""
"despliegue","sustantivo","despliegue","https://dle.rae.es/despliegue#DNVXHzR","",""
"aplaudir","verbo","aplaudir","https://dle.rae.es/aplaudir#3CBQmB8","1",""
"corporativo","adjetivo","corporativo","https://dle.rae.es/corporativo#AwFcHLc","",""
"evocar","verbo","evocar","https://dle.rae.es/evocar#H9sydqn","0",""
"coro","sustantivo","coro","https://dle.rae.es/coro#AupXmtw","",""
"agravar","verbo","agravar","https://dle.rae.es/agravar#18VEWJO","0",""
"cocaína","sustantivo","cocaína","https://dle.rae.es/coca%C3%ADna#9YLWF4L","",""
"pasta","sustantivo","pasta","https://dle.rae.es/pasta#S5QKx5t","",""
"engañar","verbo","engañar","https://dle.rae.es/enga%C3%B1ar#FLBt4CJ","0",""
"extrañar","verbo","extrañar","https://dle.rae.es/extra%C3%B1ar#HOuhHvr","0",""
"licenciado","sustantivo","licenciado","https://dle.rae.es/licenciado#NG7kxkR","",""
"originario","adjetivo","originario","https://dle.rae.es/originario#RDOEARr","",""
"angustia","sustantivo","angustia","https://dle.rae.es/angustia#2fiyIiB","",""
"transacción","sustantivo","transacción","https://dle.rae.es/transacci%C3%B3n#aIEpSMR","",""
"clausura","sustantivo","clausura","https://dle.rae.es/clausura#9QgQw4A","",""
"longitud","sustantivo","longitud","https://dle.rae.es/longitud#NbKfdrQ","",""
"nieve","sustantivo","nieve","https://dle.rae.es/nieve#QUrlLvE","",""
"humedad","sustantivo","humedad","https://dle.rae.es/humedad#KoBWiNL","",""
"exigente","adjetivo","exigente","https://dle.rae.es/exigente#HFIA2fr","",""
"protagonismo","sustantivo","protagonismo","https://dle.rae.es/protagonismo#URFQT8M","",""
"resistente","adjetivo","resistente","https://dle.rae.es/resistente#WARofZk","",""
"tóxico","adjetivo","tóxico","https://dle.rae.es/t%C3%B3xico#aAx6mN5","",""
"inundación","sustantivo","inundación","https://dle.rae.es/inundaci%C3%B3n#M0zNU4j","",""
"piscina","sustantivo","piscina","https://dle.rae.es/piscina#TCRT1ER","",""
"partidario","adjetivo","partidario","https://dle.rae.es/partidario#S0bzi2P","",""
"metáfora","sustantivo","metáfora","https://dle.rae.es/met%C3%A1fora#P4sce2c","",""
"realizador","sustantivo","realizador","https://dle.rae.es/realizador#VHSUUPK","",""
"objetivo","adjetivo","objetivo","https://dle.rae.es/objetivo#QmvS5XH","",""
"rodaje","sustantivo","rodaje","https://dle.rae.es/rodaje#WaUSMwR","",""
"batir","verbo","batir","https://dle.rae.es/batir#5E2i7IN","0",""
"sujeto","adjetivo","sujeto","https://dle.rae.es/sujeto#YgC4A98","",""
"no","sustantivo","no","https://dle.rae.es/no#QXiSBq2","",""
"tolerancia","sustantivo","tolerancia","https://dle.rae.es/tolerancia#ZyWPzRW","",""
"culto","sustantivo","culto","https://dle.rae.es/culto#Bepr8Oh","",""
"helicóptero","sustantivo","helicóptero","https://dle.rae.es/helic%C3%B3ptero#K6WDbHG","",""
"cerdo","sustantivo","cerdo","https://dle.rae.es/cerdo#8KHKmOx","",""
"conducción","sustantivo","conducción","https://dle.rae.es/conducci%C3%B3n#ACaZzTD","",""
"hipertensión","sustantivo","hipertensión","https://dle.rae.es/hipertensi%C3%B3n#KReV7Go","",""
"ideal","sustantivo","ideal","https://dle.rae.es/ideal#KtRk4zi","",""
"configurar","verbo","configurar","https://dle.rae.es/configurar#AFPjjk0","0",""
"judío","adjetivo","judío","https://dle.rae.es/jud%C3%ADo#MaJqz1b","",""
"conceptual","adjetivo","conceptual","https://dle.rae.es/conceptual#A7PSOTw","",""
"acaso","adverbio","acaso","https://dle.rae.es/acaso#0JTWt1e","",""
"remedio","sustantivo","remedio","https://dle.rae.es/remedio#VsnpJ9g","",""
"manipulación","sustantivo","manipulación","https://dle.rae.es/manipulaci%C3%B3n#OEHZdO2","",""
"todo","sustantivo","todo","https://dle.rae.es/todo#ZxVCoJq","",""
"extracción","sustantivo","extracción","https://dle.rae.es/extracci%C3%B3n#HNmnWW4","",""
"revelación","sustantivo","revelación","https://dle.rae.es/revelaci%C3%B3n#WMog5LL","",""
"blog","sustantivo","blog","https://dle.rae.es/blog#5hLUKlO","",""
"psicología","sustantivo","psicología","https://dle.rae.es/psicolog%C3%ADa#UWfndCk","",""
"etiqueta","sustantivo","etiqueta","https://dle.rae.es/etiqueta#H4V2Z24","",""
"vía","preposición","vía","https://dle.rae.es/v%C3%ADa#biXBkO2","",""
"acta","sustantivo","acta","https://dle.rae.es/acta#0cGyNT4","",""
"plantilla","sustantivo","plantilla","https://dle.rae.es/plantilla#TKhPCdg","",""
"compuesto","sustantivo","compuesto","https://dle.rae.es/compuesto#A4NIkTP","",""
"fractura","sustantivo","fractura","https://dle.rae.es/fractura#IMM6OHc","",""
"islámico","adjetivo","islámico","https://dle.rae.es/isl%C3%A1mico#MAl7mDv","",""
"privilegiado","adjetivo","privilegiado","https://dle.rae.es/privilegiado#UDQ97Sk","",""
"repercusión","sustantivo","repercusión","https://dle.rae.es/repercusi%C3%B3n#W1XwtQz","",""
"preliminar","adjetivo","preliminar","https://dle.rae.es/preliminar#U0dMbCY","",""
"secuela","sustantivo","secuela","https://dle.rae.es/secuela#XPbzrOo","",""
"inconveniente","sustantivo","inconveniente","https://dle.rae.es/inconveniente#LJPGi0v","",""
"observador","sustantivo","observador","https://dle.rae.es/observador#QoyscMT","",""
"urna","sustantivo","urna","https://dle.rae.es/urna#b9h7JI8","",""
"hormona","sustantivo","hormona","https://dle.rae.es/hormona#KfGUs55","",""
"inclinar","verbo","inclinar","https://dle.rae.es/inclinar#LFGbAeJ","0",""
"optimismo","sustantivo","optimismo","https://dle.rae.es/optimismo#R7X7UMv","",""
"legendario","adjetivo","legendario","https://dle.rae.es/legendario#N4Qc61u","",""
"lágrima","sustantivo","lágrima","https://dle.rae.es/l%C3%A1grima#Mo8y5NE","",""
"intercambiar","verbo","intercambiar","https://dle.rae.es/intercambiar#Lsc0igT","0","anunciar"
"ligado","adjetivo","ligado","https://dle.rae.es/ligado#NICAfW7","",""
"supermercado","sustantivo","supermercado","https://dle.rae.es/supermercado#YkMAc5U","",""
"ordinario","adjetivo","ordinario","https://dle.rae.es/ordinario#RAIoLFN","",""
"anfitrión","sustantivo","anfitrión","https://dle.rae.es/anfitri%C3%B3n#2ctHHHd","",""
"salvaje","adjetivo","salvaje","https://dle.rae.es/salvaje#X88CShu","",""
"agricultor","sustantivo","agricultor","https://dle.rae.es/agricultor#19vVDdp","",""
"largo","sustantivo","largo","https://dle.rae.es/largo#MwNMwao","",""
"agradable","adjetivo","agradable","https://dle.rae.es/agradable#17fuySp","",""
"planificar","verbo","planificar","https://dle.rae.es/planificar#TJyphVT","0",""
"geografía","sustantivo","geografía","https://dle.rae.es/geograf%C3%ADa#J7JqPLh","",""
"cura","sustantivo","cura","https://dle.rae.es/cura#Bi8r6Oy","",""
"recomendable","adjetivo","recomendable","https://dle.rae.es/recomendable#VTe2xGT","",""
"mineral","sustantivo","mineral","https://dle.rae.es/mineral#PI5Zvhw","",""
"abundar","verbo","abundar","https://dle.rae.es/abundar#0DvJZTq","0",""
"penal","sustantivo","penal","https://dle.rae.es/penal#SQzqB2K","",""
"castillo","sustantivo","castillo","https://dle.rae.es/castillo#7rDz7RH","",""
"informal","adjetivo","informal","https://dle.rae.es/informal#LXum6xU","",""
"reivindicar","verbo","reivindicar","https://dle.rae.es/reivindicar#VnXRVds","0",""
"inspirado","adjetivo","inspirado","https://dle.rae.es/inspirado#LmLoyta","",""
"comportar","verbo","comportar","https://dle.rae.es/comportar#A2J3jfH","0",""
"absurdo","adjetivo","absurdo","https://dle.rae.es/absurdo#0DERMh7","",""
"excusa","sustantivo","excusa","https://dle.rae.es/excusa#HDaaQhK","",""
"revertir","verbo","revertir","https://dle.rae.es/revertir#WOFpWlZ","0","sentir"
"fauna","sustantivo","fauna","https://dle.rae.es/fauna#HgL5gB3","",""
"incapaz","adjetivo","incapaz","https://dle.rae.es/incapaz#LCz4pMj","",""
"prioritario","adjetivo","prioritario","https://dle.rae.es/prioritario#UCflvaX","",""
"configuración","sustantivo","configuración","https://dle.rae.es/configuraci%C3%B3n#AFNTrP2","",""
"telescopio","sustantivo","telescopio","https://dle.rae.es/telescopio#ZNZMOkq","",""
"colonial","adjetivo","colonial","https://dle.rae.es/colonial#9q9xYp8","",""
"ala","sustantivo","ala","https://dle.rae.es/ala#1Pblsou","",""
"módulo","sustantivo","módulo","https://dle.rae.es/m%C3%B3dulo#PVTcmPD","",""
"coronel","sustantivo","coronel","https://dle.rae.es/coronel#Avb7qml","",""
"finca","sustantivo","finca","https://dle.rae.es/finca#Hxojb39","",""
"mancha","sustantivo","mancha","https://dle.rae.es/mancha#O8RSNKK","",""
"crudo","sustantivo","crudo","https://dle.rae.es/crudo#BNYN33A","",""
"ruso","sustantivo","ruso","https://dle.rae.es/ruso#WrD1hra","",""
"doler","verbo","doler","https://dle.rae.es/doler#E5H1Ikj","0","mover"
"informático","sustantivo","informático","https://dle.rae.es/inform%C3%A1tico#LY8zQy3","",""
"agarrar","verbo","agarrar","https://dle.rae.es/agarrar#13lLsRN","0",""
"puntual","adjetivo","puntual","https://dle.rae.es/puntual#UgTT8NQ","",""
"cálido","adjetivo","cálido","https://dle.rae.es/c%C3%A1lido#6ndKu1I","",""
"lema","sustantivo","lema","https://dle.rae.es/lema#N6HonBK","",""
"octavo","sustantivo","octavo","https://dle.rae.es/octavo#Qsyp7LZ","",""
"patente","sustantivo","patente","https://dle.rae.es/patente#S8Yrdza","",""
"injusto","adjetivo","injusto","https://dle.rae.es/injusto#LdRAP4Y","",""
"retratar","verbo","retratar","https://dle.rae.es/retratar#WJxuerO","0",""
"saldo","sustantivo","saldo","https://dle.rae.es/saldo#X2LiWbe","",""
"fallecimiento","sustantivo","fallecimiento","https://dle.rae.es/fallecimiento#HXyGt72","",""
"visto","adjetivo","visto","https://dle.rae.es/visto#bw2em88","",""
"arreglo","sustantivo","arreglo","https://dle.rae.es/arreglo#3iEfcKG","",""
"saga","sustantivo","saga","https://dle.rae.es/saga#WymaonJ","",""
"recesión","sustantivo","recesión","https://dle.rae.es/recesi%C3%B3n#VPqn9co","",""
"iberoamericano","adjetivo","iberoamericano","https://dle.rae.es/iberoamericano#KrlClNl","",""
"amistoso","adjetivo","amistoso","https://dle.rae.es/amistoso#2MteLWd","",""
"tortura","sustantivo","tortura","https://dle.rae.es/tortura#a8nffZp","",""
"genio","sustantivo","genio","https://dle.rae.es/genio#J4rRA3C","",""
"suministrar","verbo","suministrar","https://dle.rae.es/suministrar#YhZ89rx","0",""
"ficha","sustantivo","ficha","https://dle.rae.es/ficha#HqtY6oE","",""
"pulgada","sustantivo","pulgada","https://dle.rae.es/pulgada#UcFC27h","",""
"divertir","verbo","divertir","https://dle.rae.es/divertir#E0vR51X","0","sentir"
"farmacia","sustantivo","farmacia","https://dle.rae.es/farmacia#HdI1KbN","",""
"adversario","sustantivo","adversario","https://dle.rae.es/adversario#0sZypir","",""
"inmobiliario","adjetivo","inmobiliario","https://dle.rae.es/inmobiliario#LestGHS","",""
"iraquí","adjetivo","iraquí","https://dle.rae.es/iraqu%C3%AD#M64lv0X","",""
"nervio","sustantivo","nervio","https://dle.rae.es/nervio#QQSKEj9","",""
"costoso","adjetivo","costoso","https://dle.rae.es/costoso#B7UHPqF","",""
"ochenta","sustantivo","ochenta","https://dle.rae.es/ochenta#QrdmFgz","",""
"botón","sustantivo","botón","https://dle.rae.es/bot%C3%B3n#5zk0lxd","",""
"armonía","sustantivo","armonía","https://dle.rae.es/armon%C3%ADa#3bXmVta","",""
"verdaderamente","adverbio","verdaderamente","https://dle.rae.es/verdaderamente#bbdLCh1","",""
"soltar","verbo","soltar","https://dle.rae.es/soltar#YJIP8Pu","0","contar"
"desayuno","sustantivo","desayuno","https://dle.rae.es/desayuno#CX2viJT","",""
"noción","sustantivo","noción","https://dle.rae.es/noci%C3%B3n#QYSWGfU","",""
"vacunar","verbo","vacunar","https://dle.rae.es/vacunar#bF4Dg4X","0",""
"costero","adjetivo","costero","https://dle.rae.es/costero#B74JZ6r","",""
"ojalá","interjección","ojalá","https://dle.rae.es/ojal%C3%A1#QxGRTE0","",""
"casco","sustantivo","casco","https://dle.rae.es/casco#7nhdI1F","",""
"misa","sustantivo","misa","https://dle.rae.es/misa#PNZIW9X","",""
"hígado","sustantivo","hígado","https://dle.rae.es/h%C3%ADgado#KNFAtBx","",""
"dos","sustantivo","dos","https://dle.rae.es/dos#EA0Jc84","",""
"animación","sustantivo","animación","https://dle.rae.es/animaci%C3%B3n#2grQIYP","",""
"vidrio","sustantivo","vidrio","https://dle.rae.es/vidrio#bn6yPzk","",""
"saber","sustantivo","saber","https://dle.rae.es/saber#WswcTXr","",""
"dado","adjetivo","dado","https://dle.rae.es/dado#BpCmlCS","",""
"razonable","adjetivo","razonable","https://dle.rae.es/razonable#VFcTQdk","",""
"poblar","verbo","poblar","https://dle.rae.es/poblar#TSQdXko","0","contar"
"retornar","verbo","retornar","https://dle.rae.es/retornar#WIYxBFa","0",""
"pisar","verbo","pisar","https://dle.rae.es/pisar#TC7IycY","0",""
"filosófico","adjetivo","filosófico","https://dle.rae.es/filos%C3%B3fico#HwKrl6N","",""
"líquido","adjetivo","líquido","https://dle.rae.es/l%C3%ADquido#NPFPAGl","",""
"sexualidad","sustantivo","sexualidad","https://dle.rae.es/sexualidad#XlsxvTJ","",""
"víspera","sustantivo","víspera","https://dle.rae.es/v%C3%ADspera#bvujiFR","",""
"semanal","adjetivo","semanal","https://dle.rae.es/semanal#XVB1j6j","",""
"predecir","verbo","predecir","https://dle.rae.es/predecir#TxGD9Hv","1",""
"selva","sustantivo","selva","https://dle.rae.es/selva#XUunklu","",""
"premisa","sustantivo","premisa","https://dle.rae.es/premiso#U1eNA1I","",""
"manzana","sustantivo","manzana","https://dle.rae.es/manzana#OItjStD","",""
"voluntario","sustantivo","voluntario","https://dle.rae.es/voluntario#c2k2usd","",""
"prevalencia","sustantivo","prevalencia","https://dle.rae.es/prevalencia#U8xd4iz","",""
"divisa","sustantivo","divisa","https://dle.rae.es/divisa#E1DQbbW","",""
"arriesgar","verbo","arriesgar","https://dle.rae.es/arriesgar#3kqQtSy","0",""
"frustración","sustantivo","frustración","https://dle.rae.es/frustraci%C3%B3n#IXLpHRu","",""
"postular","verbo","postular","https://dle.rae.es/postular#Tqj4Rok","0",""
"infinito","adjetivo","infinito","https://dle.rae.es/infinito#LWs5qiN","",""
"inducir","verbo","inducir","https://dle.rae.es/inducir#LRVtrWa","0","conducir"
"plano","adjetivo","plano","https://dle.rae.es/plano#TKFR668","",""
"cumpleaños","sustantivo","cumpleaños","https://dle.rae.es/cumplea%C3%B1os#BfoN0rJ","",""
"acotar","verbo","acotar","https://dle.rae.es/acotar#0aIDyzR","0",""
"vulnerabilidad","sustantivo","vulnerabilidad","https://dle.rae.es/vulnerabilidad#c5bTfNr","",""
"lamentablemente","adverbio","lamentablemente","https://dle.rae.es/lamentablemente#Mq2wf1k","",""
"nariz","sustantivo","nariz","https://dle.rae.es/nariz#QGaFc8f","",""
"tapar","verbo","tapar","https://dle.rae.es/tapar#Z7AurIs","0",""
"ranking","sustantivo","ranking","https://dle.rae.es/ranking#V87j0Az","",""
"autobús","sustantivo","autobús","https://dle.rae.es/autob%C3%BAs#4RA0JzM","",""
"sistemático","adjetivo","sistemático","https://dle.rae.es/sistem%C3%A1tico#Y2DZ4zj","",""
"ambición","sustantivo","ambición","https://dle.rae.es/ambici%C3%B3n#2HURzwq","",""
"carnaval","sustantivo","carnaval","https://dle.rae.es/carnaval#7bcNniL","",""
"contrastar","verbo","contrastar","https://dle.rae.es/contrastar#Ad9qk2K","0",""
"pretensión","sustantivo","pretensión","https://dle.rae.es/pretensi%C3%B3n#U89TtT1","",""
"pájaro","sustantivo","pájaro","https://dle.rae.es/p%C3%A1jaro#RTabDql","",""
"e","sustantivo","e","https://dle.rae.es/e#EIVnk2C","",""
"personalmente","adverbio","personalmente","https://dle.rae.es/personalmente#SjizqQY","",""
"ampliamente","adverbio","ampliamente","https://dle.rae.es/ampliamente#2Rhm96G","",""
"coste","sustantivo","coste","https://dle.rae.es/coste#B6pVRFl","",""
"naranja","sustantivo","naranja","https://dle.rae.es/naranja#QEs8tdX","",""
"canadiense","adjetivo","canadiense","https://dle.rae.es/canadiense#721MavX","",""
"alojar","verbo","alojar","https://dle.rae.es/alojar#23Sn9bH","0",""
"socioeconómico","adjetivo","socioeconómico","https://dle.rae.es/socioecon%C3%B3mico#YCJT7z0","",""
"minimizar","verbo","minimizar","https://dle.rae.es/minimizar#PJg2qlM","0",""
"tenista","sustantivo","tenista","https://dle.rae.es/tenista#ZTQQ6aq","",""
"comisario","sustantivo","comisario","https://dle.rae.es/comisario#9wkfiEz","",""
"ilícito","adjetivo","ilícito","https://dle.rae.es/il%C3%ADcito#KyJLzUc","",""
"reportaje","sustantivo","reportaje","https://dle.rae.es/reportaje#W3Fk257","",""
"marketing","sustantivo","marketing","https://dle.rae.es/marketing#ORrX73t","",""
"rondar","verbo","rondar","https://dle.rae.es/rondar#WgTJ3l5","0",""
"exilio","sustantivo","exilio","https://dle.rae.es/exilio#HFYHEfV","",""
"presumir","verbo","presumir","https://dle.rae.es/presumir#U7YygFe","0",""
"generalizar","verbo","generalizar","https://dle.rae.es/generalizar#J3yUWHw","0",""
"túnel","sustantivo","túnel","https://dle.rae.es/t%C3%BAnel#auzCOFy","",""
"auge","sustantivo","auge","https://dle.rae.es/auge#4NgWMUH","",""
"recurrente","adjetivo","recurrente","https://dle.rae.es/recurrente#VXdBgGD","",""
"sofisticado","adjetivo","sofisticado","https://dle.rae.es/sofisticado#YDw07ri","",""
"madurez","sustantivo","madurez","https://dle.rae.es/madurez#NrIIJbt","",""
"cooperativa","sustantivo","cooperativa","https://dle.rae.es/cooperativo#AigzAPz","",""
"maravilla","sustantivo","maravilla","https://dle.rae.es/maravilla#OMF3oTt","",""
"trofeo","sustantivo","trofeo","https://dle.rae.es/trofeo#akiayyR","",""
"contactar","verbo","contactar","https://dle.rae.es/contactar#ATUfMMu","0",""
"estadístico","adjetivo","estadístico","https://dle.rae.es/estad%C3%ADstico#GjpDTiC","",""
"plenamente","adverbio","plenamente","https://dle.rae.es/plenamente#TP9ELBL","",""
"humilde","adjetivo","humilde","https://dle.rae.es/humilde#KopRiIs","",""
"boda","sustantivo","boda","https://dle.rae.es/boda#5jssXib","",""
"vinculación","sustantivo","vinculación","https://dle.rae.es/vinculaci%C3%B3n#bqNMSmB","",""
"certificado","sustantivo","certificado","https://dle.rae.es/certificado#8OSwLec","",""
"contaminar","verbo","contaminar","https://dle.rae.es/contaminar#AU1m1dd","0",""
"catástrofe","sustantivo","catástrofe","https://dle.rae.es/cat%C3%A1strofe#7vIzqmP","",""
"guionista","sustantivo","guionista","https://dle.rae.es/guionista#Jr4HOkj","",""
"ballet","sustantivo","ballet","https://dle.rae.es/ballet#4uRUsdR","",""
"gratis","adverbio","gratis","https://dle.rae.es/gratis#JVBxDK7","",""
"hundir","verbo","hundir","https://dle.rae.es/hundir#KpjmsPh","0",""
"credibilidad","sustantivo","credibilidad","https://dle.rae.es/credibilidad#BDZXFBi","",""
"derivado","adjetivo","derivado","https://dle.rae.es/derivado#CHGoR0x","",""
"velar","verbo","velar","https://dle.rae.es/velar#bTFZNAf","0",""
"frustrar","verbo","frustrar","https://dle.rae.es/frustrar#IXNBGPl","0",""
"crudo","adjetivo","crudo","https://dle.rae.es/crudo#BNYN33A","",""
"integridad","sustantivo","integridad","https://dle.rae.es/integridad#LqKu5NS","",""
"coronar","verbo","coronar","https://dle.rae.es/coronar#AvTPmt0","0",""
"higiene","sustantivo","higiene","https://dle.rae.es/higiene#KNL4lwt","",""
"aliviar","verbo","aliviar","https://dle.rae.es/aliviar#1tmQDfz","0","anunciar"
"reafirmar","verbo","reafirmar","https://dle.rae.es/reafirmar#VGhb206","0",""
"concentrado","adjetivo","concentrado","https://dle.rae.es/concentrado#A6xkBgp","",""
"cursar","verbo","cursar","https://dle.rae.es/cursar#BkVfcnB","0",""
"nutricional","adjetivo","nutricional","https://dle.rae.es/nutricional#QjY4dZZ","",""
"desviar","verbo","desviar","https://dle.rae.es/desviar#DYVEYmC","0","enviar"
"legislatura","sustantivo","legislatura","https://dle.rae.es/legislatura#N4k8isQ","",""
"moral","sustantivo","moral","https://dle.rae.es/moral#Pm2wZfs","",""
"magnético","adjetivo","magnético","https://dle.rae.es/magn%C3%A9tico#NtUVGkP","",""
"imitar","verbo","imitar","https://dle.rae.es/imitar#L1K5UTb","0",""
"cabello","sustantivo","cabello","https://dle.rae.es/cabello#6PpFZDJ","",""
"interactuar","verbo","interactuar","https://dle.rae.es/interactuar#LsIejDw","0","actuar"
"verbal","adjetivo","verbal","https://dle.rae.es/verbal#bazFRtf","",""
"goleador","sustantivo","goleador","https://dle.rae.es/goleador#JIHkuVX","",""
"ocurrido","adjetivo","ocurrido","https://dle.rae.es/ocurrido#Qu8P1gp","",""
"mutuo","adjetivo","mutuo","https://dle.rae.es/mutuo#QAfOzCh","",""
"encontrado","adjetivo","encontrado","https://dle.rae.es/encontrado#F91hgek","",""
"vergüenza","sustantivo","vergüenza","https://dle.rae.es/verg%C3%BCenza#be2F2r6","",""
"aparente","adjetivo","aparente","https://dle.rae.es/aparente#35advYT","",""
"divino","adjetivo","divino","https://dle.rae.es/divino#E1CiSuI","",""
"implicación","sustantivo","implicación","https://dle.rae.es/implicaci%C3%B3n#L4esMbv","",""
"debilitar","verbo","debilitar","https://dle.rae.es/debilitar#BuHnAth","0",""
"inmigración","sustantivo","inmigración","https://dle.rae.es/inmigraci%C3%B3n#LeZM4Ra","",""
"vertical","adjetivo","vertical","https://dle.rae.es/vertical#bgXJQGV","",""
"detallado","adjetivo","detallado","https://dle.rae.es/detallado#DZPKWjP","",""
"s","sustantivo","s","https://dle.rae.es/s#Wrru2tK","",""
"nostalgia","sustantivo","nostalgia","https://dle.rae.es/nostalgia#QdfICDo","",""
"harina","sustantivo","harina","https://dle.rae.es/harina#K1aZFuc","",""
"continental","adjetivo","continental","https://dle.rae.es/continental#AVQbqi8","",""
"circo","sustantivo","circo","https://dle.rae.es/circo#9JFwbRw","",""
"pescador","sustantivo","pescador","https://dle.rae.es/pescador#SmRJNbB","",""
"grande","sustantivo","grande","https://dle.rae.es/grande#JSEI1iN","",""
"fracasar","verbo","fracasar","https://dle.rae.es/fracasar#ILwnQUD","0",""
"gimnasio","sustantivo","gimnasio","https://dle.rae.es/gimnasio#JC0mqyW","",""
"estatua","sustantivo","estatua","https://dle.rae.es/estatua#GnwW8az","",""
"montón","sustantivo","montón","https://dle.rae.es/mont%C3%B3n#PkZlcXO","",""
"sobrepeso","sustantivo","sobrepeso","https://dle.rae.es/sobrepeso#Y8u4Iny","",""
"laguna","sustantivo","laguna","https://dle.rae.es/laguna#MoKYlPi","",""
"polo","sustantivo","polo","https://dle.rae.es/polo#TbC9YCt","",""
"compatible","adjetivo","compatible","https://dle.rae.es/compatible#A06b0Ud","",""
"hispano","adjetivo","hispano","https://dle.rae.es/hispano#KW1s7dJ","",""
"académico","sustantivo","académico","https://dle.rae.es/acad%C3%A9mico#0Fp3xyj","",""
"felicitar","verbo","felicitar","https://dle.rae.es/felicitar#Hj56aRh","0",""
"rosa","sustantivo","rosa","https://dle.rae.es/rosa#WiDY32j","",""
"arquero","sustantivo","arquero","https://dle.rae.es/arquero#3deyXim","",""
"emerger","verbo","emerger","https://dle.rae.es/emerger#EicmQsD","0",""
"artesanal","adjetivo","artesanal","https://dle.rae.es/artesanal#3qkNd7e","",""
"postre","sustantivo","postre","https://dle.rae.es/postre#TqIRSBE","",""
"equidad","sustantivo","equidad","https://dle.rae.es/equidad#FzCUhhq","",""
"boliviano","adjetivo","boliviano","https://dle.rae.es/boliviano#5oESLbe","",""
"presupuestario","adjetivo","presupuestario","https://dle.rae.es/presupuestario#U7q7oIq","",""
"articulación","sustantivo","articulación","https://dle.rae.es/articulaci%C3%B3n#3qzxRki","",""
"alentar","verbo","alentar","https://dle.rae.es/alentar#1i8jk2G","0","acertar"
"desencadenar","verbo","desencadenar","https://dle.rae.es/desencadenar#Cr9yv25","0",""
"fortalecimiento","sustantivo","fortalecimiento","https://dle.rae.es/fortalecimiento#IH22baq","",""
"heredero","sustantivo","heredero","https://dle.rae.es/heredero#KCHdnMf","",""
"extremadamente","adverbio","extremadamente","https://dle.rae.es/extremadamente#HPqeSAg","",""
"coincidencia","sustantivo","coincidencia","https://dle.rae.es/coincidencia#9hn5XlL","",""
"millonario","adjetivo","millonario","https://dle.rae.es/millonario#PGE5L0q","",""
"molecular","adjetivo","molecular","https://dle.rae.es/molecular#PYlXmp5","",""
"pertenencia","sustantivo","pertenencia","https://dle.rae.es/pertenencia#SkSlUnK","",""
"decretar","verbo","decretar","https://dle.rae.es/decretar#BzV0z93","0",""
"racional","adjetivo","racional","https://dle.rae.es/racional#V0KlRrS","",""
"gigantesco","adjetivo","gigantesco","https://dle.rae.es/gigantesco#JBHDdUJ","",""
"hongo","sustantivo","hongo","https://dle.rae.es/hongo#Kd9rmFV","",""
"abrazar","verbo","abrazar","https://dle.rae.es/abrazar#0ARN9Cc","0",""
"enmarcar","verbo","enmarcar","https://dle.rae.es/enmarcar#FVyzazp","0",""
"procesamiento","sustantivo","procesamiento","https://dle.rae.es/procesamiento#UFLxCoW","",""
"tributo","sustantivo","tributo","https://dle.rae.es/tributo#acTMDJZ","",""
"gobernación","sustantivo","gobernación","https://dle.rae.es/gobernaci%C3%B3n#JHGsRG8","",""
"entendimiento","sustantivo","entendimiento","https://dle.rae.es/entendimiento#Fgug7yt","",""
"caloría","sustantivo","caloría","https://dle.rae.es/calor%C3%ADa#6qz8mCh","",""
"evidentemente","adverbio","evidentemente","https://dle.rae.es/evidentemente#H9cso1M","",""
"reino","sustantivo","reino","https://dle.rae.es/reino#Vmk6BZX","",""
"acostumbrado","adjetivo","acostumbrado","https://dle.rae.es/acostumbrado#0a2e7Qo","",""
"tomate","sustantivo","tomate","https://dle.rae.es/tomate#ZziM5kP","",""
"equipamiento","sustantivo","equipamiento","https://dle.rae.es/equipamiento#G03SZYa","",""
"óptico","adjetivo","óptico","https://dle.rae.es/%C3%B3ptico#R7QWqPq","",""
"predominar","verbo","predominar","https://dle.rae.es/predominar#Ty1ZacH","0",""
"retrasar","verbo","retrasar","https://dle.rae.es/retrasar#WJthDgv","0",""
"ingerir","verbo","ingerir","https://dle.rae.es/ingerir#LaPu23M","0","sentir"
"rezar","verbo","rezar","https://dle.rae.es/rezar#WRCH4jL","0",""
"boleto","sustantivo","boleto","https://dle.rae.es/boleto#5nMOf2Q","",""
"decidido","adjetivo","decidido","https://dle.rae.es/decidido#BwKa6aI","",""
"incapacidad","sustantivo","incapacidad","https://dle.rae.es/incapacidad#LCni5Hc","",""
"excepto","conjunción","excepto","https://dle.rae.es/excepto#HC3pjvT","",""
"temático","adjetivo","temático","https://dle.rae.es/tem%C3%A1tico#ZOnOAZE","",""
"gallo","sustantivo","gallo","https://dle.rae.es/gallo#ImORZs4","",""
"parlamentario","sustantivo","parlamentario","https://dle.rae.es/parlamentario#RwuVWmw","",""
"sospechoso","adjetivo","sospechoso","https://dle.rae.es/sospechoso#YS0AYWo","",""
"invisible","adjetivo","invisible","https://dle.rae.es/invisible#M4SlkEr","",""
"consola","sustantivo","consola","https://dle.rae.es/consola#AQNzGKu","",""
"trampa","sustantivo","trampa","https://dle.rae.es/trampa#aGlB829","",""
"divulgar","verbo","divulgar","https://dle.rae.es/divulgar#E1q9Jgy","0",""
"indirecto","adjetivo","indirecto","https://dle.rae.es/indirecto#LPBzYJt","",""
"horror","sustantivo","horror","https://dle.rae.es/horror#KgX9OaV","",""
"riguroso","adjetivo","riguroso","https://dle.rae.es/riguroso#WTj86P9","",""
"controversia","sustantivo","controversia","https://dle.rae.es/controversia#AeeBUkL","",""
"sondeo","sustantivo","sondeo","https://dle.rae.es/sondeo#YMH4pn3","",""
"intimidad","sustantivo","intimidad","https://dle.rae.es/intimidad#LyCn6I9","",""
"sonreír","verbo","sonreír","https://dle.rae.es/sonre%C3%ADr#YMtslHW","1",""
"hito","sustantivo","hito","https://dle.rae.es/hito#KXfBEVb","",""
"querido","adjetivo","querido","https://dle.rae.es/querido#Uo1X6Ql","",""
"élite","sustantivo","élite","https://dle.rae.es/%C3%A9lite#EXtXytb","",""
"pertinente","adjetivo","pertinente","https://dle.rae.es/pertinente#SksjqAf","",""
"misterioso","adjetivo","misterioso","https://dle.rae.es/misterioso#PPY7xVG","",""
"modesto","adjetivo","modesto","https://dle.rae.es/modesto#PUTYzir","",""
"arranque","sustantivo","arranque","https://dle.rae.es/arranque#3fWtkuG","",""
"trayecto","sustantivo","trayecto","https://dle.rae.es/trayecto#aXwbasB","",""
"acorde","adjetivo","acorde","https://dle.rae.es/acorde#0ZLbsG8","",""
"llamativo","adjetivo","llamativo","https://dle.rae.es/llamativo#NTUIrC2","",""
"apartado","sustantivo","apartado","https://dle.rae.es/apartado#35tp8q3","",""
"nacionalista","adjetivo","nacionalista","https://dle.rae.es/nacionalista#QBxqwkT","",""
"significativamente","adverbio","significativamente","https://dle.rae.es/significativamente#XrUaEXJ","",""
"realista","adjetivo","realista","https://dle.rae.es/realista#VHGdP37","",""
"ganado","sustantivo","ganado","https://dle.rae.es/ganado#IpmVKGf","",""
"inocente","adjetivo","inocente","https://dle.rae.es/inocente#LhVbbK6","",""
"rapidez","sustantivo","rapidez","https://dle.rae.es/rapidez#V9BD2XH","",""
"rentabilidad","sustantivo","rentabilidad","https://dle.rae.es/rentabilidad#VyDUGvl","",""
"vegetación","sustantivo","vegetación","https://dle.rae.es/vegetaci%C3%B3n#bR3nI4f","",""
"posibilitar","verbo","posibilitar","https://dle.rae.es/posibilitar#TnObIe0","0",""
"obtención","sustantivo","obtención","https://dle.rae.es/obtenci%C3%B3n#Qpz7pH1","",""
"amoroso","adjetivo","amoroso","https://dle.rae.es/amoroso#2Q3OD6N","",""
"llama","sustantivo","llama","https://dle.rae.es/llama#NTICDgv","",""
"primaria","sustantivo","primaria","https://dle.rae.es/primario#UARnEk8","",""
"insumo","sustantivo","insumo","https://dle.rae.es/insumo#LpMamwM","",""
"cívico","adjetivo","cívico","https://dle.rae.es/c%C3%ADvico#9NlY99M","",""
"elaborado","adjetivo","elaborado","https://dle.rae.es/elaborado#ESvELbN","",""
"delgado","adjetivo","delgado","https://dle.rae.es/delgado#C6yqMRe","",""
"lente","sustantivo","lente","https://dle.rae.es/lente#N7o6jFG","",""
"especulación","sustantivo","especulación","https://dle.rae.es/especulaci%C3%B3n#GXWb0EB","",""
"cardíaco","adjetivo","cardíaco","https://dle.rae.es/card%C3%ADaco#7V3pfqt","",""
"tercero","sustantivo","tercero","https://dle.rae.es/tercero#ZX6JZWO","",""
"tradicionalmente","adverbio","tradicionalmente","https://dle.rae.es/tradicionalmente#aDgM3Y5","",""
"porción","sustantivo","porción","https://dle.rae.es/porci%C3%B3n#TggsDvd","",""
"miel","sustantivo","miel","https://dle.rae.es/miel#PDHHVmo","",""
"largometraje","sustantivo","largometraje","https://dle.rae.es/largometraje#MwO4Frr","",""
"textura","sustantivo","textura","https://dle.rae.es/textura#ZharCdP","",""
"reelección","sustantivo","reelección","https://dle.rae.es/reelecci%C3%B3n#VamKDaI","",""
"lindo","adjetivo","lindo","https://dle.rae.es/lindo#NMh8KzM","",""
"infarto","sustantivo","infarto","https://dle.rae.es/infarto#LUxVQgt","",""
"aparte","adverbio","aparte","https://dle.rae.es/aparte#364en40","",""
"físicamente","adverbio","físicamente","https://dle.rae.es/f%C3%ADsicamente#HztjicH","",""
"guerrilla","sustantivo","guerrilla","https://dle.rae.es/guerrilla#JogYccH","",""
"picar","verbo","picar","https://dle.rae.es/picar#SsuIXMH","0",""
"neto","adjetivo","neto","https://dle.rae.es/neto#QR5iEQb","",""
"propaganda","sustantivo","propaganda","https://dle.rae.es/propaganda#UMzZEFk","",""
"sucio","adjetivo","sucio","https://dle.rae.es/sucio#Ycc7MC6","",""
"aproximación","sustantivo","aproximación","https://dle.rae.es/aproximaci%C3%B3n#3KMMwUR","",""
"embarcación","sustantivo","embarcación","https://dle.rae.es/embarcaci%C3%B3n#EajnWJX","",""
"ritual","sustantivo","ritual","https://dle.rae.es/ritual#WWc6Z92","",""
"acusado","sustantivo","acusado","https://dle.rae.es/acusado#0fzu66o","",""
"procesador","sustantivo","procesador","https://dle.rae.es/procesador#UFIa1lT","",""
"tumba","sustantivo","tumba","https://dle.rae.es/tumba#atDyVR9","",""
"obsesión","sustantivo","obsesión","https://dle.rae.es/obsesi%C3%B3n#Qp4ig6r","",""
"cuarenta","numeral","cuarenta","https://dle.rae.es/cuarenta#BSXFnm9","",""
"repente","sustantivo","repente","https://dle.rae.es/repente#W1MGMjB","",""
"maduro","adjetivo","maduro","https://dle.rae.es/maduro#NrJCsyS","",""
"variable","adjetivo","variable","https://dle.rae.es/variable#bNTTsak","",""
"arquitectónico","adjetivo","arquitectónico","https://dle.rae.es/arquitect%C3%B3nico#3dvG2xE","",""
"opositor","adjetivo","opositor","https://dle.rae.es/opositor#R741RzA","",""
"censura","sustantivo","censura","https://dle.rae.es/censura#8E4YLs1","",""
"consorcio","sustantivo","consorcio","https://dle.rae.es/consorcio#AQnX13U","",""
"ganadería","sustantivo","ganadería","https://dle.rae.es/ganader%C3%ADa#IpkMcD2","",""
"brigada","sustantivo","brigada","https://dle.rae.es/brigada#66BKqXj","",""
"filtro","sustantivo","filtro","https://dle.rae.es/filtro#HwrBUz4","",""
"calentar","verbo","calentar","https://dle.rae.es/calentar#6m5tzsI","0","acertar"
"incentivar","verbo","incentivar","https://dle.rae.es/incentivar#LDqGG78","0",""
"cirujano","sustantivo","cirujano","https://dle.rae.es/cirujano#9LV7csX","",""
"comodidad","sustantivo","comodidad","https://dle.rae.es/comodidad#9xkcZ9b","",""
"secundario","sustantivo","secundario","https://dle.rae.es/secundario#XQOKazg","",""
"plantar","verbo","plantar","https://dle.rae.es/plantar#TKQacaC","0",""
"cincuenta","numeral","cincuenta","https://dle.rae.es/cincuenta#9Fj3ziC","",""
"tope","sustantivo","tope","https://dle.rae.es/tope#a2E61Ro","",""
"confrontación","sustantivo","confrontación","https://dle.rae.es/confrontaci%C3%B3n#AHAH4Lg","",""
"ingesta","sustantivo","ingesta","https://dle.rae.es/ingesta#LaR7GJm","",""
"vasco","adjetivo","vasco","https://dle.rae.es/vasco#bOdrIN9","",""
"smartphone","sustantivo","smartphone","https://dle.rae.es/smartphone#Y339avj","",""
"consagrar","verbo","consagrar","https://dle.rae.es/consagrar#ANqGxtl","0",""
"dictador","sustantivo","dictador","https://dle.rae.es/dictador#Dh6ZHQI","",""
"cesar","verbo","cesar","https://dle.rae.es/cesar#8PSTDtO","0",""
"flexible","adjetivo","flexible","https://dle.rae.es/flexible#I5IQtvP","",""
"peor","adverbio","peor","https://dle.rae.es/peor#SVME3bd","",""
"península","sustantivo","península","https://dle.rae.es/pen%C3%ADnsula#SSzcHpj","",""
"diablo","sustantivo","diablo","https://dle.rae.es/diablo#DdJ72P9","",""
"marino","sustantivo","marino","https://dle.rae.es/marino#OQWUxHw","",""
"manual","sustantivo","manual","https://dle.rae.es/manual#OHuzGA3","",""
"diariamente","adverbio","diariamente","https://dle.rae.es/diariamente#DfYjZ6h","",""
"noventa","sustantivo","noventa","https://dle.rae.es/noventa#Qfhq6Tl","",""
"viable","adjetivo","viable","https://dle.rae.es/viable#biZYVX4","",""
"accionista","sustantivo","accionista","https://dle.rae.es/accionista#0KlwO8R","",""
"n","sustantivo","n","https://dle.rae.es/n#QAi0BF8","",""
"perdón","sustantivo","perdón","https://dle.rae.es/perd%C3%B3n#SYbMpnJ","",""
"políticamente","adverbio","políticamente","https://dle.rae.es/pol%C3%ADticamente#TZvi9YP","",""
"documental","adjetivo","documental","https://dle.rae.es/documental#E40ePzT","",""
"renal","adjetivo","renal","https://dle.rae.es/renal#VwFZNCT","",""
"consistente","adjetivo","consistente","https://dle.rae.es/consistente#AQHLN3k","",""
"demostración","sustantivo","demostración","https://dle.rae.es/demostraci%C3%B3n#CAk4RRq","",""
"indicación","sustantivo","indicación","https://dle.rae.es/indicaci%C3%B3n#LNnOHMk","",""
"civil","sustantivo","civil","https://dle.rae.es/civil#9Nma0hU","",""
"precaución","sustantivo","precaución","https://dle.rae.es/precauci%C3%B3n#Tuj1W1L","",""
"adicción","sustantivo","adicción","https://dle.rae.es/adicci%C3%B3n#0k8i4DT","",""
"precipitación","sustantivo","precipitación","https://dle.rae.es/precipitaci%C3%B3n#TvqfpKg","",""
"consolidación","sustantivo","consolidación","https://dle.rae.es/consolidaci%C3%B3n#AQWi5TS","",""
"oreja","sustantivo","oreja","https://dle.rae.es/oreja#RAXzs7l","",""
"detenido","adjetivo","detenido","https://dle.rae.es/detenido#DZwQIDy","",""
"mueble","sustantivo","mueble","https://dle.rae.es/mueble#PzmnqID","",""
"correctamente","adverbio","correctamente","https://dle.rae.es/correctamente#AxL3j2s","",""
"proseguir","verbo","proseguir","https://dle.rae.es/proseguir#UQ9S1FA","0","pedir"
"monstruo","sustantivo","monstruo","https://dle.rae.es/monstruo#PiY3lWL","",""
"ciertamente","adverbio","ciertamente","https://dle.rae.es/ciertamente#9Bacxwr","",""
"hembra","sustantivo","hembra","https://dle.rae.es/hembra#K7vzjPm","",""
"recortar","verbo","recortar","https://dle.rae.es/recortar#VVL8c4E","0",""
"perdonar","verbo","perdonar","https://dle.rae.es/perdonar#SYpXBA2","0",""
"panamericano","adjetivo","panamericano","https://dle.rae.es/panamericano#RdS7JvV","",""
"horno","sustantivo","horno","https://dle.rae.es/horno#Kg52vsI","",""
"replicar","verbo","replicar","https://dle.rae.es/replicar#W2p5Bt6","0",""
"obrero","sustantivo","obrero","https://dle.rae.es/obrero#QoFiW4Z","",""
"navegación","sustantivo","navegación","https://dle.rae.es/navegaci%C3%B3n#QJ6Q1zY","",""
"arribar","verbo","arribar","https://dle.rae.es/arribar#3kLYZsC","0",""
"golf","sustantivo","golf","https://dle.rae.es/golf#JIRgxei","",""
"desesperado","adjetivo","desesperado","https://dle.rae.es/desesperado#CxcjN3Y","",""
"mediado","adjetivo","mediado","https://dle.rae.es/mediado#OjqbmrR","",""
"mercancía","sustantivo","mercancía","https://dle.rae.es/mercanc%C3%ADa#Oyl46yk","",""
"subasta","sustantivo","subasta","https://dle.rae.es/subasta#YVHWDnv","",""
"festejo","sustantivo","festejo","https://dle.rae.es/festejo#HooNobr","",""
"económicamente","adverbio","económicamente","https://dle.rae.es/econ%C3%B3micamente#ELVearu","",""
"perjuicio","sustantivo","perjuicio","https://dle.rae.es/perjuicio#SemwRtd","",""
"opositor","sustantivo","opositor","https://dle.rae.es/opositor#R741RzA","",""
"caza","sustantivo","caza","https://dle.rae.es/caza#82zxNwL","",""
"inminente","adjetivo","inminente","https://dle.rae.es/inminente#Lei5tu4","",""
"vial","adjetivo","vial","https://dle.rae.es/vial#bioj90B","",""
"miseria","sustantivo","miseria","https://dle.rae.es/miseria#PO5HNMK","",""
"contribuyente","sustantivo","contribuyente","https://dle.rae.es/contribuyente#AeTqHgU","",""
"acierto","sustantivo","acierto","https://dle.rae.es/acierto#0TpxvNf","",""
"cansar","verbo","cansar","https://dle.rae.es/cansar#7Aj6VsD","0",""
"taza","sustantivo","taza","https://dle.rae.es/taza#ZHWKPgq","",""
"pantalón","sustantivo","pantalón","https://dle.rae.es/pantal%C3%B3n#Rifr9ro","",""
"admiración","sustantivo","admiración","https://dle.rae.es/admiraci%C3%B3n#0mY0fy3","",""
"ecuatoriano","adjetivo","ecuatoriano","https://dle.rae.es/ecuatoriano#EMlPbqI","",""
"docena","sustantivo","docena","https://dle.rae.es/doceno#E308E30","",""
"sumamente","adverbio","sumamente","https://dle.rae.es/sumamente#Ygteq7d","",""
"azul","sustantivo","azul","https://dle.rae.es/azul#4hL0yKW","",""
"aerolínea","sustantivo","aerolínea","https://dle.rae.es/aerol%C3%ADnea#0u3M1gQ","",""
"afortunadamente","adverbio","afortunadamente","https://dle.rae.es/afortunadamente#10Odc22","",""
"costado","sustantivo","costado","https://dle.rae.es/costado#B6GefIO","",""
"acero","sustantivo","acero","https://dle.rae.es/acero#0OElb4b","",""
"volcar","verbo","volcar","https://dle.rae.es/volcar#c1K8fvO","0","contar"
"nómina","sustantivo","nómina","https://dle.rae.es/n%C3%B3mina#QaCG8f1","",""
"ángulo","sustantivo","ángulo","https://dle.rae.es/%C3%A1ngulo#2fYIUaA","",""
"bodega","sustantivo","bodega","https://dle.rae.es/bodega#5jtPDms","",""
"anualmente","adverbio","anualmente","https://dle.rae.es/anualmente#2zVKc5H","",""
"hierba","sustantivo","hierba","https://dle.rae.es/hierba#KMZGtT3","",""
"subterráneo","adjetivo","subterráneo","https://dle.rae.es/subterr%C3%A1neo#YaoePA5","",""
"estudiantil","adjetivo","estudiantil","https://dle.rae.es/estudiantil#H1n3bjM","",""
"chino","sustantivo","chino","https://dle.rae.es/chino#8pma6mE","",""
"expedición","sustantivo","expedición","https://dle.rae.es/expedici%C3%B3n#HI3zxFT","",""
"romano","adjetivo","romano","https://dle.rae.es/romano#We24Kst","",""
"cuánto","adverbio","cuánto","https://dle.rae.es/cu%C3%A1nto#BSMOJmo","",""
"capitalismo","sustantivo","capitalismo","https://dle.rae.es/capitalismo#7KCG1Bg","",""
"acreditar","verbo","acreditar","https://dle.rae.es/acreditar#0avwt3w","0",""
"nativo","adjetivo","nativo","https://dle.rae.es/nativo#QHcJXvF","",""
"cruzado","adjetivo","cruzado","https://dle.rae.es/cruzado#BOau36A","",""
"privacidad","sustantivo","privacidad","https://dle.rae.es/privacidad#UD4g0KW","",""
"audio","sustantivo","audio","https://dle.rae.es/audio#4MxowLv","",""
"azar","sustantivo","azar","https://dle.rae.es/azar#4dukUoz","",""
"macho","sustantivo","macho","https://dle.rae.es/macho#NndQJAy","",""
"generoso","adjetivo","generoso","https://dle.rae.es/generoso#J4DPKAc","",""
"nulo","adjetivo","nulo","https://dle.rae.es/nulo#Qi9usCN","",""
"ausente","adjetivo","ausente","https://dle.rae.es/ausente#4Q1SaJj","",""
"desnudo","adjetivo","desnudo","https://dle.rae.es/desnudo#DEE3jZX","",""
"cúpula","sustantivo","cúpula","https://dle.rae.es/c%C3%BApula#Bhv16Mc","",""
"anotación","sustantivo","anotación","https://dle.rae.es/anotaci%C3%B3n#2k8GumR","",""
"modernización","sustantivo","modernización","https://dle.rae.es/modernizaci%C3%B3n#PUJyuvA","",""
"podio","sustantivo","podio","https://dle.rae.es/podio#TU8ws4i","",""
"culpable","adjetivo","culpable","https://dle.rae.es/culpable#BeFDSqt","",""
"supervisión","sustantivo","supervisión","https://dle.rae.es/supervisi%C3%B3n#YlDqhqC","",""
"asentamiento","sustantivo","asentamiento","https://dle.rae.es/asentamiento#3xh9gu9","",""
"faceta","sustantivo","faceta","https://dle.rae.es/faceta#HSQjnAf","",""
"listado","sustantivo","listado","https://dle.rae.es/listado#NQJM3p7","",""
"billete","sustantivo","billete","https://dle.rae.es/billete#5WKYBAv","",""
"carbón","sustantivo","carbón","https://dle.rae.es/carb%C3%B3n#7RtOeRf","",""
"sugerencia","sustantivo","sugerencia","https://dle.rae.es/sugerencia#YfTKl7q","",""
"injusticia","sustantivo","injusticia","https://dle.rae.es/injusticia#LdP8Jct","",""
"portada","sustantivo","portada","https://dle.rae.es/portada#Tj9NGP2","",""
"andino","adjetivo","andino","https://dle.rae.es/andino#2ZnyFw4","",""
"volcán","sustantivo","volcán","https://dle.rae.es/volc%C3%A1n#c16WGzH","",""
"lavado","sustantivo","lavado","https://dle.rae.es/lavado#N0aL8fN","",""
"licitación","sustantivo","licitación","https://dle.rae.es/licitaci%C3%B3n#NGOO7TN","",""
"invernadero","sustantivo","invernadero","https://dle.rae.es/invernadero#M3AhIMC","",""
"ilustración","sustantivo","ilustración","https://dle.rae.es/ilustraci%C3%B3n#KzZWv7R","",""
"diámetro","sustantivo","diámetro","https://dle.rae.es/di%C3%A1metro#DfGueCR","",""
"máscara","sustantivo","máscara","https://dle.rae.es/m%C3%A1scara#OWe09tc","",""
"censo","sustantivo","censo","https://dle.rae.es/censo#8DvFfDl","",""
"cereal","sustantivo","cereal","https://dle.rae.es/cereal#8KRazcs","",""
"setenta","sustantivo","setenta","https://dle.rae.es/setenta#XjmcBhM","",""
"libra","sustantivo","libra","https://dle.rae.es/libra#NEzBhbG","",""
"film","sustantivo","film","https://dle.rae.es/film#HvIq2Rm","",""
"asistencial","adjetivo","asistencial","https://dle.rae.es/asistencial#415xhgs","",""
"cigarrillo","sustantivo","cigarrillo","https://dle.rae.es/cigarrillo#9C7p3Gg","",""
"gota","sustantivo","gota","https://dle.rae.es/gota#JN4MHke","",""
"cobro","sustantivo","cobro","https://dle.rae.es/cobro#9Y0FdSL","",""
"cotización","sustantivo","cotización","https://dle.rae.es/cotizaci%C3%B3n#B9F7l7z","",""
"asomar","verbo","asomar","https://dle.rae.es/asomar#42cgzQK","0",""
"enterrar","verbo","enterrar","https://dle.rae.es/enterrar#Fhs9Hax","0","acertar"
"tubo","sustantivo","tubo","https://dle.rae.es/tubo#are90sf","",""
"tanque","sustantivo","tanque","https://dle.rae.es/tanque#Z5gUaCi","",""
"mutación","sustantivo","mutación","https://dle.rae.es/mutaci%C3%B3n#QA1FFhV","",""
"sustitución","sustantivo","sustitución","https://dle.rae.es/sustituci%C3%B3n#YpvG6ZH","",""
"baloncesto","sustantivo","baloncesto","https://dle.rae.es/baloncesto#4ufsnAa","",""
"dvd","sustantivo","dvd","https://dle.rae.es/dvd#EITKPOm","",""
"mentir","verbo","mentir","https://dle.rae.es/mentir#Ox4glLC","0","sentir"
"contagiar","verbo","contagiar","https://dle.rae.es/contagiar#ATnH1L7","0","anunciar"
"desmentir","verbo","desmentir","https://dle.rae.es/desmentir#DB4KKmG","0","sentir"
"matiz","sustantivo","matiz","https://dle.rae.es/matiz#Oc9iu24","",""
"distribuidor","sustantivo","distribuidor","https://dle.rae.es/distribuidor#DzJIPaW","",""
"doctrina","sustantivo","doctrina","https://dle.rae.es/doctrina#E3eOaI9","",""
"nominación","sustantivo","nominación","https://dle.rae.es/nominaci%C3%B3n#QaCNcBX","",""
"abstracto","adjetivo","abstracto","https://dle.rae.es/abstracto#0CxHulg","",""
"matemático","adjetivo","matemático","https://dle.rae.es/matem%C3%A1tico#ObS8ajk","",""
"genoma","sustantivo","genoma","https://dle.rae.es/genoma#J5TRNaj","",""
"subida","sustantivo","subida","https://dle.rae.es/subida#YWqozwN","",""
"alimenticio","adjetivo","alimenticio","https://dle.rae.es/alimenticio#1rkqKsF","",""
"encarar","verbo","encarar","https://dle.rae.es/encarar#F0RNchk","0",""
"delincuencia","sustantivo","delincuencia","https://dle.rae.es/delincuencia#C7g5Dyh","",""
"fachada","sustantivo","fachada","https://dle.rae.es/fachada#HSa9etX","",""
"impunidad","sustantivo","impunidad","https://dle.rae.es/impunidad#L9U2aJw","",""
"elector","sustantivo","elector","https://dle.rae.es/elector#ETReA8J","",""
"alegre","adjetivo","alegre","https://dle.rae.es/alegre#1hJzSS6","",""
"incómodo","adjetivo","incómodo","https://dle.rae.es/inc%C3%B3modo#LGQgnVg","",""
"cansancio","sustantivo","cansancio","https://dle.rae.es/cansancio#7Ad60Jp","",""
"billón","sustantivo","billón","https://dle.rae.es/bill%C3%B3n#5WQzD1r","",""
"broma","sustantivo","broma","https://dle.rae.es/broma#68hKX8j","",""
"desgracia","sustantivo","desgracia","https://dle.rae.es/desgracia#D1lPT02","",""
"cima","sustantivo","cima","https://dle.rae.es/cima#9DPkfTf","",""
"pluma","sustantivo","pluma","https://dle.rae.es/pluma#TQKRqRS","",""
"conmemorar","verbo","conmemorar","https://dle.rae.es/conmemorar#ALYWElr","0",""
"apelación","sustantivo","apelación","https://dle.rae.es/apelaci%C3%B3n#37P45y8","",""
"triple","adjetivo","triple","https://dle.rae.es/triple#ahIqtyM","",""
"brutal","adjetivo","brutal","https://dle.rae.es/brutal#6C5eKtY","",""
"térmico","adjetivo","térmico","https://dle.rae.es/t%C3%A9rmico#ZYh2Ffn","",""
"escalera","sustantivo","escalera","https://dle.rae.es/escalera#G6uCj2q","",""
"jugo","sustantivo","jugo","https://dle.rae.es/jugo#Mb7FleY","",""
"caballero","sustantivo","caballero","https://dle.rae.es/caballero#6OGpVP7","",""
"tableta","sustantivo","tableta","https://dle.rae.es/tableta#YtKUrYg","",""
"transcurso","sustantivo","transcurso","https://dle.rae.es/transcurso#aIsc2i7","",""
"paralizar","verbo","paralizar","https://dle.rae.es/paralizar#RrGrZVg","0",""
"artefacto","sustantivo","artefacto","https://dle.rae.es/artefacto#3qBanOO","",""
"test","sustantivo","test","https://dle.rae.es/test#ZeapftD","",""
"brillo","sustantivo","brillo","https://dle.rae.es/brillo#66f9Tb9","",""
"sesenta","sustantivo","sesenta","https://dle.rae.es/sesenta#XiXguB7","",""
"presenciar","verbo","presenciar","https://dle.rae.es/presenciar#U5vyosJ","0","anunciar"
"desecho","sustantivo","desecho","https://dle.rae.es/desecho#Co0Gmme","",""
"castellano","sustantivo","castellano","https://dle.rae.es/castellano#7qluXx1","",""
"ídolo","sustantivo","ídolo","https://dle.rae.es/%C3%ADdolo#Kv2nxNm","",""
"astro","sustantivo","astro","https://dle.rae.es/astro#4676ltb","",""
"oscuridad","sustantivo","oscuridad","https://dle.rae.es/oscuridad#RHjaopq","",""
"sacudir","verbo","sacudir","https://dle.rae.es/sacudir#Wy83HVH","0",""
"potable","adjetivo","potable","https://dle.rae.es/potable#TqwWRTE","",""
"cosechar","verbo","cosechar","https://dle.rae.es/cosechar#B4cRc2M","0",""
"asignación","sustantivo","asignación","https://dle.rae.es/asignaci%C3%B3n#3zj6xzB","",""
"herido","adjetivo","herido","https://dle.rae.es/herido#KCcrZUp","",""
"jerarquía","sustantivo","jerarquía","https://dle.rae.es/jerarqu%C3%ADa#MPpsPNi","",""
"animado","adjetivo","animado","https://dle.rae.es/animado#2guZJRQ","",""
"desorden","sustantivo","desorden","https://dle.rae.es/desorden#DF5Xi1F","",""
"ciego","adjetivo","ciego","https://dle.rae.es/ciego#9AhGsOX","",""
"sustancial","adjetivo","sustancial","https://dle.rae.es/sustancial#YpLjVbm","",""
"infectar","verbo","infectar","https://dle.rae.es/infectar#LVGch4J","0",""
"mentalidad","sustantivo","mentalidad","https://dle.rae.es/mentalidad#OwPrQnI","",""
"perfección","sustantivo","perfección","https://dle.rae.es/perfecci%C3%B3n#SaJpgTV","",""
"trasero","adjetivo","trasero","https://dle.rae.es/trasero#aQSJ9KT","",""
"coyuntura","sustantivo","coyuntura","https://dle.rae.es/coyuntura#BBarXvf","",""
"dúo","sustantivo","dúo","https://dle.rae.es/d%C3%BAo#EGQWN52","",""
"históricamente","adverbio","históricamente","https://dle.rae.es/hist%C3%B3ricamente#KX5kCxB","",""
"indagar","verbo","indagar","https://dle.rae.es/indagar#LLj8FxH","0",""
"sumergir","verbo","sumergir","https://dle.rae.es/sumergir#YhGfWdb","0",""
"compensación","sustantivo","compensación","https://dle.rae.es/compensaci%C3%B3n#A0b1BsS","",""
"explícito","adjetivo","explícito","https://dle.rae.es/expl%C3%ADcito#HJqpfXT","",""
"recaer","verbo","recaer","https://dle.rae.es/recaer#VMur3Uy","0","caer"
"holandés","adjetivo","holandés","https://dle.rae.es/holand%C3%A9s#KYwyn6b","",""
"presentado","adjetivo","presentado","https://dle.rae.es/presentado#U63Tj19","",""
"ladrón","sustantivo","ladrón","https://dle.rae.es/ladr%C3%B3n#MnGXL9S","",""
"monumental","adjetivo","monumental","https://dle.rae.es/monumental#PkyWacx","",""
"suizo","adjetivo","suizo","https://dle.rae.es/suizo#Yg1OhNZ","",""
"gris","adjetivo","gris","https://dle.rae.es/gris#JYCOv1O","",""
"datar","verbo","datar","https://dle.rae.es/datar#BsTcvvt","0",""
"diccionario","sustantivo","diccionario","https://dle.rae.es/diccionario#DgIqVCc","",""
"capitalino","adjetivo","capitalino","https://dle.rae.es/capitalino#7KA88rU","",""
"estelar","adjetivo","estelar","https://dle.rae.es/estelar#GokeKLx","",""
"habitualmente","adverbio","habitualmente","https://dle.rae.es/habitualmente#JvfahjW","",""
"interrogante","sustantivo","interrogante","https://dle.rae.es/interrogante#LwoV9X4","",""
"designación","sustantivo","designación","https://dle.rae.es/designaci%C3%B3n#D5qDP99","",""
"otoño","sustantivo","otoño","https://dle.rae.es/oto%C3%B1o#RKqP1iA","",""
"socialismo","sustantivo","socialismo","https://dle.rae.es/socialismo#YBvpVSl","",""
"té","sustantivo","té","https://dle.rae.es/t%C3%A9#ZHc7E64","",""
"inflamación","sustantivo","inflamación","https://dle.rae.es/inflamaci%C3%B3n#LXK3yEj","",""
"apto","adjetivo","apto","https://dle.rae.es/apto#3KdgGl7","",""
"espontáneo","adjetivo","espontáneo","https://dle.rae.es/espont%C3%A1neo#Gel77wB","",""
"vivencia","sustantivo","vivencia","https://dle.rae.es/vivencia#bxm9WKu","",""
"hincha","sustantivo","hincha","https://dle.rae.es/hincha#KPbh4YZ","",""
"desventaja","sustantivo","desventaja","https://dle.rae.es/desventaja#DY1KCgL","",""
"inclusive","adverbio","inclusive","https://dle.rae.es/inclusive#LFdGwFH","",""
"judío","sustantivo","judío","https://dle.rae.es/jud%C3%ADo#MaJqz1b","",""
"frágil","adjetivo","frágil","https://dle.rae.es/fr%C3%A1gil#IMXM6t0","",""
"lamentable","adjetivo","lamentable","https://dle.rae.es/lamentable#Mpxxx1P","",""
"maestro","adjetivo","maestro","https://dle.rae.es/maestro#Ns5vHZY","",""
"envejecimiento","sustantivo","envejecimiento","https://dle.rae.es/envejecimiento#FrjmHFj","",""
"reformar","verbo","reformar","https://dle.rae.es/reformar#VeG42ZB","0",""
"celebrado","adjetivo","celebrado","https://dle.rae.es/celebrado#88myXIJ","",""
"redondo","adjetivo","redondo","https://dle.rae.es/redondo#VZdF7p7","",""
"portugués","sustantivo","portugués","https://dle.rae.es/portugu%C3%A9s#TlwZHhT","",""
"posicionar","verbo","posicionar","https://dle.rae.es/posicionar#TnYJvdQ","0",""
"progresista","adjetivo","progresista","https://dle.rae.es/progresista#UJfELdY","",""
"asentar","verbo","asentar","https://dle.rae.es/asentar#3xhN1uB","0","acertar"
"comuna","sustantivo","comuna","https://dle.rae.es/comuna#A4wYBA0","",""
"buque","sustantivo","buque","https://dle.rae.es/buque#6IFfscf","",""
"festejar","verbo","festejar","https://dle.rae.es/festejar#HonzKNQ","0",""
"viejo","sustantivo","viejo","https://dle.rae.es/viejo#bnRGe0W","",""
"aterrizar","verbo","aterrizar","https://dle.rae.es/aterrizar#4E7cjdW","0",""
"residente","adjetivo","residente","https://dle.rae.es/residente#W9ndHap","",""
"venganza","sustantivo","venganza","https://dle.rae.es/venganza#bXXPjj1","",""
"certificación","sustantivo","certificación","https://dle.rae.es/certificaci%C3%B3n#8ORHhFe","",""
"recital","sustantivo","recital","https://dle.rae.es/recital#VRqIUrX","",""
"criar","verbo","criar","https://dle.rae.es/criar#BFyuWxK","0","enviar"
"incumplimiento","sustantivo","incumplimiento","https://dle.rae.es/incumplimiento#LL8NxlP","",""
"pirata","sustantivo","pirata","https://dle.rae.es/pirata#T8ktrp2","",""
"flexibilidad","sustantivo","flexibilidad","https://dle.rae.es/flexibilidad#I5DiRex","",""
"sobrepasar","verbo","sobrepasar","https://dle.rae.es/sobrepasar#Y8me8Iv","0",""
"aceptable","adjetivo","aceptable","https://dle.rae.es/aceptable#0NSb6WK","",""
"pasillo","sustantivo","pasillo","https://dle.rae.es/pasillo#S4CSFDF","",""
"cruz","sustantivo","cruz","https://dle.rae.es/cruz#BOPN2zP","",""
"ruina","sustantivo","ruina","https://dle.rae.es/ruina#WoYvmdQ","",""
"documentar","verbo","documentar","https://dle.rae.es/documentar#E49wcId","0",""
"encaminar","verbo","encaminar","https://dle.rae.es/encaminar#Ey61hCh","0",""
"óseo","adjetivo","óseo","https://dle.rae.es/%C3%B3seo#RHpbgrh","",""
"autopista","sustantivo","autopista","https://dle.rae.es/autopista#4U9ht5a","",""
"metálico","adjetivo","metálico","https://dle.rae.es/met%C3%A1lico#P5EvCf8","",""
"fatal","adjetivo","fatal","https://dle.rae.es/fatal#HffspKE","",""
"esclavo","sustantivo","esclavo","https://dle.rae.es/esclavo#GElf0MV","",""
"afecto","sustantivo","afecto","https://dle.rae.es/afecto#0wK6Ql1","",""
"atar","verbo","atar","https://dle.rae.es/atar#4AWGRKK","0",""
"portugués","adjetivo","portugués","https://dle.rae.es/portugu%C3%A9s#TlwZHhT","",""
"autorizado","adjetivo","autorizado","https://dle.rae.es/autorizado#4UZggdB","",""
"fuertemente","adverbio","fuertemente","https://dle.rae.es/fuertemente#IYsY1dc","",""
"sacrificar","verbo","sacrificar","https://dle.rae.es/sacrificar#WxRGErB","0",""
"estómago","sustantivo","estómago","https://dle.rae.es/est%C3%B3mago#Guhxxcw","",""
"noroeste","sustantivo","noroeste","https://dle.rae.es/noroeste#Qd6e0Ez","",""
"colocación","sustantivo","colocación","https://dle.rae.es/colocaci%C3%B3n#9p1LvxC","",""
"certificar","verbo","certificar","https://dle.rae.es/certificar#8OVdkYW","0",""
"simultáneamente","adverbio","simultáneamente","https://dle.rae.es/simult%C3%A1neamente#XwATqV7","",""
"mono","sustantivo","mono","https://dle.rae.es/mono#PeswonB","",""
"accesorio","sustantivo","accesorio","https://dle.rae.es/accesorio#0KIzcoq","",""
"embrión","sustantivo","embrión","https://dle.rae.es/embri%C3%B3n#Egh7Nnc","",""
"esforzar","verbo","esforzar","https://dle.rae.es/esforzar#GPosCWC","0","contar"
"participante","adjetivo","participante","https://dle.rae.es/participante#S05v7K1","",""
"canasta","sustantivo","canasta","https://dle.rae.es/canasta#72vla4j","",""
"auditoría","sustantivo","auditoría","https://dle.rae.es/auditor%C3%ADa#4NVvRTc","",""
"refugiado","sustantivo","refugiado","https://dle.rae.es/refugiado#VfqUsp8","",""
"pianista","sustantivo","pianista","https://dle.rae.es/pianista#Srhdevx","",""
"inolvidable","adjetivo","inolvidable","https://dle.rae.es/inolvidable#Lhpm8vN","",""
"chico","adjetivo","chico","https://dle.rae.es/chico#8jlYcrL","",""
"mayoritario","adjetivo","mayoritario","https://dle.rae.es/mayoritario#OgMd7wA","",""
"redactar","verbo","redactar","https://dle.rae.es/redactar#VXtFmRo","0",""
"milenio","sustantivo","milenio","https://dle.rae.es/milenio#PEqMyQE","",""
"vela","sustantivo","vela","https://dle.rae.es/vela#bSyKFNf","",""
"pecado","sustantivo","pecado","https://dle.rae.es/pecado#SFVbedk","",""
"aproximar","verbo","aproximar","https://dle.rae.es/aproximar#3KUU6I9","0",""
"monte","sustantivo","monte","https://dle.rae.es/monte#PjYBCi6","",""
"astronauta","sustantivo","astronauta","https://dle.rae.es/astronauta#46WOJmJ","",""
"heredar","verbo","heredar","https://dle.rae.es/heredar#KCH6Ubv","0",""
"cebolla","sustantivo","cebolla","https://dle.rae.es/cebolla#84vDaDg","",""
"infierno","sustantivo","infierno","https://dle.rae.es/infierno#LWWgIMp","",""
"lateral","sustantivo","lateral","https://dle.rae.es/lateral#My8kWoh","",""
"ancho","sustantivo","ancho","https://dle.rae.es/ancho#2XUmTEA","",""
"superficial","adjetivo","superficial","https://dle.rae.es/superficial#Yjdcjrg","",""
"ángel","sustantivo","ángel","https://dle.rae.es/%C3%A1ngel#2d9P6OL","",""
"epidemiológico","adjetivo","epidemiológico","https://dle.rae.es/epidemiol%C3%B3gico#FwBzxL5","",""
"parcialmente","adverbio","parcialmente","https://dle.rae.es/parcialmente#RtxIEdd","",""
"mecánico","sustantivo","mecánico","https://dle.rae.es/mec%C3%A1nico#OiC9vhp","",""
"acoso","sustantivo","acoso","https://dle.rae.es/acoso#0ZszPxA","",""
"manga","sustantivo","manga","https://dle.rae.es/manga#OBSM3PH","",""
"franquicia","sustantivo","franquicia","https://dle.rae.es/franquicia#IPOOzfn","",""
"t","sustantivo","t","https://dle.rae.es/t#YqqJzRM","",""
"corrección","sustantivo","corrección","https://dle.rae.es/correcci%C3%B3n#AxAJSRX","",""
"astrónomo","sustantivo","astrónomo","https://dle.rae.es/astr%C3%B3nomo#46kfNvM","",""
"criatura","sustantivo","criatura","https://dle.rae.es/criatura#BFzjeMc","",""
"cohete","sustantivo","cohete","https://dle.rae.es/cohete#9guhddN","",""
"tornar","verbo","tornar","https://dle.rae.es/tornar#a5wo9qa","0",""
"jurisdicción","sustantivo","jurisdicción","https://dle.rae.es/jurisdicci%C3%B3n#MeIW1By","",""
"navideño","adjetivo","navideño","https://dle.rae.es/navide%C3%B1o#QJKPcPp","",""
"pedazo","sustantivo","pedazo","https://dle.rae.es/pedazo#SIH8YqC","",""
"grueso","adjetivo","grueso","https://dle.rae.es/grueso#Ja0Q4FQ","",""
"simultáneo","adjetivo","simultáneo","https://dle.rae.es/simult%C3%A1neo#XwH9oMz","",""
"casualidad","sustantivo","casualidad","https://dle.rae.es/casualidad#7sUUvUU","",""
"dedicación","sustantivo","dedicación","https://dle.rae.es/dedicaci%C3%B3n#C0Pk5Wa","",""
"interrogar","verbo","interrogar","https://dle.rae.es/interrogar#Lwp2Yj5","0",""
"molesto","adjetivo","molesto","https://dle.rae.es/molesto#PZ62Kgy","",""
"restaurar","verbo","restaurar","https://dle.rae.es/restaurar#WEDDoZm","0","causar"
"portátil","adjetivo","portátil","https://dle.rae.es/port%C3%A1til#Tl21X5Z","",""
"trío","sustantivo","trío","https://dle.rae.es/tr%C3%ADo#agxRuVa","",""
"asustar","verbo","asustar","https://dle.rae.es/asustar#47ySsMi","0",""
"meteorológico","adjetivo","meteorológico","https://dle.rae.es/meteorol%C3%B3gico#P72xNDN","",""
"erradicar","verbo","erradicar","https://dle.rae.es/erradicar#G3bnB06","0",""
"peculiar","adjetivo","peculiar","https://dle.rae.es/peculiar#SHYi1ZO","",""
"insertar","verbo","insertar","https://dle.rae.es/insertar#LkUR02C","0",""
"deshacer","verbo","deshacer","https://dle.rae.es/deshacer#D2yPed3","0","hacer"
"novelista","sustantivo","novelista","https://dle.rae.es/novelista#QfNCz69","",""
"susceptible","adjetivo","susceptible","https://dle.rae.es/susceptible#YoiIqLL","",""
"bautizar","verbo","bautizar","https://dle.rae.es/bautizar#5EiU5jV","0",""
"pesadilla","sustantivo","pesadilla","https://dle.rae.es/pesadilla#Slrs5MS","",""
"notificar","verbo","notificar","https://dle.rae.es/notificar#Qec6jfG","0",""
"parroquia","sustantivo","parroquia","https://dle.rae.es/parroquia#RzQfFtW","",""
"calcio","sustantivo","calcio","https://dle.rae.es/calcio#6k7GLEv","",""
"melodía","sustantivo","melodía","https://dle.rae.es/melod%C3%ADa#Oq9XD9V","",""
"despejar","verbo","despejar","https://dle.rae.es/despejar#DJT9Vbi","0",""
"idéntico","adjetivo","idéntico","https://dle.rae.es/id%C3%A9ntico#KtlQpsQ","",""
"rentable","adjetivo","rentable","https://dle.rae.es/rentable#VyJP9GA","",""
"diversión","sustantivo","diversión","https://dle.rae.es/diversi%C3%B3n#E0eav7y","",""
"despido","sustantivo","despido","https://dle.rae.es/despido#DM0irh6","",""
"provisional","adjetivo","provisional","https://dle.rae.es/provisional#UUUuOLG","",""
"taxi","sustantivo","taxi","https://dle.rae.es/taxi#ZGiSypd","",""
"interponer","verbo","interponer","https://dle.rae.es/interponer#LwIgT0m","0","poner"
"suplemento","sustantivo","suplemento","https://dle.rae.es/suplemento#YlgimFZ","",""
"sellar","verbo","sellar","https://dle.rae.es/sellar#XUpKTUW","0",""
"anticuerpo","sustantivo","anticuerpo","https://dle.rae.es/anticuerpo#2r0x9Is","",""
"inspector","sustantivo","inspector","https://dle.rae.es/inspector#LmAYK3Q","",""
"ostentar","verbo","ostentar","https://dle.rae.es/ostentar#RIqCMJz","0",""
"limón","sustantivo","limón","https://dle.rae.es/lim%C3%B3n#NKe3QPp","",""
"amparo","sustantivo","amparo","https://dle.rae.es/amparo#2RCYvU4","",""
"lingüístico","adjetivo","lingüístico","https://dle.rae.es/ling%C3%BC%C3%ADstico#NNPFPOl","",""
"frecuentemente","adverbio","frecuentemente","https://dle.rae.es/frecuentemente#IR09XnS","",""
"coger","verbo","coger","https://dle.rae.es/coger#9fC4QbW","0",""
"pulmonar","adjetivo","pulmonar","https://dle.rae.es/pulmonar#Ud3GejA","",""
"realismo","sustantivo","realismo","https://dle.rae.es/realismo#VHDaYY8","",""
"denominación","sustantivo","denominación","https://dle.rae.es/denominaci%C3%B3n#CBq4HT3","",""
"aroma","sustantivo","aroma","https://dle.rae.es/aroma#3cGIaSc","",""
"repetición","sustantivo","repetición","https://dle.rae.es/repetici%C3%B3n#W1n6zHK","",""
"diplomático","sustantivo","diplomático","https://dle.rae.es/diplom%C3%A1tico#DpfZARt","",""
"ironía","sustantivo","ironía","https://dle.rae.es/iron%C3%ADa#M6heFtP","",""
"agredir","verbo","agredir","https://dle.rae.es/agredir#19HXkPp","0",""
"trece","numeral","trece","https://dle.rae.es/trece#aYPXdWU","",""
"sucesivo","adjetivo","sucesivo","https://dle.rae.es/sucesivo#Yc9UKC7","",""
"acentuar","verbo","acentuar","https://dle.rae.es/acentuar#0NLSvde","0","actuar"
"cardiaco","adjetivo","cardiaco","https://dle.rae.es/card%C3%ADaco#7V3pfqt","",""
"boxeo","sustantivo","boxeo","https://dle.rae.es/boxeo#60QCG79","",""
"cepa","sustantivo","cepa","https://dle.rae.es/cepa#8HccZ0a","",""
"sentado","adjetivo","sentado","https://dle.rae.es/sentado#Xatr9sn","",""
"exótico","adjetivo","exótico","https://dle.rae.es/ex%C3%B3tico#HHTrLvY","",""
"pasaporte","sustantivo","pasaporte","https://dle.rae.es/pasaporte#S2znOqx","",""
"implantar","verbo","implantar","https://dle.rae.es/implantar#L4RvR9q","0",""
"tribuna","sustantivo","tribuna","https://dle.rae.es/tribuna#acCntFo","",""
"yacimiento","sustantivo","yacimiento","https://dle.rae.es/yacimiento#c8YZ5AV","",""
"cenizo","sustantivo","cenizo","https://dle.rae.es/cenizo#8DfJYXc","",""
"lidiar","verbo","lidiar","https://dle.rae.es/lidiar#NHImOL7","0","anunciar"
"ciclista","sustantivo","ciclista","https://dle.rae.es/ciclista#99kzO8q","",""
"freno","sustantivo","freno","https://dle.rae.es/freno#ISNvZZr","",""
"japonés","sustantivo","japonés","https://dle.rae.es/japon%C3%A9s#MLF1eHq","",""
"apretar","verbo","apretar","https://dle.rae.es/apretar#3JFm77N","0","acertar"
"ingenio","sustantivo","ingenio","https://dle.rae.es/ingenio#LaAQJoU","",""
"suscitar","verbo","suscitar","https://dle.rae.es/suscitar#YonOBk1","0",""
"interactivo","adjetivo","interactivo","https://dle.rae.es/interactivo#LsIHkis","",""
"selectivo","adjetivo","selectivo","https://dle.rae.es/selectivo#XUOmuas","",""
"atentar","verbo","atentar","https://dle.rae.es/atentar#4D2QGo4","0",""
"cerro","sustantivo","cerro","https://dle.rae.es/cerro#8O2f8Ks","",""
"naturalmente","adverbio","naturalmente","https://dle.rae.es/naturalmente#QHrv5bu","",""
"tolerar","verbo","tolerar","https://dle.rae.es/tolerar#ZyZDjRx","0",""
"desafiar","verbo","desafiar","https://dle.rae.es/desafiar#CMwXFZM","0","enviar"
"satisfactorio","adjetivo","satisfactorio","https://dle.rae.es/satisfactorio#XLNsgXa","",""
"uniforme","sustantivo","uniforme","https://dle.rae.es/uniforme#b5csojY","",""
"infeccioso","adjetivo","infeccioso","https://dle.rae.es/infeccioso#LVFBqoP","",""
"emocionar","verbo","emocionar","https://dle.rae.es/emocionar#Ejg6bGF","0",""
"minería","sustantivo","minería","https://dle.rae.es/miner%C3%ADa#PIM67GY","",""
"contienda","sustantivo","contienda","https://dle.rae.es/contienda#AVIXBks","",""
"penetrar","verbo","penetrar","https://dle.rae.es/penetrar#SScGaEk","0",""
"étnico","adjetivo","étnico","https://dle.rae.es/%C3%A9tnico#H4nrheQ","",""
"prototipo","sustantivo","prototipo","https://dle.rae.es/prototipo#UTAcBkl","",""
"sobresalir","verbo","sobresalir","https://dle.rae.es/sobresalir#Y9q0NmN","0","salir"
"congelar","verbo","congelar","https://dle.rae.es/congelar#AI4Ecjc","0",""
"imaginario","sustantivo","imaginario","https://dle.rae.es/imaginario#L0FsQnh","",""
"ensayar","verbo","ensayar","https://dle.rae.es/ensayar#FcVZDQz","0",""
"apartar","verbo","apartar","https://dle.rae.es/apartar#35yJCXM","0",""
"prisionero","sustantivo","prisionero","https://dle.rae.es/prisionero#UCr7wbd","",""
"tardío","adjetivo","tardío","https://dle.rae.es/tard%C3%ADo#ZBwZneV","",""
"sutil","adjetivo","sutil","https://dle.rae.es/sutil#YqUtnyM","",""
"estructurar","verbo","estructurar","https://dle.rae.es/estructurar#H17Hrev","0",""
"atletismo","sustantivo","atletismo","https://dle.rae.es/atletismo#4GSaltU","",""
"relevo","sustantivo","relevo","https://dle.rae.es/relevo#Vq3unji","",""
"sobrar","verbo","sobrar","https://dle.rae.es/sobrar#Y5fMg13","0",""
"sostenibilidad","sustantivo","sostenibilidad","https://dle.rae.es/sostenibilidad#YSBUHGb","",""
"hueco","sustantivo","hueco","https://dle.rae.es/hueco#Kknu99C","",""
"pabellón","sustantivo","pabellón","https://dle.rae.es/pabell%C3%B3n#RNnRSIy","",""
"contradictorio","adjetivo","contradictorio","https://dle.rae.es/contradictorio#AYCec8T","",""
"sierra","sustantivo","sierra","https://dle.rae.es/sierra#Xq4o7NI","",""
"aportación","sustantivo","aportación","https://dle.rae.es/aportaci%C3%B3n#3G0tUsC","",""
"supervisar","verbo","supervisar","https://dle.rae.es/supervisar#YlD9xs3","0",""
"bancada","sustantivo","bancada","https://dle.rae.es/bancada#4wS6OoK","",""
"maltrato","sustantivo","maltrato","https://dle.rae.es/maltrato#O4ul5jP","",""
"suelto","adjetivo","suelto","https://dle.rae.es/suelto#YeEnAiT","",""
"trascendencia","sustantivo","trascendencia","https://dle.rae.es/trascendencia#aPQgFGs","",""
"noble","adjetivo","noble","https://dle.rae.es/noble#QXmgzdH","",""
"preso","adjetivo","preso","https://dle.rae.es/preso#U6lBSem","",""
"reproductivo","adjetivo","reproductivo","https://dle.rae.es/reproductivo#W5JAvKf","",""
"guitarrista","sustantivo","guitarrista","https://dle.rae.es/guitarrista#JsF8FN4","",""
"cuartel","sustantivo","cuartel","https://dle.rae.es/cuartel#BT1Y4My","",""
"inyección","sustantivo","inyección","https://dle.rae.es/inyecci%C3%B3n#M4zAz0y","",""
"repleto","adjetivo","repleto","https://dle.rae.es/repleto#W2l41HN","",""
"retroceso","sustantivo","retroceso","https://dle.rae.es/retroceso#WKpBrI5","",""
"iraní","adjetivo","iraní","https://dle.rae.es/iran%C3%AD#M60lhy0","",""
"innecesario","adjetivo","innecesario","https://dle.rae.es/innecesario#LgghTjx","",""
"concurrir","verbo","concurrir","https://dle.rae.es/concurrir#AAoSf8T","0",""
"agradecimiento","sustantivo","agradecimiento","https://dle.rae.es/agradecimiento#17m9nxT","",""
"acuático","adjetivo","acuático","https://dle.rae.es/acu%C3%A1tico#0eFCU2W","",""
"frontal","adjetivo","frontal","https://dle.rae.es/frontal#IW9jtUd","",""
"adolescente","adjetivo","adolescente","https://dle.rae.es/adolescente#0nrRMdF","",""
"comedor","sustantivo","comedor","https://dle.rae.es/comedor#9udTmGl","",""
"abundancia","sustantivo","abundancia","https://dle.rae.es/abundancia#0DqiQZC","",""
"antena","sustantivo","antena","https://dle.rae.es/antena#2nDA16f","",""
"remarcar","verbo","remarcar","https://dle.rae.es/remarcar#VsBVsOe","0",""
"legitimidad","sustantivo","legitimidad","https://dle.rae.es/legitimidad#N55v3yM","",""
"maestría","sustantivo","maestría","https://dle.rae.es/maestr%C3%ADa#Ns4bORB","",""
"estatus","sustantivo","estatus","https://dle.rae.es/estatus#Go4WKfK","",""
"almacén","sustantivo","almacén","https://dle.rae.es/almac%C3%A9n#1vf0EDz","",""
"alcohólico","adjetivo","alcohólico","https://dle.rae.es/alcoh%C3%B3lico#1e70kUE","",""
"celeste","adjetivo","celeste","https://dle.rae.es/celeste#89GUuzE","",""
"ligeramente","adverbio","ligeramente","https://dle.rae.es/ligeramente#NIURLQa","",""
"parado","adjetivo","parado","https://dle.rae.es/parado#RpbTVdu","",""
"pariente","sustantivo","pariente","https://dle.rae.es/pariente#RwLAmmj","",""
"relajar","verbo","relajar","https://dle.rae.es/relajar#Voxs1ps","0",""
"predio","sustantivo","predio","https://dle.rae.es/predio#TxshtOI","",""
"sentimental","adjetivo","sentimental","https://dle.rae.es/sentimental#XbMlBoR","",""
"madrileño","adjetivo","madrileño","https://dle.rae.es/madrile%C3%B1o#NqTfYnY","",""
"nutrir","verbo","nutrir","https://dle.rae.es/nutrir#Qjo25iP","0",""
"gestor","sustantivo","gestor","https://dle.rae.es/gestor#JARLACS","",""
"obrero","adjetivo","obrero","https://dle.rae.es/obrero#QoFiW4Z","",""
"lote","sustantivo","lote","https://dle.rae.es/lote#NcwWadb","",""
"sabiduría","sustantivo","sabiduría","https://dle.rae.es/sabidur%C3%ADa#WtBahTM","",""
"reanudar","verbo","reanudar","https://dle.rae.es/reanudar#VHq0Zj1","0",""
"rebelde","adjetivo","rebelde","https://dle.rae.es/rebelde#VJm9hUF","",""
"cocinero","sustantivo","cocinero","https://dle.rae.es/cocinero#9azOLy2","",""
"riego","sustantivo","riego","https://dle.rae.es/riego#WSy5UmJ","",""
"desbordar","verbo","desbordar","https://dle.rae.es/desbordar#CYtLV69","0",""
"negativa","sustantivo","negativa","https://dle.rae.es/negativo#QM8mhzM","",""
"aislar","verbo","aislar","https://dle.rae.es/aislar#1LaK9Ob","1",""
"pionero","sustantivo","pionero","https://dle.rae.es/pionero#T70rEMz","",""
"riñón","sustantivo","riñón","https://dle.rae.es/ri%C3%B1%C3%B3n#WUplJtw","",""
"desconfianza","sustantivo","desconfianza","https://dle.rae.es/desconfianza#Chhmuod","",""
"australiano","adjetivo","australiano","https://dle.rae.es/australiano#4QKz0m1","",""
"precioso","adjetivo","precioso","https://dle.rae.es/precioso#TvoB7yQ","",""
"adiós","sustantivo","adiós","https://dle.rae.es/adi%C3%B3s#0kwdieW","",""
"internar","verbo","internar","https://dle.rae.es/internar#Lvqo2W1","0",""
"dictamen","sustantivo","dictamen","https://dle.rae.es/dictamen#DhAstFb","",""
"niñez","sustantivo","niñez","https://dle.rae.es/ni%C3%B1ez#QW1nBSu","",""
"húmedo","adjetivo","húmedo","https://dle.rae.es/h%C3%BAmedo#KoINmJk","",""
"influyente","adjetivo","influyente","https://dle.rae.es/influyente#LXnGRd2","",""
"león","sustantivo","león","https://dle.rae.es/le%C3%B3n#N8kxj1H","",""
"constancia","sustantivo","constancia","https://dle.rae.es/constancia#AQvqeQp","",""
"afección","sustantivo","afección","https://dle.rae.es/afecci%C3%B3n#0w6yMWv","",""
"coherente","adjetivo","coherente","https://dle.rae.es/coherente#9glGzPF","",""
"recopilar","verbo","recopilar","https://dle.rae.es/recopilar#VUt2MI5","0",""
"camioneta","sustantivo","camioneta","https://dle.rae.es/camioneta#6y5J8Ha","",""
"literalmente","adverbio","literalmente","https://dle.rae.es/literalmente#NQxxfQB","",""
"insulina","sustantivo","insulina","https://dle.rae.es/insulina#LouKPtF","",""
"exquisito","adjetivo","exquisito","https://dle.rae.es/exquisito#HLo5xx8","",""
"sobrino","sustantivo","sobrino","https://dle.rae.es/sobrino#YB8OOWc","",""
"milímetro","sustantivo","milímetro","https://dle.rae.es/mil%C3%ADmetro#PFennJb","",""
"callejero","adjetivo","callejero","https://dle.rae.es/callejero#6ps4wih","",""
"flora","sustantivo","flora","https://dle.rae.es/flora#I6Rqxk5","",""
"atómico","adjetivo","atómico","https://dle.rae.es/at%C3%B3mico#4HYue4W","",""
"himno","sustantivo","himno","https://dle.rae.es/himno#KPONSeO","",""
"crío","sustantivo","crío","https://dle.rae.es/cr%C3%ADo#BH2HM3l","",""
"consigna","sustantivo","consigna","https://dle.rae.es/consigna#APqs95n","",""
"camisa","sustantivo","camisa","https://dle.rae.es/camisa#6y9BGAI","",""
"visualizar","verbo","visualizar","https://dle.rae.es/visualizar#bwBHZTh","0",""
"callar","verbo","callar","https://dle.rae.es/callar#6pebbaT","0",""
"finalista","sustantivo","finalista","https://dle.rae.es/finalista#HxKMNjl","",""
"beso","sustantivo","beso","https://dle.rae.es/beso#5PQqqPX","",""
"freír","verbo","freír","https://dle.rae.es/fre%C3%ADr#IRkiFdF","0","sonreír"
"mejoramiento","sustantivo","mejoramiento","https://dle.rae.es/mejoramiento#Onnnuzk","",""
"vegetal","sustantivo","vegetal","https://dle.rae.es/vegetal#bR5GNTb","",""
"cansado","adjetivo","cansado","https://dle.rae.es/cansado#7AahQRP","",""
"alquiler","sustantivo","alquiler","https://dle.rae.es/alquiler#25FIo2f","",""
"dramaturgo","sustantivo","dramaturgo","https://dle.rae.es/dramaturgo#EBwciNw","",""
"ordenamiento","sustantivo","ordenamiento","https://dle.rae.es/ordenamiento#R9dPXeg","",""
"honesto","adjetivo","honesto","https://dle.rae.es/honesto#Kd3KFyg","",""
"rastro","sustantivo","rastro","https://dle.rae.es/rastro#VDJ36Uv","",""
"réplica","sustantivo","réplica","https://dle.rae.es/r%C3%A9plica#W2lT8A1","",""
"confirmación","sustantivo","confirmación","https://dle.rae.es/confirmaci%C3%B3n#AFeINKJ","",""
"precario","adjetivo","precario","https://dle.rae.es/precario#TugBCej","",""
"emotivo","adjetivo","emotivo","https://dle.rae.es/emotivo#EjtY5y4","",""
"decoración","sustantivo","decoración","https://dle.rae.es/decoraci%C3%B3n#ByaFAHG","",""
"cueva","sustantivo","cueva","https://dle.rae.es/cueva#BbKd0YD","",""
"sinfónico","adjetivo","sinfónico","https://dle.rae.es/sinf%C3%B3nico#XyJifhc","",""
"lateral","adjetivo","lateral","https://dle.rae.es/lateral#My8kWoh","",""
"beneficioso","adjetivo","beneficioso","https://dle.rae.es/beneficioso#5LgKJn8","",""
"capacitar","verbo","capacitar","https://dle.rae.es/capacitar#7HbGYPr","0",""
"custodio","sustantivo","custodio","https://dle.rae.es/custodio#BmTbFR0","",""
"embarazado","adjetivo","embarazado","https://dle.rae.es/embarazado#EaZb3pT","",""
"fascinante","adjetivo","fascinante","https://dle.rae.es/fascinante#HevNwv7","",""
"autonómico","adjetivo","autonómico","https://dle.rae.es/auton%C3%B3mico#4Tufykg","",""
"republicano","sustantivo","republicano","https://dle.rae.es/republicano#W5kkZpp","",""
"filtrar","verbo","filtrar","https://dle.rae.es/filtrar#HwmNl7D","0",""
"lapso","sustantivo","lapso","https://dle.rae.es/lapso#MvecrrA","",""
"abierto","sustantivo","abierto","https://dle.rae.es/abierto#05NHYpw","",""
"empeorar","verbo","empeorar","https://dle.rae.es/empeorar#Eoqc27x","0",""
"asimilar","verbo","asimilar","https://dle.rae.es/asimilar#40I3nc4","0",""
"inestabilidad","sustantivo","inestabilidad","https://dle.rae.es/inestabilidad#LTEyVmj","",""
"imposición","sustantivo","imposición","https://dle.rae.es/imposici%C3%B3n#L5nDVC2","",""
"microorganismo","sustantivo","microorganismo","https://dle.rae.es/microorganismo#PCVxpdT","",""
"sucesión","sustantivo","sucesión","https://dle.rae.es/sucesi%C3%B3n#Yc72NJZ","",""
"puesto","adjetivo","puesto","https://dle.rae.es/puesto#Ub1yygM","",""
"notorio","adjetivo","notorio","https://dle.rae.es/notorio#QeqV7rN","",""
"arteria","sustantivo","arteria","https://dle.rae.es/arteria#3qKa7My","",""
"afectivo","adjetivo","afectivo","https://dle.rae.es/afectivo#0wDTSIp","",""
"mejoría","sustantivo","mejoría","https://dle.rae.es/mejor%C3%ADa#Onu2nRH","",""
"fluir","verbo","fluir","https://dle.rae.es/fluir#I8FUF7L","0","construir"
"contrarrestar","verbo","contrarrestar","https://dle.rae.es/contrarrestar#Ace01PD","0",""
"indemnización","sustantivo","indemnización","https://dle.rae.es/indemnizaci%C3%B3n#LMqytRX","",""
"luminoso","adjetivo","luminoso","https://dle.rae.es/luminoso#NhoAd6F","",""
"amable","adjetivo","amable","https://dle.rae.es/amable#2BB3iz1","",""
"insuficiencia","sustantivo","insuficiencia","https://dle.rae.es/insuficiencia#LoaKTgZ","",""
"primordial","adjetivo","primordial","https://dle.rae.es/primordial#UBaVKM7","",""
"lobo","sustantivo","lobo","https://dle.rae.es/lobo#NXSPngL","",""
"pulso","sustantivo","pulso","https://dle.rae.es/pulso#UdrWcWZ","",""
"amo","sustantivo","amo","https://dle.rae.es/amo#2ND9BMI","",""
"hidrocarburo","sustantivo","hidrocarburo","https://dle.rae.es/hidrocarburo#KJuagFW","",""
"intensificar","verbo","intensificar","https://dle.rae.es/intensificar#LrzB3mf","0",""
"respetuoso","adjetivo","respetuoso","https://dle.rae.es/respetuoso#WCAw60i","",""
"reivindicación","sustantivo","reivindicación","https://dle.rae.es/reivindicaci%C3%B3n#VnTSjqJ","",""
"casero","adjetivo","casero","https://dle.rae.es/casero#7oNbEls","",""
"matrícula","sustantivo","matrícula","https://dle.rae.es/matr%C3%ADcula#Od8n0aF","",""
"emocionante","adjetivo","emocionante","https://dle.rae.es/emocionante#EjfXqV0","",""
"edificación","sustantivo","edificación","https://dle.rae.es/edificaci%C3%B3n#ENUhvPS","",""
"intacto","adjetivo","intacto","https://dle.rae.es/intacto#LpqnW2r","",""
"didáctico","adjetivo","didáctico","https://dle.rae.es/did%C3%A1ctico#DhRTzsG","",""
"materializar","verbo","materializar","https://dle.rae.es/materializar#Obazh8P","0",""
"mascota","sustantivo","mascota","https://dle.rae.es/mascota#OWl1ptF","",""
"donante","sustantivo","donante","https://dle.rae.es/donante#E7upZs7","",""
"justificación","sustantivo","justificación","https://dle.rae.es/justificaci%C3%B3n#Mf0cynU","",""
"colapso","sustantivo","colapso","https://dle.rae.es/colapso#9jokwyF","",""
"viudo","sustantivo","viudo","https://dle.rae.es/viudo#bxWB9E2","",""
"llover","verbo","llover","https://dle.rae.es/llover#NWQcxLK","0","mover"
"inyectar","verbo","inyectar","https://dle.rae.es/inyectar#M51A2cJ","0",""
"aplicado","adjetivo","aplicado","https://dle.rae.es/aplicado#3Chw0Ki","",""
"aliento","sustantivo","aliento","https://dle.rae.es/aliento#1qp7AGy","",""
"inadecuado","adjetivo","inadecuado","https://dle.rae.es/inadecuado#LASTKjx","",""
"prematuro","adjetivo","prematuro","https://dle.rae.es/prematuro#U0yTWT3","",""
"empeño","sustantivo","empeño","https://dle.rae.es/empe%C3%B1o#Eol9tkK","",""
"delictivo","adjetivo","delictivo","https://dle.rae.es/delictivo#C7ZorYk","",""
"incierto","adjetivo","incierto","https://dle.rae.es/incierto#LENwC13","",""
"inalámbrico","adjetivo","inalámbrico","https://dle.rae.es/inal%C3%A1mbrico#LAi5Jpk","",""
"rotación","sustantivo","rotación","https://dle.rae.es/rotaci%C3%B3n#WjxaTqk","",""
"abrazo","sustantivo","abrazo","https://dle.rae.es/abrazo#0ARnX2o","",""
"oso","sustantivo","oso","https://dle.rae.es/oso#RIMX9x1","",""
"formalmente","adverbio","formalmente","https://dle.rae.es/formalmente#IFBseXY","",""
"silencioso","adjetivo","silencioso","https://dle.rae.es/silencioso#XsiPaoz","",""
"disolver","verbo","disolver","https://dle.rae.es/disolver#DwSXuKz","0","mover"
"bondad","sustantivo","bondad","https://dle.rae.es/bondad#5qZYqEv","",""
"arrestar","verbo","arrestar","https://dle.rae.es/arrestar#3jkMjo3","0",""
"explosivo","adjetivo","explosivo","https://dle.rae.es/explosivo#HKAPnME","",""
"graso","adjetivo","graso","https://dle.rae.es/graso#JUYsG4n","",""
"intestinal","adjetivo","intestinal","https://dle.rae.es/intestinal#Lxt0bXm","",""
"fallido","adjetivo","fallido","https://dle.rae.es/fallido#HY4bVg2","",""
"demorar","verbo","demorar","https://dle.rae.es/demorar#CAaGKSW","0",""
"oración","sustantivo","oración","https://dle.rae.es/oraci%C3%B3n#R8LGdYW","",""
"subsecretario","sustantivo","subsecretario","https://dle.rae.es/subsecretario#YZLIQju","",""
"impecable","adjetivo","impecable","https://dle.rae.es/impecable#L2Pl1to","",""
"pactar","verbo","pactar","https://dle.rae.es/pactar#RQK3Byx","0",""
"arrasar","verbo","arrasar","https://dle.rae.es/arrasar#3fnPoYZ","0",""
"adentrarse","verbo","adentrarse","https://dle.rae.es/adentrarse#0jHmsrA","0",""
"inmerso","adjetivo","inmerso","https://dle.rae.es/inmerso#LeZAIC6","",""
"corroborar","verbo","corroborar","https://dle.rae.es/corroborar#AzslwhW","0",""
"cuero","sustantivo","cuero","https://dle.rae.es/cuero#BalPkBQ","",""
"infante","sustantivo","infante","https://dle.rae.es/infante#LUdK633","",""
"antología","sustantivo","antología","https://dle.rae.es/antolog%C3%ADa#2xemoYX","",""
"neurona","sustantivo","neurona","https://dle.rae.es/neurona#QSKOFBH","",""
"vasto","adjetivo","vasto","https://dle.rae.es/vasto#bPR4wg1","",""
"interamericano","adjetivo","interamericano","https://dle.rae.es/interamericano#LsIwEH0","",""
"marginal","adjetivo","marginal","https://dle.rae.es/marginal#OOhGuFX","",""
"genial","adjetivo","genial","https://dle.rae.es/genial#J4mAdXZ","",""
"indio","adjetivo","indio","https://dle.rae.es/indio#LOv7pQg","",""
"labio","sustantivo","labio","https://dle.rae.es/labio#MiwjtI8","",""
"protector","adjetivo","protector","https://dle.rae.es/protector#URXJmlR","",""
"plaga","sustantivo","plaga","https://dle.rae.es/plaga#TIW9QYM","",""
"considerablemente","adverbio","considerablemente","https://dle.rae.es/considerablemente#APfSq5Q","",""
"biólogo","sustantivo","biólogo","https://dle.rae.es/bi%C3%B3logo#5YnN4d9","",""
"viral","adjetivo","viral","https://dle.rae.es/viral#bsOJzwx","",""
"inútil","adjetivo","inútil","https://dle.rae.es/in%C3%BAtil#M1HoNHK","",""
"monarca","sustantivo","monarca","https://dle.rae.es/monarca#PcPxbzL","",""
"milla","sustantivo","milla","https://dle.rae.es/milla#PFzx5LA","",""
"elemental","adjetivo","elemental","https://dle.rae.es/elemental#EWohvbV","",""
"almuerzo","sustantivo","almuerzo","https://dle.rae.es/almuerzo#21aDBf2","",""
"enseguida","adverbio","enseguida","https://dle.rae.es/enseguida#FcokwxD","",""
"taquilla","sustantivo","taquilla","https://dle.rae.es/taquilla#Z9XbI65","",""
"residencial","adjetivo","residencial","https://dle.rae.es/residencial#W9kgBZj","",""
"directorio","sustantivo","directorio","https://dle.rae.es/directorio#DrAD3q4","",""
"encanto","sustantivo","encanto","https://dle.rae.es/encanto#Ez42gve","",""
"ferrocarril","sustantivo","ferrocarril","https://dle.rae.es/ferrocarril#HnmdJ5y","",""
"imposibilidad","sustantivo","imposibilidad","https://dle.rae.es/imposibilidad#L5eUJSJ","",""
"cotizar","verbo","cotizar","https://dle.rae.es/cotizar#B9LCbN9","0",""
"subjetivo","adjetivo","subjetivo","https://dle.rae.es/subjetivo#YXhQdva","",""
"acento","sustantivo","acento","https://dle.rae.es/acento#0NDBxAs","",""
"dengue","sustantivo","dengue","https://dle.rae.es/dengue#CBYWJWJ","",""
"reestructuración","sustantivo","reestructuración","https://dle.rae.es/reestructuraci%C3%B3n#VbhGt7L","",""
"bienvenida","sustantivo","bienvenida","https://dle.rae.es/bienvenido#5UZdHa0","",""
"desaparecido","adjetivo","desaparecido","https://dle.rae.es/desaparecido#CRW5lsR","",""
"antropología","sustantivo","antropología","https://dle.rae.es/antropolog%C3%ADa#2yUcTx3","",""
"oriente","sustantivo","oriente","https://dle.rae.es/oriente#RCmZbMf","",""
"campesino","adjetivo","campesino","https://dle.rae.es/campesino#70abFlP","",""
"cruel","adjetivo","cruel","https://dle.rae.es/cruel#BNYpgnN","",""
"acelerado","adjetivo","acelerado","https://dle.rae.es/acelerado#0ML449V","",""
"enfermería","sustantivo","enfermería","https://dle.rae.es/enfermer%C3%ADa#FHC0ymq","",""
"interrupción","sustantivo","interrupción","https://dle.rae.es/interrupci%C3%B3n#Lx1kOHx","",""
"estereotipo","sustantivo","estereotipo","https://dle.rae.es/estereotipo#GqSjqfE","",""
"arresto","sustantivo","arresto","https://dle.rae.es/arresto#3jlJzMz","",""
"clandestino","adjetivo","clandestino","https://dle.rae.es/clandestino#9OqKyBG","",""
"tramitar","verbo","tramitar","https://dle.rae.es/tramitar#aGN3Brp","0",""
"discreto","adjetivo","discreto","https://dle.rae.es/discreto#Dt8QXrV","",""
"aldea","sustantivo","aldea","https://dle.rae.es/aldea#1fOp9Vn","",""
"pistola","sustantivo","pistola","https://dle.rae.es/pistola#TDlEzRN","",""
"derribar","verbo","derribar","https://dle.rae.es/derribar#CJ3Oh4u","0",""
"maternidad","sustantivo","maternidad","https://dle.rae.es/maternidad#ObhmSF0","",""
"libremente","adverbio","libremente","https://dle.rae.es/libremente#NFfgZN8","",""
"pasivo","adjetivo","pasivo","https://dle.rae.es/pasivo#S4XELSy","",""
"trigo","sustantivo","trigo","https://dle.rae.es/trigo#adv7pAJ","",""
"periódico","adjetivo","periódico","https://dle.rae.es/peri%C3%B3dico#SdLXckw","",""
"trozo","sustantivo","trozo","https://dle.rae.es/trozo#apBLTNd","",""
"copiar","verbo","copiar","https://dle.rae.es/copiar#AktR1t9","0","anunciar"
"despegar","verbo","despegar","https://dle.rae.es/despegar#DJLkLTZ","0",""
"cemento","sustantivo","cemento","https://dle.rae.es/cemento#8BnUpoo","",""
"feo","adjetivo","feo","https://dle.rae.es/feo#HlTPxWF","",""
"fundamentar","verbo","fundamentar","https://dle.rae.es/fundamentar#IbvELvH","0",""
"localización","sustantivo","localización","https://dle.rae.es/localizaci%C3%B3n#NXkXQYz","",""
"centroamericano","adjetivo","centroamericano","https://dle.rae.es/centroamericano#8GcpoJ2","",""
"divulgación","sustantivo","divulgación","https://dle.rae.es/divulgaci%C3%B3n#E1oYHqF","",""
"feminista","adjetivo","feminista","https://dle.rae.es/feminista#HjxPtJM","",""
"equilibrado","adjetivo","equilibrado","https://dle.rae.es/equilibrado#FzXEZh7","",""
"levantamiento","sustantivo","levantamiento","https://dle.rae.es/levantamiento#NCF4Lbv","",""
"habla","sustantivo","habla","https://dle.rae.es/habla#JvnVDMt","",""
"forzado","adjetivo","forzado","https://dle.rae.es/forzado#IHfOHSv","",""
"difícilmente","adverbio","difícilmente","https://dle.rae.es/dif%C3%ADcilmente#Djoi8k4","",""
"incursión","sustantivo","incursión","https://dle.rae.es/incursi%C3%B3n#LLPQXUa","",""
"pronosticar","verbo","pronosticar","https://dle.rae.es/pronosticar#UMTuWum","0",""
"estándar","adjetivo","estándar","https://dle.rae.es/est%C3%A1ndar#GltBvT9","",""
"matriz","sustantivo","matriz","https://dle.rae.es/matriz#OdYpUcZ","",""
"particularidad","sustantivo","particularidad","https://dle.rae.es/particularidad#S0KodPa","",""
"paradoja","sustantivo","paradoja","https://dle.rae.es/paradojo#Rplrgi1","",""
"divorcio","sustantivo","divorcio","https://dle.rae.es/divorcio#E1oSMMH","",""
"exento","adjetivo","exento","https://dle.rae.es/exento#HEIB8bu","",""
"inusual","adjetivo","inusual","https://dle.rae.es/inusual#M1EqUEs","",""
"lentamente","adverbio","lentamente","https://dle.rae.es/lentamente#N7nieFt","",""
"gestación","sustantivo","gestación","https://dle.rae.es/gestaci%C3%B3n#J9v9ovs","",""
"franco","adjetivo","franco","https://dle.rae.es/franco#IOPRUrf","",""
"prevalecer","verbo","prevalecer","https://dle.rae.es/prevalecer#U8vIGUz","0","agradecer"
"patrimonial","adjetivo","patrimonial","https://dle.rae.es/patrimonial#SBKRsue","",""
"acomodar","verbo","acomodar","https://dle.rae.es/acomodar#0XLBhoB","0",""
"incurrir","verbo","incurrir","https://dle.rae.es/incurrir#LLMPyAG","0",""
"quebrar","verbo","quebrar","https://dle.rae.es/quebrar#UlGmeOB","0","acertar"
"siquiera","adverbio","siquiera","https://dle.rae.es/siquiera#Y0gIPHg","",""
"coreografía","sustantivo","coreografía","https://dle.rae.es/coreograf%C3%ADa#As8Dj6e","",""
"legalidad","sustantivo","legalidad","https://dle.rae.es/legalidad#N40kRtA","",""
"recolección","sustantivo","recolección","https://dle.rae.es/recolecci%C3%B3n#VTTzYwy","",""
"catedrático","sustantivo","catedrático","https://dle.rae.es/catedr%C3%A1tico#7w9r7kG","",""
"mediar","verbo","mediar","https://dle.rae.es/mediar#OkLUJV6","0","anunciar"
"aprovechamiento","sustantivo","aprovechamiento","https://dle.rae.es/aprovechamiento#3KF0bDQ","",""
"balanza","sustantivo","balanza","https://dle.rae.es/balanza#4qoI04S","",""
"sueco","adjetivo","sueco","https://dle.rae.es/sueco#YdwQjlX","",""
"chip","sustantivo","chip","https://dle.rae.es/chip#8pzz8q5","",""
"abogar","verbo","abogar","https://dle.rae.es/abogar#07WYZjM","0",""
"canon","sustantivo","canon","https://dle.rae.es/canon#7A4XonT","",""
"asignatura","sustantivo","asignatura","https://dle.rae.es/asignatura#3zpTQdm","",""
"curiosamente","adverbio","curiosamente","https://dle.rae.es/curiosamente#BjpPQ1m","",""
"artesano","sustantivo","artesano","https://dle.rae.es/artesano#3qmBVGL","",""
"resonancia","sustantivo","resonancia","https://dle.rae.es/resonancia#WBaq6bU","",""
"edil","sustantivo","edil","https://dle.rae.es/edil#ENaFYmj","",""
"tentación","sustantivo","tentación","https://dle.rae.es/tentaci%C3%B3n#ZTyTfx0","",""
"autoestima","sustantivo","autoestima","https://dle.rae.es/autoestima#4SXaTku","",""
"restablecer","verbo","restablecer","https://dle.rae.es/restablecer#WDnalAF","0","agradecer"
"cupo","sustantivo","cupo","https://dle.rae.es/cupo#BheESQ6","",""
"vapor","sustantivo","vapor","https://dle.rae.es/vapor#bLRtqEe","",""
"estrictamente","adverbio","estrictamente","https://dle.rae.es/estrictamente#Gzi1Rjm","",""
"alargar","verbo","alargar","https://dle.rae.es/alargar#1T4oWSb","0",""
"musulmán","adjetivo","musulmán","https://dle.rae.es/musulm%C3%A1n#Q9uCCDI","",""
"sencillamente","adverbio","sencillamente","https://dle.rae.es/sencillamente#XZBYybb","",""
"caña","sustantivo","caña","https://dle.rae.es/ca%C3%B1a#7E5tpxx","",""
"inaugural","adjetivo","inaugural","https://dle.rae.es/inaugural#LCAUsL7","",""
"constructivo","adjetivo","constructivo","https://dle.rae.es/constructivo#AS5TYE1","",""
"crucero","sustantivo","crucero","https://dle.rae.es/crucero#BMtZrlD","",""
"delicioso","adjetivo","delicioso","https://dle.rae.es/delicioso#C7Z8O1t","",""
"regulador","adjetivo","regulador","https://dle.rae.es/regulador#VkK8wEt","",""
"futbolístico","adjetivo","futbolístico","https://dle.rae.es/futbol%C3%ADstico#Iex1Chl","",""
"disculpa","sustantivo","disculpa","https://dle.rae.es/disculpa#DtQINm1","",""
"seducir","verbo","seducir","https://dle.rae.es/seducir#XRdK7Je","0","conducir"
"complicidad","sustantivo","complicidad","https://dle.rae.es/complicidad#A1mLuQi","",""
"soviético","adjetivo","soviético","https://dle.rae.es/sovi%C3%A9tico#YTh0JpW","",""
"láser","sustantivo","láser","https://dle.rae.es/l%C3%A1ser#MxT0wrP","",""
"inmune","adjetivo","inmune","https://dle.rae.es/inmune#Lg0UNgm","",""
"abusar","verbo","abusar","https://dle.rae.es/abusar#0EUOgTV","0",""
"usado","adjetivo","usado","https://dle.rae.es/usado#bAyL3BG","",""
"sorteo","sustantivo","sorteo","https://dle.rae.es/sorteo#YQuBzo8","",""
"proliferación","sustantivo","proliferación","https://dle.rae.es/proliferaci%C3%B3n#UKoiVaK","",""
"micrófono","sustantivo","micrófono","https://dle.rae.es/micr%C3%B3fono#PCEo6en","",""
"bienal","sustantivo","bienal","https://dle.rae.es/bienal#5TnA3VO","",""
"abastecimiento","sustantivo","abastecimiento","https://dle.rae.es/abastecimiento#03eFnHY","",""
"posar","verbo","posar","https://dle.rae.es/posar#TmMR2xL","0",""
"oler","verbo","oler","https://dle.rae.es/oler#QzRk6op","1",""
"asir","verbo","asir","https://dle.rae.es/asir#40vmQ44","1",""
"adecuar","verbo","adecuar","https://dle.rae.es/adecuar#0iArrmH","0","averiguar,actuar"
"averiguar","verbo","averiguar","https://dle.rae.es/averiguar#4YhEiRc","1",""
"bendecir","verbo","bendecir","https://dle.rae.es/bendecir#5LQ5waj","1",""
"complacer","verbo","complacer","https://dle.rae.es/complacer#A1Ai9UR","0","placer"
"pudrir","verbo","pudrir","https://dle.rae.es/pudrir#UZZFSf5","1",""
"yacer","verbo","yacer","https://dle.rae.es/yacer#c8Ud9rf","1",""
"erguir","verbo","erguir","https://dle.rae.es/erguir#G1yiQ7M","1",""
"aunar","verbo","aunar","https://dle.rae.es/aunar#4Ofa3Xz","1",""
"rehusar","verbo","rehusar","https://dle.rae.es/rehusar#VlsvJlD","1",""
"errar","verbo","errar","https://dle.rae.es/errar#G3m4kmO","1",""
"engullir","verbo","engullir","https://dle.rae.es/engullir#FQIli7U","0","mullir"
"discernir","verbo","discernir","https://dle.rae.es/discernir#DsDPysR","1",""
"gruñir","verbo","gruñir","https://dle.rae.es/gru%C3%B1ir#JaXzBmc","0","mullir"
"endeudarse","verbo","endeudar","https://dle.rae.es/endeudar#FCm0mlz","0","adeudar"
"endeudar","verbo","endeudar","https://dle.rae.es/endeudar#FCm0mlz","0","adeudar"
"delinquir","verbo","delinquir","https://dle.rae.es/delinquir#C7ugVKt","0",""
"argüir","verbo","argüir","https://dle.rae.es/arg%C3%BCir#3XwZIvj","0","construir"
"reñir","verbo","reñir","https://dle.rae.es/re%C3%B1ir#VzEY0up","0","ceñir"
"corroer","verbo","corroer","https://dle.rae.es/corroer#AzyCAdn","0","roer"
"tañer","verbo","tañer","https://dle.rae.es/ta%C3%B1er#Z6Fl4FK","1",""
"prohijar","verbo","prohijar","https://dle.rae.es/prohijar#UKLoiTt","1",""
"raer","verbo","raer","https://dle.rae.es/raer#V3cEQxK","1",""
"europeizar","verbo","europeizar","https://dle.rae.es/europeizar#H7D9toQ","0","descafeinar"
"peinar","verbo","peinar","https://dle.rae.es/peinar#SLj3fSm","1",""
"descafeinar","verbo","descafeinar","https://dle.rae.es/descafeinar#CaQ0SD2","1",""
"adeudar","verbo","adeudar","https://dle.rae.es/adeudar#0jYLQPP","1",""
"acertar","verbo","acertar","https://dle.rae.es/acertar#0ON9qHj","1",""
"ceñir","verbo","ceñir","https://dle.rae.es/ce%C3%B1ir#8HT876H","1",""
"mullir","verbo","mullir","https://dle.rae.es/mullir#Q3XgN4J","1",""
"roer","verbo","roer","https://dle.rae.es/roer#WcKJSzL","1",""
"placer","verbo","placer","https://dle.rae.es/placer#TI8zBnI","1",""
